발생년,발생년월일,주야,요일,사망자수,사상자수,중상자수,경상자수,부상신고자,발생지시도,발생지시군,사고유형_,사고유형__1,사고유형,법규위반,도로형태_,도로형태,가해자_당,피해자_당,발생위치X_,발생위치Y_,경도,위도,시설종류,대상시설명,소재지도로,소재지지번,위도_2,경도_2,관리기관명,관할경찰서,CCTV설치여,CCTV설치대,보호구역도,데이터기준,제공기관코,제공기관명,옐로카펫_,보호구역_,평균기온(℃),최저기온(℃),최고기온(℃),강수량(mm),옐로카펫_설치유무
2017,20170101,야간,일,1,1,0,0,0,서울,금천구,차대사람,기타,기타,안전운전 의무 불이행,단일로,기타단일로,승용차,보행자,946778,1941695,126.8980936,37.47294629,초등학교,문성초등학교,서울특별시 금천구 시흥대로 460,서울특별시 금천구 독산동 982,37.47491168,126.899464,서울특별시 금천구청,금천경찰서,Y,1.0,4~10,2020/02/20,3170000,서울특별시 금천구,0,96,2.7,-1.6,6.9,,0
2017,20170102,야간,월,1,1,0,0,0,서울,은평구,차대사람,횡단중,횡단중,보행자 보호의무 위반,교차로,교차로내,승용차,보행자,948413,1957900,126.915444,37.61909675,유치원,성균관(갈현초교 중복),서울특별시 은평구 연서로27길 23,서울특별시 은평구 연서로27길 23,37.6183134,126.9169211,서울특별시 은평구,은평경찰서,Y,1.0,4,2019/07/31,3110000,서울특별시 은평구,0,95,5.0,1.8,9.2,0.3,0
2017,20170102,야간,월,1,1,0,0,0,서울,은평구,차대사람,횡단중,횡단중,보행자 보호의무 위반,교차로,교차로내,승용차,보행자,948413,1957900,126.915444,37.61909675,초등학교,갈현초등,서울특별시 은평구 연서로29길 31,서울특별시 은평구 연서로29길 31,37.6192867,126.9166431,서울특별시 은평구,은평경찰서,Y,5.0,4,2019/07/31,3110000,서울특별시 은평구,0,95,5.0,1.8,9.2,0.3,0
2017,20170102,야간,월,1,1,0,0,0,서울,은평구,차대사람,횡단중,횡단중,보행자 보호의무 위반,교차로,교차로내,승용차,보행자,948413,1957900,126.915444,37.61909675,초등학교,선일초등,서울특별시 은평구 갈현로29길 27,서울특별시 은평구 갈현로29길 27,37.619722,126.9126173,서울특별시 은평구,은평경찰서,Y,7.0,7.5,2019/07/31,3110000,서울특별시 은평구,20170622,95,5.0,1.8,9.2,0.3,0
2017,20170102,주간,월,1,1,0,0,0,서울,영등포구,차량단독,전도전복,전도전복,안전운전 의무 불이행,교차로,교차로내,이륜차,없음,946757,1943309,126.8977393,37.48749238,유치원,영서초병설유치원,서울특별시 구로구 도림로20길 57,,37.48896046,126.8955839,서울특별시 구로구청,구로경찰서,Y,,,2019/10/28,3160000,서울특별시 구로구,0,96,5.0,1.8,9.2,0.3,0
2017,20170102,주간,월,1,1,0,0,0,서울,영등포구,차량단독,전도전복,전도전복,안전운전 의무 불이행,교차로,교차로내,이륜차,없음,946757,1943309,126.8977393,37.48749238,초등학교,영서초등학교,서울특별시 구로구 도림로20길 57,,37.48896046,126.8955839,서울특별시 구로구청,구로경찰서,Y,,,2019/10/28,3160000,서울특별시 구로구,0,96,5.0,1.8,9.2,0.3,0
2017,20170102,주간,월,1,1,0,0,0,서울,광진구,차량단독,공작물충돌,공작물충돌,안전운전 의무 불이행,단일로,기타단일로,승용차,없음,964223,1950661,127.09494309999998,37.55460089,유치원,경원유치원,서울특별시 광진구 영화사로 89,서울특별시 광진구 구의2동 16-10,37.554876,127.093909,서울특별시청,광진경찰서,Y,1.0,,2019/02/20,3040000,서울특별시 광진구,0,10,5.0,1.8,9.2,0.3,0
2017,20170102,주간,월,1,1,0,0,0,서울,광진구,차량단독,공작물충돌,공작물충돌,안전운전 의무 불이행,단일로,기타단일로,승용차,없음,964223,1950661,127.09494309999998,37.55460089,유치원,영화유치원,서울특별시 광진구 영화사로 105,서울특별시 광진구 구의2동 18,37.554126,127.095297,서울특별시청,광진경찰서,Y,1.0,,2019/02/20,3040000,서울특별시 광진구,0,10,5.0,1.8,9.2,0.3,0
2017,20170103,야간,화,1,1,0,0,0,서울,관악구,차대사람,횡단중,횡단중,안전운전 의무 불이행,단일로,기타단일로,화물차,보행자,951809,1942583,126.9549303,37.48122622,초등학교,원당초등학교,서울특별시 관악구 봉천로 505,,37.48127866,126.9562498,서울특별시 관악구청,서울관악경찰서,Y,4.0,6~25,2020/05/31,3200000,서울특별시 관악구,0,95,2.0,-2.3,7.7,,0
2017,20170103,야간,화,1,1,0,0,0,서울,관악구,차대사람,횡단중,횡단중,안전운전 의무 불이행,단일로,기타단일로,화물차,보행자,951809,1942583,126.9549303,37.48122622,유치원,동원유치원,서울특별시 관악구 행운1길 96,,37.48282858,126.9567328,서울특별시 관악구청,서울관악경찰서,Y,1.0,8,2020/05/31,3200000,서울특별시 관악구,0,97,2.0,-2.3,7.7,,0
2017,20170103,야간,화,1,1,0,0,0,서울,관악구,차대사람,횡단중,횡단중,안전운전 의무 불이행,단일로,기타단일로,화물차,보행자,951809,1942583,126.9549303,37.48122622,유치원,원당병설유치원,서울특별시 관악구 봉천로 505,,37.48127866,126.9562498,서울특별시 관악구청,서울관악경찰서,Y,1.0,6~25,2020/05/31,3200000,서울특별시 관악구,0,95,2.0,-2.3,7.7,,0
2017,20170104,주간,수,1,1,0,0,0,서울,중랑구,차대차,정면충돌,정면충돌,안전운전 의무 불이행,교차로,교차로내,자전거,승용차,963459,1955106,127.08607179999998,37.59463510000001,어린이집,삼성어린이집,서울특별시 중랑구 면목로88길 9,서울특별시 중랑구 상봉2동 107-1,37.5941501,127.0869214,서울특별시 중랑구청,중랑경찰서,Y,,,2020/03/04,3060000,서울특별시 중랑구,0,6,3.9,1.0,8.9,,0
2017,20170105,주간,목,1,1,0,0,0,서울,광진구,차량단독,전도전복,전도전복,안전운전 의무 불이행,단일로,기타단일로,이륜차,없음,961587,1949242,127.0651741,37.54170482,유치원,윤진유치원,서울특별시 광진구 아차산로 21길 15 (화양동),서울특별시 광진구 화양동 42-21,37.542766,127.062718,서울특별시청,광진경찰서,Y,2.0,,2019/02/20,3040000,서울특별시 광진구,0,9,3.8,-0.1,7.3,,0
2017,20170106,야간,금,1,1,0,0,0,서울,성동구,차대사람,횡단중,횡단중,안전운전 의무 불이행,단일로,기타단일로,화물차,보행자,958083,1949880,127.0254745,37.54730259,유치원,금호유치원,서울특별시 성동구 금호산2길 35,서울특별시 성동구 금호동3가 165-1,37.54879131,127.0231125,서울특별시 성동구,성동경찰서,Y,1.0,4,2020/06/17,3030000,서울특별시 성동구,0,97,5.4,2.5,11.4,,0
2017,20170106,주간,금,1,1,0,0,0,서울,성북구,차대사람,횡단중,횡단중,안전운전 의무 불이행,교차로,교차로내,화물차,보행자,959245,1955990,127.0381594,37.60244866,어린이집,목화어린이집,서울특별시 성북구 오패산로4길 39-1,서울특별시 성북구 하월곡동 52-6,37.60440698,127.0400044,서울특별시 성북구청,서울특별시 종암경찰서,Y,1.0,8.5,2020/02/28,3070000,서울특별시 성북구,0,10,5.4,2.5,11.4,,0
2017,20170106,주간,금,1,1,0,0,0,서울,성북구,차대사람,횡단중,횡단중,안전운전 의무 불이행,교차로,교차로내,화물차,보행자,959245,1955990,127.0381594,37.60244866,어린이집,새싹어린이집,서울특별시 성북구 오패산로 21,서울특별시 성북구 하월곡동 96-113,37.60412684,127.0370454,서울특별시 성북구청,서울특별시 종암경찰서,Y,1.0,19,2020/02/28,3070000,서울특별시 성북구,0,10,5.4,2.5,11.4,,0
2017,20170108,야간,일,1,1,0,0,0,서울,영등포구,차대차,측면충돌,측면충돌,신호위반,교차로,교차로내,이륜차,승용차,947101,1945442,126.9014769,37.50673726,유치원,우성유치원,서울특별시 영등포구 도신로 68-1,서울특별시 영등포구 신길동 365,37.505742,126.900623,영등포구청,영등포경찰서,Y,1.0,18,2020/06/30,3180000,서울특별시 영등포구,0,8,6.5,4.0,10.9,0.0,0
2017,20170110,야간,화,1,2,0,1,0,서울,양천구,차대차,측면충돌,측면충돌,안전운전 의무 불이행,단일로,기타단일로,이륜차,승합차,945525,1948772,126.8833993,37.53665923,유치원,원일유치원,서울특별시 양천구 목동동로 350,서울특별시 양천구 목5동 912,37.53515823,126.8818745,서울특별시 양천구청,양천경찰서,Y,2.0,6,2020/06/01,3140000,서울특별시 양천구,0,98,-3.7,-7.4,1.1,,0
2017,20170110,야간,화,1,2,0,1,0,서울,양천구,차대차,측면충돌,측면충돌,안전운전 의무 불이행,단일로,기타단일로,이륜차,승합차,945525,1948772,126.8833993,37.53665923,유치원,한서유치원,서울특별시 양천구 목동동로 430,서울특별시 양천구 목5동 911,37.53520397,126.8843953,서울특별시 양천구청,양천경찰서,Y,0.0,6,2020/06/01,3140000,서울특별시 양천구,0,10,-3.7,-7.4,1.1,,0
2017,20170112,주간,목,1,1,0,0,0,서울,송파구,차대차,정면충돌,정면충돌,중앙선 침범,단일로,기타단일로,자전거,승합차,968349,1944620,127.141916,37.50030167,어린이집,오금어린이집,서울특별시 송파구 마천로27길 4,서울특별시 송파구 오금동 114-31,37.502546,127.140539,서울특별시 송파구청,송파경찰서,Y,1.0,10,2020/02/20,3230000,서울특별시 송파구,0,6,-2.2,-6.1,1.0,0.0,0
2017,20170113,주간,금,1,1,0,0,0,서울,서초구,차대사람,횡단중,횡단중,안전운전 의무 불이행,교차로,교차로부근,특수차,보행자,954182,1942122,126.9817981,37.47719185,초등학교,이수초등학교,서울특별시 서초구 방배천로4길 23,서울특별시 서초구 방배2동 468-6,37.4783196,126.9845727,서울시 서초구,방배경찰서,Y,1.0,3,2019/06/03,3210000,서울특별시 서초구,0,98,-6.0,-8.6,-1.4,0.6,0
2017,20170115,주간,일,1,1,0,0,0,서울,양천구,차대사람,횡단중,횡단중,신호위반,단일로,기타단일로,승용차,보행자,943719,1949882,126.8628733,37.5465552,유치원,등촌유치원,서울특별시 양천구 목동중앙북로8길 46,서울특별시 양천구 목3동 625-19,37.54657555,126.8649065,서울특별시 양천구청,양천경찰서,Y,6.0,6,2020/06/01,3140000,서울특별시 양천구,0,98,-6.6,-11.5,-0.9,,0
2017,20170116,주간,월,1,1,0,0,0,서울,강서구,차대사람,횡단중,횡단중,안전운전 의무 불이행,단일로,기타단일로,승용차,보행자,942464,1949674,126.8486832,37.54460299,초등학교,화곡초등학교,서울특별시 강서구 초록마을로 28 (화곡동),,37.5436698,126.8464706,서울특별시 강서구청,강서경찰서,Y,2.0,10,2020/01/01,3150000,서울특별시 강서구,20170926,96,-3.8,-8.9,4.0,,0
2017,20170117,주간,화,1,1,0,0,0,서울,관악구,차대사람,횡단중,횡단중,안전운전 의무 불이행,단일로,기타단일로,승합차,보행자,948061,1941725,126.9126006,37.47328971,어린이집,구립다원어린이집,서울특별시 관악구 미성길 123,,37.47196653,126.9121893,서울특별시 관악구청,서울관악경찰서,Y,2.0,6,2020/05/31,3200000,서울특별시 관악구,0,10,-2.0,-7.1,3.4,,0
2017,20170120,주간,금,1,1,0,0,0,서울,영등포구,차대사람,횡단중,횡단중,보행자 보호의무 위반,교차로,교차로내,승용차,보행자,946822,1945294,126.89833100000001,37.50538728,유치원,파란나라유치원,서울특별시 영등포구 도신로8길 17,서울특별시 영등포구 대림동 652,37.50321946,126.8972605,영등포구청,영등포경찰서,Y,1.0,6~9,2020/06/30,3180000,서울특별시 영등포구,0,8,-4.4,-7.8,-1.4,4.0,0
2017,20170120,주간,금,1,1,0,0,0,서울,영등포구,차대사람,횡단중,횡단중,보행자 보호의무 위반,교차로,교차로내,승용차,보행자,946822,1945294,126.89833100000001,37.50538728,유치원,큰나무유치원,서울특별시 영등포구 도신로 31,서울특별시 영등포구 대림3동 608-1,37.506234,126.895153,영등포구청,영등포경찰서,Y,1.0,3~5,2020/06/30,3180000,서울특별시 영등포구,0,8,-4.4,-7.8,-1.4,4.0,0
2017,20170120,주간,금,1,1,0,0,0,서울,영등포구,차대사람,횡단중,횡단중,보행자 보호의무 위반,교차로,교차로내,승용차,보행자,946822,1945294,126.89833100000001,37.50538728,유치원,우성유치원,서울특별시 영등포구 도신로 68-1,서울특별시 영등포구 신길동 365,37.505742,126.900623,영등포구청,영등포경찰서,Y,1.0,18,2020/06/30,3180000,서울특별시 영등포구,0,8,-4.4,-7.8,-1.4,4.0,0
2017,20170120,주간,금,1,2,1,0,0,서울,광진구,차대차,측면충돌,측면충돌,중앙선 침범,단일로,기타단일로,승용차,이륜차,962129,1950299,127.0712547,37.55125436,초등학교,세종초등학교,서울특별시 광진구 군자로 114,서울특별시 광진구 군자동 111-3,37.552987,127.070716,서울특별시청,광진경찰서,Y,2.0,,2019/02/20,3040000,서울특별시 광진구,20170529,98,-4.4,-7.8,-1.4,4.0,0
2017,20170120,주간,금,1,2,1,0,0,서울,광진구,차대차,측면충돌,측면충돌,중앙선 침범,단일로,기타단일로,승용차,이륜차,962129,1950299,127.0712547,37.55125436,유치원,동심유치원,서울특별시 광진구 군자로12길 46 (군자동 일성아파트단지내),서울특별시 광진구 군자동 99,37.55132,127.070383,서울특별시청,광진경찰서,Y,1.0,,2019/02/20,3040000,서울특별시 광진구,0,10,-4.4,-7.8,-1.4,4.0,0
2017,20170122,야간,일,1,1,0,0,0,서울,종로구,차대사람,차도통행중,차도통행중,안전거리 미확보,단일로,기타단일로,승용차,보행자,956221,1952530,127.00423799999999,37.57110108,초등학교,효제초등학교,서울특별시 종로구 대학로12,서울특별시 종로구 효제동 255-4,37.5728828,127.003257,종로구청,혜화경찰서,Y,4.0,20~25,2019/01/14,3000000,서울특별시 종로구,20170412,97,-8.3,-10.9,-3.3,0.0,0
2017,20170122,야간,일,1,2,0,1,0,서울,동작구,차대차,측면충돌,측면충돌,신호위반,교차로,교차로내,승용차,승합차,947795,1943863,126.90944080000001,37.49254496,유치원,평강유치원,서울특별시 영등포구 신길로 27,서울특별시 영등포구 대림동 912-46,37.49493197,126.908145,영등포구청,영등포경찰서,Y,1.0,4.2~4.7,2020/06/30,3180000,서울특별시 영등포구,0,9,-8.3,-10.9,-3.3,0.0,0
2017,20170127,야간,금,1,1,0,0,0,서울,종로구,차대사람,차도통행중,차도통행중,안전운전 의무 불이행,단일로,기타단일로,승용차,보행자,956493,1952747,127.00730520000002,37.57306984,유치원,봄샘유치원,서울특별시 종로구 율곡로264,서울특별시 종로구 종로6가 210-1,37.5733219,127.006604,종로구청,혜화경찰서,Y,2.0,20,2019/01/14,3000000,서울특별시 종로구,0,9,-2.6,-5.7,3.1,3.0,0
2017,20170130,야간,월,1,1,0,0,0,서울,서초구,차대사람,차도통행중,차도통행중,안전운전 의무 불이행,단일로,기타단일로,승합차,보행자,957658,1942767,127.0210732,37.48317136,초등학교,서일초등학교,서울특별시 서초구 남부순환로339길 38,서울특별시 서초구 서초1동 1436-8,37.4851011,127.0222731,서울시 서초구,서초경찰서,Y,1.0,5,2019/06/03,3210000,서울특별시 서초구,20171115,98,-4.8,-7.9,-0.9,0.1,0
2017,20170201,야간,수,1,1,0,0,0,서울,도봉구,차대사람,횡단중,횡단중,안전운전 의무 불이행,단일로,기타단일로,화물차,보행자,959876,1964315,127.04497970000001,37.6774881,어린이집,하늘빛,서울특별시 도봉구 도봉로167길 13,,37.677656,127.0440422,도봉구청,도봉경찰서,Y,1.0,8~10,2019/09/05,3090000,서울특별시 도봉구,0,6,-4.0,-7.5,0.7,,0
2017,20170202,주간,목,1,1,0,0,0,서울,양천구,차량단독,공작물충돌,공작물충돌,안전운전 의무 불이행,단일로,기타단일로,승용차,없음,944651,1947090,126.8736338,37.52144716,초등학교,목동초교,서울특별시 양천구 목동동로12길 12,서울특별시 양천구 신정2동 86-2,37.52280796,126.8721597,서울특별시 양천구청,양천경찰서,Y,5.0,5,2020/06/01,3140000,서울특별시 양천구,0,8,-2.7,-9.2,3.3,,0
2017,20170202,주간,목,1,1,0,0,0,서울,양천구,차량단독,공작물충돌,공작물충돌,안전운전 의무 불이행,단일로,기타단일로,승용차,없음,944651,1947090,126.8736338,37.52144716,어린이집,꿈나래어린이집,서울특별시 양천구 목동동로12길 7,서울특별시 양천구 목1동 405-463,37.5231041,126.872139,서울특별시 양천구청,양천경찰서,Y,0.0,6,2020/06/01,3140000,서울특별시 양천구,0,97,-2.7,-9.2,3.3,,0
2017,20170202,주간,목,1,1,0,0,0,서울,양천구,차량단독,공작물충돌,공작물충돌,안전운전 의무 불이행,단일로,기타단일로,승용차,없음,944651,1947090,126.8736338,37.52144716,학원,잉글리쉬러닝베이(목동),서울특별시 양천구 신목로 50,서울특별시 양천구 신정2동 296-93,37.51974166,126.8727799,서울특별시 양천구청,양천경찰서,Y,3.0,14,2020/06/01,3140000,서울특별시 양천구,0,8,-2.7,-9.2,3.3,,0
2017,20170203,야간,금,1,1,0,0,0,서울,양천구,차량단독,전도,전도,안전운전 의무 불이행,단일로,기타단일로,이륜차,없음,944521,1948172,126.87208100000002,37.5311915,어린이집,목동어린이집,서울특별시 양천구 목동서로8길 32,서울특별시 양천구 목5동 903-3,37.5329094,126.8716045,서울특별시 양천구청,양천경찰서,Y,1.0,6,2020/06/01,3140000,서울특별시 양천구,0,8,1.5,-2.3,6.7,,0
2017,20170205,야간,일,1,2,1,0,0,서울,노원구,차량단독,전도,전도,안전운전 의무 불이행,단일로,기타단일로,승용차,없음,960334,1963973,127.050192,37.67442554,어린이집,노원어린이집,서울특별시 노원구 동일로239다길 23,서울특별시 노원구 상계1동 1096-1,37.676221,127.051145,노원구청,노원경찰서,Y,1.0,4.8~10,2020/07/14,3100000,서울특별시 노원구,0,8,1.2,-1.5,2.3,0.5,0
2017,20170205,야간,일,1,1,0,0,0,서울,종로구,차량단독,전도,전도,안전운전 의무 불이행,교차로,교차로내,이륜차,없음,955961,1954155,127.00119609999999,37.58573513,유치원,혜화유치원,서울특별시 종로구 창경궁로 296,서울특별시 종로구 혜화동 161-4,37.586802,127.003115,종로구청,혜화경찰서,Y,1.0,35,2019/01/14,3000000,서울특별시 종로구,0,97,1.2,-1.5,2.3,0.5,0
2017,20170211,야간,토,1,1,0,0,0,서울,종로구,차대사람,차도통행중,차도통행중,신호위반,교차로,교차로내,승용차,보행자,953830,1952480,126.977166,37.57053361,초등학교,덕수초등학교,서울특별시 중구 덕수궁길 140,서울특별시 중구 정동 1-76,37.56908852,126.97465810000001,서울특별시 중구,서울남대문경찰서,Y,2.0,8,2020/07/14,3010000,서울특별시 중구,20150914,95,-4.8,-9.2,0.8,,1
2017,20170211,주간,토,1,1,0,0,0,서울,강남구,차대사람,횡단중,횡단중,안전운전 의무 불이행,교차로,교차로내,승용차,보행자,959803,1947177,127.0450933,37.5230162,어린이집,준현어린이집,서울특별시 강남구 선릉로148길 48-6,,37.52262415,127.043338,서울특별시 강남구청,강남경찰서,Y,1.0,4,2020/06/24,3220000,서울특별시 강남구,0,11,-4.8,-9.2,0.8,,0
2017,20170213,야간,월,1,2,0,1,0,서울,동대문구,차대차,정면충돌,정면충돌,중앙선 침범,단일로,기타단일로,화물차,승합차,960665,1954382,127.05446180000001,37.58799426,어린이집,꿈마루어린이집,서울특별시 동대문구 전농로36길 29-3,서울특별시 동대문구 전농동 103-53,37.58550219,127.0540414,서울특별시 동대문구청,동대문경찰서,Y,1.0,,2019/11/25,3050000,서울특별시 동대문구,0,9,0.1,-5.4,6.1,,0
2017,20170213,야간,월,1,2,0,1,0,서울,동대문구,차대차,정면충돌,정면충돌,중앙선 침범,단일로,기타단일로,화물차,승합차,960665,1954382,127.05446180000001,37.58799426,어린이집,회기어린이집,서울특별시 동대문구 회기로 165,서울특별시 동대문구 회기동 58-1,37.59067813,127.0545526,서울특별시 동대문구청,동대문경찰서,Y,1.0,,2019/11/25,3050000,서울특별시 동대문구,0,13,0.1,-5.4,6.1,,0
2017,20170213,야간,월,1,1,0,0,0,서울,관악구,차대사람,기타,기타,안전운전 의무 불이행,단일로,기타단일로,승용차,보행자,947828,1942610,126.909903,37.48125328,어린이집,노아어린이집,서울특별시 관악구 남부순환로145길 6,,37.4818537,126.9123722,서울특별시 관악구청,서울관악경찰서,Y,2.0,6,2020/05/31,3200000,서울특별시 관악구,0,97,0.1,-5.4,6.1,,0
2017,20170216,야간,목,1,1,0,0,0,서울,중랑구,차대차,기타,기타,안전운전 의무 불이행,교차로,교차로내,승용차,승용차,962912,1952584,127.0800518,37.57275074,어린이집,이화어린이집,서울특별시 중랑구 면목로27길 85,서울특별시 중랑구 면목4동 715-1,37.573952,127.080811,서울특별시 중랑구청,중랑경찰서,Y,,,2020/03/04,3060000,서울특별시 중랑구,0,6,5.5,-1.9,10.3,0.0,0
2017,20170216,야간,목,1,1,0,0,0,서울,중랑구,차대차,기타,기타,안전운전 의무 불이행,교차로,교차로내,승용차,승용차,962912,1952584,127.0800518,37.57275074,유치원,동서울유치원,서울특별시 광진구 답십리로78길 26 (중곡동),서울특별시 광진구 중곡3동 578-9,37.570346,127.078826,서울특별시청,광진경찰서,Y,2.0,,2019/02/20,3040000,서울특별시 광진구,0,6,5.5,-1.9,10.3,0.0,0
2017,20170216,야간,목,1,1,0,0,0,서울,중랑구,차대차,기타,기타,안전운전 의무 불이행,교차로,교차로내,승용차,승용차,962912,1952584,127.0800518,37.57275074,어린이집,예아랑어린이집,서울특별시 광진구 동일로 456 성수교회 2층 1호(중곡동),서울특별시 광진구 중곡3동 589-1,37.570679,127.078049,서울특별시청,광진경찰서,Y,1.0,,2019/02/20,3040000,서울특별시 광진구,0,7,5.5,-1.9,10.3,0.0,0
2017,20170218,야간,토,1,1,0,0,0,서울,성동구,차량단독,전도전복,전도전복,안전운전 의무 불이행,단일로,기타단일로,이륜차,없음,958955,1952565,127.03519540000002,37.5715425,어린이집,구립성모어린이집,서울특별시 성동구 청계천로 506,서울특별시 성동구 마장동 527-2,37.57022175,127.0334425,서울특별시 성동구,성동경찰서,Y,1.0,6~14,2020/06/17,3030000,서울특별시 성동구,0,11,-2.6,-7.0,2.9,,0
2017,20170218,야간,토,1,1,0,0,0,서울,성동구,차량단독,전도전복,전도전복,안전운전 의무 불이행,단일로,기타단일로,이륜차,없음,958955,1952565,127.03519540000002,37.5715425,어린이집,햇살어린이집,서울특별시 동대문구 청계천로 547,서울특별시 동대문구 용두동 696-9,37.57281917,127.0369829,서울특별시 동대문구청,동대문경찰서,Y,1.0,,2019/11/25,3050000,서울특별시 동대문구,0,11,-2.6,-7.0,2.9,,0
2017,20170223,야간,목,1,1,0,0,0,서울,송파구,차대사람,횡단중,횡단중,신호위반,교차로,교차로내,승용차,보행자,968669,1944100,127.14555840000001,37.49562557,초등학교,영풍초등학교,서울특별시 송파구 오금로57길 15,서울특별시 송파구 거여1동 12,37.4962643,127.1430149,서울특별시 송파구청,송파경찰서,Y,7.0,7~9,2020/02/20,3230000,서울특별시 송파구,20190521,5,-1.5,-4.2,2.1,,0
2017,20170223,야간,목,1,1,0,0,0,서울,송파구,차대사람,횡단중,횡단중,신호위반,교차로,교차로내,승용차,보행자,968669,1944100,127.14555840000001,37.49562557,어린이집,가원어린이집,서울특별시 송파구 오금로57길 22,서울특별시 송파구 거여1동 178-123,37.4955385,127.1436758,서울특별시 송파구청,송파경찰서,Y,1.0,6~7,2020/02/20,3230000,서울특별시 송파구,0,15,-1.5,-4.2,2.1,,0
2017,20170223,주간,목,1,1,0,0,0,서울,은평구,차대사람,횡단중,횡단중,보행자 보호의무 위반,교차로,교차로횡단보도내,승합차,보행자,948723,1959621,126.91883590000002,37.63462549,유치원,숲유치원,서울특별시 은평구 진관2로 37,서울특별시 은평구 진관2로 37,37.6370354,126.917566,서울특별시 은평구,은평경찰서,Y,1.0,20,2019/07/31,3110000,서울특별시 은평구,0,12,-1.5,-4.2,2.1,,0
2017,20170223,주간,목,1,1,0,0,0,서울,은평구,차대사람,횡단중,횡단중,보행자 보호의무 위반,교차로,교차로횡단보도내,승합차,보행자,948723,1959621,126.91883590000002,37.63462549,초등학교,은진초등,서울특별시 은평구 진관1로 21-20,서울특별시 은평구 진관1로 21-20,37.632607,126.9209282,서울특별시 은평구,은평경찰서,Y,2.0,12,2019/07/31,3110000,서울특별시 은평구,20170530,9,-1.5,-4.2,2.1,,0
2017,20170223,주간,목,1,1,0,0,0,서울,은평구,차대사람,횡단중,횡단중,보행자 보호의무 위반,교차로,교차로횡단보도내,승합차,보행자,948723,1959621,126.91883590000002,37.63462549,초등학교,은빛초등,서울특별시 은평구 진관3로 73-17,서울특별시 은평구 진관3로 73-17,37.6351712,126.9200278,서울특별시 은평구,은평경찰서,Y,2.0,12,2019/07/31,3110000,서울특별시 은평구,20171023,11,-1.5,-4.2,2.1,,0
2017,20170227,야간,월,1,1,0,0,0,서울,도봉구,차대사람,차도통행중,차도통행중,안전운전 의무 불이행,기타,기타,화물차,보행자,960104,1961467,127.047721,37.65182864,유치원,한사랑,서울특별시 도봉구 노해로66길 21,,37.65039062,127.0473304,도봉구청,도봉경찰서,Y,0.0,6~20,2019/09/05,3090000,서울특별시 도봉구,0,10,3.7,-1.8,10.7,,0
2017,20170305,주간,일,1,1,0,0,0,서울,강서구,차량단독,공작물충돌,공작물충돌,안전운전 의무 불이행,단일로,기타단일로,승용차,없음,941903,1947741,126.842486,37.52714563,초등학교,신강초교,서울특별시 양천구 목동중앙로55길 72,서울특별시 양천구 신월2동 448-5,37.525717,126.841556,서울특별시 양천구청,양천경찰서,Y,3.0,6,2020/06/01,3140000,서울특별시 양천구,0,98,5.2,1.2,10.4,0.5,0
2017,20170305,주간,일,1,1,0,0,0,서울,강서구,차량단독,공작물충돌,공작물충돌,안전운전 의무 불이행,단일로,기타단일로,승용차,없음,941903,1947741,126.842486,37.52714563,유치원,대한유치원,서울특별시 양천구 오목로13길 31,서울특별시 양천구 신월2동 465-6,37.52573412,126.8448059,서울특별시 양천구청,양천경찰서,Y,2.0,6,2020/06/01,3140000,서울특별시 양천구,0,97,5.2,1.2,10.4,0.5,0
2017,20170307,야간,화,1,1,0,0,0,서울,관악구,차대사람,횡단중,횡단중,안전운전 의무 불이행,교차로,교차로부근,승용차,보행자,953680,1941775,126.97614250000002,37.47403919,초등학교,사당초등학교,서울특별시 관악구 남현4길 51,서울특별시 관악구 남현동 1080-1,37.47383781,126.9733518,서울특별시 관악구청,서울관악경찰서,Y,8.0,4~8,2020/05/31,3200000,서울특별시 관악구,20180726,95,-1.3,-4.0,2.9,0.0,0
2017,20170307,야간,화,1,1,0,0,0,서울,관악구,차대사람,횡단중,횡단중,안전운전 의무 불이행,교차로,교차로부근,승용차,보행자,953680,1941775,126.97614250000002,37.47403919,유치원,새싹유치원,서울특별시 관악구 남현2길 90,,37.4745654,126.972834,서울특별시 관악구청,서울관악경찰서,Y,1.0,6,2020/05/31,3200000,서울특별시 관악구,0,98,-1.3,-4.0,2.9,0.0,0
2017,20170309,야간,목,1,1,0,0,0,서울,강북구,차대차,측면충돌,측면충돌,신호위반,교차로,교차로횡단보도내,이륜차,이륜차,957920,1959440,127.0230797,37.6334615,유치원,운산유치원,서울특별시 강북구 수유로4길 58,서울특별시 강북구 수유동 52-21,37.63207,127.02172,강북구청,강북경찰서,Y,2.0,7,2019/05/10,3080000,서울특별시 강북구,0,98,3.2,-2.7,10.7,,0
2017,20170312,야간,일,1,1,0,0,0,서울,성동구,차대차,기타,기타,안전운전 의무 불이행,교차로,교차로내,이륜차,화물차,959708,1952047,127.0437508,37.56690688,어린이집,마장어린이집,서울특별시 성동구 마장로44길 10,서울특별시 성동구 마장동 780,37.566426,127.0455793,서울특별시 성동구,성동경찰서,Y,1.0,24,2020/06/17,3030000,서울특별시 성동구,0,97,8.2,4.4,14.0,0.0,0
2017,20170313,야간,월,1,2,1,0,0,서울,강북구,차대차,정면충돌,정면충돌,신호위반,교차로,교차로내,승용차,원동기장치자전거,957511,1957937,127.0185318,37.6198959,어린이집,솔바람어린이집,서울특별시 강북구 삼양로41길 60,서울특별시 강북구 미아동 791-2119,37.6217,127.01686,강북구청,강북경찰서,Y,2.0,7,2019/05/10,3080000,서울특별시 강북구,0,10,6.9,1.5,12.2,,0
2017,20170315,주간,수,1,1,0,0,0,서울,도봉구,차대차,추돌,추돌,안전운전 의무 불이행,교차로,교차로부근,이륜차,승합차,957270,1962123,127.0155561,37.65761370000001,어린이집,해맑은,서울특별시 도봉구 우이천로 487-1,,37.6565427,127.015283,도봉구청,도봉경찰서,Y,1.0,8,2019/09/05,3090000,서울특별시 도봉구,0,6,6.3,0.4,13.3,,0
2017,20170317,야간,금,1,2,0,1,0,서울,성동구,차대차,정면충돌,정면충돌,안전운전 의무 불이행,교차로,교차로내,승용차,이륜차,958132,1952121,127.0259012,37.56750355,어린이집,구립홍익어린이집,서울특별시 성동구 마장로 141,서울특별시 성동구 상왕십리동 130-20,37.56787393,127.025528,서울특별시 성동구,성동경찰서,Y,1.0,7,2020/06/17,3030000,서울특별시 성동구,0,11,7.7,1.2,15.7,,0
2017,20170317,야간,금,1,2,0,1,0,서울,성동구,차대차,정면충돌,정면충돌,안전운전 의무 불이행,교차로,교차로내,승용차,이륜차,958132,1952121,127.0259012,37.56750355,초등학교,숭신초등학교,서울특별시 성동구 마장로 161,서울특별시 성동구 하왕십리동 1068,37.56781934,127.0278905,서울특별시 성동구,성동경찰서,Y,1.0,10~20,2020/06/17,3030000,서울특별시 성동구,20171018,16,7.7,1.2,15.7,,0
2017,20170330,야간,목,1,1,0,0,0,서울,송파구,차량단독,주/정차차량 충돌,주/정차차량 충돌,안전운전 의무 불이행,교차로,교차로부근,승용차,승용차,967010,1944151,127.1267885,37.49602745,초등학교,가주초등학교,서울특별시 송파구 오금로40길 37,서울특별시 송파구 가락2동 140-6,37.4965216,127.1292781,서울특별시 송파구청,송파경찰서,Y,2.0,8~15,2020/02/20,3230000,서울특별시 송파구,0,5,10.6,4.1,17.1,,0
2017,20170406,야간,목,2,2,0,0,0,서울,광진구,차대차,측면충돌,측면충돌,중앙선 침범,단일로,기타단일로,원동기장치자전거,승용차,962907,1952370,127.07995759999999,37.56995262,유치원,동서울유치원,서울특별시 광진구 답십리로78길 26 (중곡동),서울특별시 광진구 중곡3동 578-9,37.570346,127.078826,서울특별시청,광진경찰서,Y,2.0,,2019/02/20,3040000,서울특별시 광진구,0,6,10.4,9.4,12.4,3.0,0
2017,20170406,야간,목,2,2,0,0,0,서울,광진구,차대차,측면충돌,측면충돌,중앙선 침범,단일로,기타단일로,원동기장치자전거,승용차,962907,1952370,127.07995759999999,37.56995262,어린이집,예아랑어린이집,서울특별시 광진구 동일로 456 성수교회 2층 1호(중곡동),서울특별시 광진구 중곡3동 589-1,37.570679,127.078049,서울특별시청,광진경찰서,Y,1.0,,2019/02/20,3040000,서울특별시 광진구,0,7,10.4,9.4,12.4,3.0,0
2017,20170407,야간,금,1,2,1,0,0,서울,도봉구,차대차,측면충돌,측면충돌,중앙선 침범,단일로,기타단일로,원동기장치자전거,승용차,959416,1962701,127.0398531,37.66292069,어린이집,신예원,서울특별시 도봉구 방학로2길 44,,37.6648067,127.0410685,도봉구청,도봉경찰서,Y,1.0,10,2019/09/05,3090000,서울특별시 도봉구,0,6,14.5,9.0,23.5,,0
2017,20170413,주간,목,1,1,0,0,0,서울,광진구,차대사람,차도통행중,차도통행중,안전운전 의무 불이행,단일로,기타단일로,승용차,보행자,963224,1948567,127.08373799999998,37.53568758,어린이집,좋은어린이집,서울특별시 광진구 구의강변로3길 31 (구의동),서울특별시 광진구 구의3동 590-3,37.536186,127.081554,서울특별시청,광진경찰서,Y,3.0,,2019/02/20,3040000,서울특별시 광진구,0,7,12.7,6.3,19.6,0.0,0
2017,20170420,야간,목,1,1,0,0,0,서울,송파구,차대사람,기타,기타,안전운전 의무 불이행,단일로,기타단일로,화물차,보행자,965244,1945208,127.10676040000001,37.50548987,유치원,기린유치원,서울특별시 송파구 백제고분로41길 20,서울특별시 송파구 송파1동 24,37.507711,127.107597,서울특별시 송파구청,송파경찰서,Y,1.0,6~10,2020/02/20,3230000,서울특별시 송파구,0,11,12.9,9.9,18.2,0.1,0
2017,20170420,야간,목,1,1,0,0,0,서울,송파구,차대사람,기타,기타,안전운전 의무 불이행,단일로,기타단일로,화물차,보행자,965244,1945208,127.10676040000001,37.50548987,유치원,석촌유치원,서울특별시 송파구 백제고분로40길 20,서울특별시 송파구 석촌동 281-6,37.502878,127.106653,서울특별시 송파구청,송파경찰서,Y,2.0,10,2020/02/20,3230000,서울특별시 송파구,0,5,12.9,9.9,18.2,0.1,0
2017,20170420,야간,목,1,1,0,0,0,서울,송파구,차대사람,기타,기타,안전운전 의무 불이행,단일로,기타단일로,화물차,보행자,965244,1945208,127.10676040000001,37.50548987,어린이집,행복한어린이집,서울특별시 송파구 백제고분로42길 5,서울특별시 송파구 송파1동 113-2,37.5059306,127.109705,서울특별시 송파구청,송파경찰서,Y,1.0,9,2020/02/20,3230000,서울특별시 송파구,0,11,12.9,9.9,18.2,0.1,0
2017,20170421,주간,금,1,1,0,0,0,서울,영등포구,차대사람,횡단중,횡단중,안전운전 의무 불이행,단일로,기타단일로,이륜차,보행자,948348,1945997,126.9155463,37.51181022,초등학교,영신초등학교,서울특별시 영등포구 도신로60길 23,서울특별시 영등포구 신길1동 121,37.51017349,126.9181211,영등포구청,영등포경찰서,Y,1.0,8~9,2020/06/30,3180000,서울특별시 영등포구,0,11,13.1,7.6,19.3,,0
2017,20170429,야간,토,1,1,0,0,0,서울,강남구,차량단독,전도,전도,안전운전 의무 불이행,단일로,터널안,이륜차,없음,962545,1942822,127.0763454,37.48387823,어린이집,일원어린이집,서울특별시 강남구 광평로3길 9,,37.483221,127.078254,서울특별시 강남구청,수서경찰서,Y,2.0,8,2020/06/24,3220000,서울특별시 강남구,0,12,17.1,9.6,23.7,,0
2017,20170430,주간,일,1,2,1,0,0,서울,강북구,차대차,기타,기타,신호위반,단일로,기타단일로,승용차,승용차,959625,1959044,127.0424249,37.62996881,유치원,초안유치원,서울특별시 노원구 우이천로 102,서울특별시 노원구 월계2동 초안@단지,37.63067857,127.0434525,노원구청,노원경찰서,Y,2.0,5.5~8,2020/07/14,3100000,서울특별시 노원구,0,10,19.3,13.7,27.8,,0
2017,20170430,주간,일,1,2,1,0,0,서울,강북구,차대차,기타,기타,신호위반,단일로,기타단일로,승용차,승용차,959625,1959044,127.0424249,37.62996881,초등학교,서울번동초등학교,서울특별시 강북구 오현로 204,서울특별시 강북구 번동 236,37.62903,127.04001,강북구청,강북경찰서,Y,3.0,20,2019/05/10,3080000,서울특별시 강북구,0,97,19.3,13.7,27.8,,0
2017,20170430,주간,일,1,2,1,0,0,서울,강북구,차대차,기타,기타,신호위반,단일로,기타단일로,승용차,승용차,959625,1959044,127.0424249,37.62996881,어린이집,꼬꼬마어린이집,서울특별시 강북구 한천로109길 57-15,서울특별시 강북구 번동 177-2,37.62764,127.04204,강북구청,강북경찰서,Y,1.0,5,2019/05/10,3080000,서울특별시 강북구,0,10,19.3,13.7,27.8,,0
2017,20170501,야간,월,1,3,1,1,0,서울,구로구,차대사람,차도통행중,차도통행중,과속,단일로,기타단일로,이륜차,보행자,946545,1942300,126.8954147,37.47838583,초등학교,가산초등학교,서울특별시 금천구 남부순환로 1304-11,서울특별시 금천구 독산동 143-23,37.47826426,126.8962274,서울특별시 금천구청,금천경찰서,Y,1.0,4~12,2020/02/20,3170000,서울특별시 금천구,20161010,11,20.1,12.8,28.3,,1
2017,20170503,야간,수,1,1,0,0,0,서울,용산구,차량단독,전도,전도,안전운전 의무 불이행,단일로,기타단일로,이륜차,없음,954280,1946856,126.9826121,37.51986567,유치원,한가람유치원,서울특벽시 용산구 이촌로89길 50,서울특별시 용산구 이촌동 301-54,37.51952037,126.981263,용산구청,용산경찰서,Y,,6~7,2020/02/18,3020000,서울특별시 용산구,0,10,21.5,14.5,30.2,,0
2017,20170504,주간,목,1,1,0,0,0,서울,양천구,차대사람,기타,기타,안전운전 의무 불이행,단일로,기타단일로,화물차,보행자,942093,1946746,126.8447146,37.5181896,초등학교,신남초교,서울특별시 양천구 절골8길 33,서울특별시 양천구 신월6동 590-1,37.51652947,126.8447978,서울특별시 양천구청,양천경찰서,Y,0.0,5,2020/06/01,3140000,서울특별시 양천구,0,98,21.0,14.8,27.5,,0
2017,20170504,야간,목,1,1,0,0,0,서울,강북구,차대사람,차도통행중,차도통행중,안전운전 의무 불이행,교차로,교차로내,승용차,보행자,957462,1959194,127.0179034,37.63122317,초등학교,서울수유초등학교(수유병설유치원 중복),서울특별시 강북구 삼양로74길 39,서울특별시 강북구 수유동 55-5,37.63125,127.02029,강북구청,강북경찰서,Y,8.0,6,2019/05/10,3080000,서울특별시 강북구,0,96,21.0,14.8,27.5,,0
2017,20170504,야간,목,1,1,0,0,0,서울,강북구,차대사람,차도통행중,차도통행중,안전운전 의무 불이행,교차로,교차로내,승용차,보행자,957462,1959194,127.0179034,37.63122317,어린이집,신기어린이집,서울특별시 강북구 삼양로79길 12,서울특별시 강북구 수유동 472-236,37.63099889,127.01702,강북구청,강북경찰서,Y,2.0,7,2019/05/10,3080000,서울특별시 강북구,0,7,21.0,14.8,27.5,,0
2017,20170506,야간,토,1,1,0,0,0,서울,성북구,차량단독,전도,전도,안전운전 의무 불이행,단일로,기타단일로,이륜차,없음,956953,1954761,127.0123959,37.59124408,초등학교,돈암초등학교,서울특별시 성북구 동소문로13길 38,서울특별시 성북구 동소문동6가 27-1,37.5937453,127.0131031,서울특별시 성북구청,서울특별시 성북경찰서,Y,1.0,,2020/02/28,3070000,서울특별시 성북구,0,95,14.9,10.0,19.3,,0
2017,20170506,야간,토,1,1,0,0,0,서울,성북구,차량단독,전도,전도,안전운전 의무 불이행,단일로,기타단일로,이륜차,없음,956953,1954761,127.0123959,37.59124408,유치원,돈암병설유치원,서울특별시 성북구 동소문로13길 38,서울특별시 성북구 동소문동6가 27-1,37.5937453,127.0131031,서울특별시 성북구청,서울특별시 성북경찰서,Y,1.0,,2020/02/28,3070000,서울특별시 성북구,0,95,14.9,10.0,19.3,,0
2017,20170507,주간,일,1,1,0,0,0,서울,성동구,차대사람,기타,기타,안전운전 의무 불이행,교차로,교차로내,승용차,보행자,957966,1951934,127.0240322,37.56581051,초등학교,신당초등학교,서울특별시 중구 난계로 141,서울특별시 중구 신당동 161-2,37.56362522,127.0236739,서울특별시 중구,서울중부경찰서,Y,4.0,25,2020/07/14,3010000,서울특별시 중구,20150914,7,16.6,10.9,22.8,,1
2017,20170507,주간,일,1,1,0,0,0,서울,성동구,차대사람,기타,기타,안전운전 의무 불이행,교차로,교차로내,승용차,보행자,957966,1951934,127.0240322,37.56581051,어린이집,구립홍익어린이집,서울특별시 성동구 마장로 141,서울특별시 성동구 상왕십리동 130-20,37.56787393,127.025528,서울특별시 성동구,성동경찰서,Y,1.0,7,2020/06/17,3030000,서울특별시 성동구,0,11,16.6,10.9,22.8,,0
2017,20170515,야간,월,1,2,0,0,1,서울,동작구,차량단독,도로이탈,도로이탈 기타,안전운전 의무 불이행,단일로,기타단일로,승용차,없음,948174,1944294,126.9136976,37.49645101,어린이집,꿈나무어린이집,서울특별시 영등포구 대방천로 199,서울특별시 영등포구 신길동 3741-18,37.49902264,126.913041,영등포구청,영등포경찰서,Y,1.0,7~9.5,2020/06/30,3180000,서울특별시 영등포구,0,11,16.0,12.3,20.1,0.0,0
2017,20170515,야간,월,1,2,0,0,1,서울,동작구,차량단독,도로이탈,도로이탈 기타,안전운전 의무 불이행,단일로,기타단일로,승용차,없음,948174,1944294,126.9136976,37.49645101,초등학교,대길초등학교,서울특별시 영등포구 대방천로 206,서울특별시 영등포구 신길동 4482,37.49817578,126.9131719,영등포구청,영등포경찰서,Y,2.0,7~14,2020/06/30,3180000,서울특별시 영등포구,0,95,16.0,12.3,20.1,0.0,0
2017,20170516,야간,화,1,1,0,0,0,서울,송파구,차대사람,횡단중,횡단중,안전운전 의무 불이행,교차로,교차로횡단보도내,승용차,보행자,968138,1944089,127.1395519,37.49550824,초등학교,개롱초등학교,서울특별시 송파구 문정로 211,서울특별시 송파구 오금동 159,37.497352,127.1398426,서울특별시 송파구청,송파경찰서,Y,3.0,8~20,2020/02/20,3230000,서울특별시 송파구,0,8,17.1,13.3,22.3,,0
2017,20170516,야간,화,1,1,0,0,0,서울,송파구,차대사람,횡단중,횡단중,안전운전 의무 불이행,교차로,교차로횡단보도내,승용차,보행자,968138,1944089,127.1395519,37.49550824,어린이집,거여어린이집,서울특별시 송파구 오금로 475,서울특별시 송파구 거여1동 20-7,37.4945327,127.142155,서울특별시 송파구청,송파경찰서,Y,1.0,7~9,2020/02/20,3230000,서울특별시 송파구,0,10,17.1,13.3,22.3,,0
2017,20170518,야간,목,1,1,0,0,0,서울,강남구,차대차,측면충돌,측면충돌,신호위반,교차로,교차로부근,승용차,이륜차,959952,1947309,127.0467723,37.52421245,유치원,성요셉유치원,서울특별시 강남구 도산대로83길 27,,37.52627314,127.0482112,서울특별시 강남구청,강남경찰서,Y,2.0,5.9,2020/06/24,3220000,서울특별시 강남구,0,99,20.4,13.9,26.9,,0
2017,20170518,야간,목,1,1,0,0,0,서울,강남구,차대차,측면충돌,측면충돌,신호위반,교차로,교차로부근,승용차,이륜차,959952,1947309,127.0467723,37.52421245,어린이집,청수어린이집,서울특별시 강남구 압구정로79길 26,,37.525052,127.049284,서울특별시 강남구청,강남경찰서,Y,3.0,8,2020/06/24,3220000,서울특별시 강남구,0,11,20.4,13.9,26.9,,0
2017,20170521,야간,일,1,1,0,0,0,서울,성북구,차량단독,전도,전도,안전운전 의무 불이행,단일로,기타단일로,이륜차,없음,958268,1956212,127.027208,37.60438284,초등학교,개운초등학교,서울특별시 성북구 정릉로48길 52,,37.60183731,127.0275455,서울특별시 성북구청,서울특별시 성북경찰서,Y,1.0,,2020/02/28,3070000,서울특별시 성북구,20150908,3,21.5,16.0,27.6,,1
2017,20170522,야간,월,1,1,0,0,0,서울,강동구,차대차,정면충돌,정면충돌,신호위반,교차로,교차로내,이륜차,원동기장치자전거,969636,1950039,127.1562522,37.54918888,유치원,녹원유치원,서울특별시 강동구 상암로63길 39-10,서울특별시 강동구 명일2동 242-3,37.54851711,127.1535579,서울특별시 강동구청,강동경찰서,Y,1.0,6,2019/12/06,3240000,서울특별시 강동구,0,98,21.8,15.9,28.0,,0
2017,20170522,야간,월,1,1,0,0,0,서울,강동구,차대차,정면충돌,정면충돌,신호위반,교차로,교차로내,이륜차,원동기장치자전거,969636,1950039,127.1562522,37.54918888,유치원,가람유치원,서울특별시 강동구 상암로63길 39-10,서울특별시 강동구 명일2동 237-1,37.54851711,127.1535579,서울특별시 강동구청,강동경찰서,Y,1.0,6,2019/12/06,3240000,서울특별시 강동구,0,98,21.8,15.9,28.0,,0
2017,20170522,야간,월,1,1,0,0,0,서울,강동구,차대차,정면충돌,정면충돌,신호위반,교차로,교차로내,이륜차,원동기장치자전거,969636,1950039,127.1562522,37.54918888,어린이집,푸른숲어린이집,서울특별시 강동구 동남로67길 42,서울특별시 강동구 명일2동 248-4,37.5488256,127.1535042,서울특별시 강동구청,강동경찰서,Y,1.0,6,2019/12/06,3240000,서울특별시 강동구,0,15,21.8,15.9,28.0,,0
2017,20170523,주간,화,1,1,0,0,0,서울,광진구,차대사람,횡단중,횡단중,안전운전 의무 불이행,단일로,기타단일로,화물차,보행자,963824,1949567,127.0904798,37.54472469,유치원,샬롬유치원,서울특별시 광진구 아차산로65길 65 (구의동),서울특별시 광진구 구의3동 208-15,37.542405,127.089659,서울특별시청,광진경찰서,Y,2.0,,2019/02/20,3040000,서울특별시 광진구,0,9,20.0,17.2,24.4,5.0,0
2017,20170524,야간,수,1,1,0,0,0,서울,송파구,차대차,추돌,추돌,안전운전 의무 불이행,단일로,기타단일로,이륜차,화물차,968710,1944257,127.1460155,37.49704208,초등학교,영풍초등학교,서울특별시 송파구 오금로57길 15,서울특별시 송파구 거여1동 12,37.4962643,127.1430149,서울특별시 송파구청,송파경찰서,Y,7.0,7~9,2020/02/20,3230000,서울특별시 송파구,20190521,5,21.8,16.9,27.8,0.1,0
2017,20170524,야간,수,1,1,0,0,0,서울,송파구,차대차,추돌,추돌,안전운전 의무 불이행,단일로,기타단일로,이륜차,화물차,968710,1944257,127.1460155,37.49704208,유치원,동삼유치원,서울특별시 송파구 마천로41길 14,서울특별시 송파구 마천2동 128-16,37.4969515,127.1490677,서울특별시 송파구청,송파경찰서,Y,1.0,7~10,2020/02/20,3230000,서울특별시 송파구,0,8,21.8,16.9,27.8,0.1,0
2017,20170524,야간,수,1,1,0,0,0,서울,송파구,차대차,추돌,추돌,안전운전 의무 불이행,단일로,기타단일로,이륜차,화물차,968710,1944257,127.1460155,37.49704208,어린이집,가원어린이집,서울특별시 송파구 오금로57길 22,서울특별시 송파구 거여1동 178-123,37.4955385,127.1436758,서울특별시 송파구청,송파경찰서,Y,1.0,6~7,2020/02/20,3230000,서울특별시 송파구,0,15,21.8,16.9,27.8,0.1,0
2017,20170524,야간,수,1,1,0,0,0,서울,송파구,차대차,추돌,추돌,안전운전 의무 불이행,단일로,기타단일로,이륜차,화물차,968710,1944257,127.1460155,37.49704208,어린이집,뉴한가람어린이집,서울특별시 송파구 성내천로 162,서울특별시 송파구 마천2동 38,37.4996279,127.1463491,서울특별시 송파구청,송파경찰서,Y,1.0,8,2020/02/20,3230000,서울특별시 송파구,0,10,21.8,16.9,27.8,0.1,0
2017,20170524,야간,수,1,1,0,0,0,서울,송파구,차대차,추돌,추돌,안전운전 의무 불이행,단일로,기타단일로,이륜차,화물차,968710,1944257,127.1460155,37.49704208,어린이집,산성어린이집,서울특별시 송파구 마천로41길 12,서울특별시 송파구 마천2동 127-1,37.49700767,127.148677,서울특별시 송파구청,송파경찰서,Y,1.0,7~10,2020/02/20,3230000,서울특별시 송파구,0,10,21.8,16.9,27.8,0.1,0
2017,20170529,주간,월,1,1,0,0,0,서울,성북구,차대사람,횡단중,횡단중,안전운전 의무 불이행,단일로,기타단일로,화물차,보행자,957945,1956683,127.0235217,37.60861334,초등학교,미아초등학교,서울특별시 성북구 삼양로 77,서울특별시 성북구 길음동 1168,37.6105142,127.0216457,서울특별시 성북구청,서울특별시 성북경찰서,Y,1.0,,2020/02/28,3070000,서울특별시 성북구,20180407,96,22.9,18.1,29.3,,0
2017,20170529,주간,월,1,1,0,0,0,서울,성북구,차대사람,횡단중,횡단중,안전운전 의무 불이행,단일로,기타단일로,화물차,보행자,957945,1956683,127.0235217,37.60861334,유치원,나래유치원,서울특별시 성북구 삼양로 73,서울특별시 성북구 길음동 1170,37.60954002,127.0226511,서울특별시 성북구청,서울특별시 성북경찰서,Y,1.0,,2020/02/28,3070000,서울특별시 성북구,0,10,22.9,18.1,29.3,,0
2017,20170529,주간,월,1,1,0,0,0,서울,성북구,차대사람,횡단중,횡단중,안전운전 의무 불이행,단일로,기타단일로,화물차,보행자,957945,1956683,127.0235217,37.60861334,유치원,명덕유치원,서울특별시 성북구 삼양로 74,,37.60986433,127.0229093,서울특별시 성북구청,서울특별시 종암경찰서,Y,1.0,7,2020/02/28,3070000,서울특별시 성북구,0,97,22.9,18.1,29.3,,0
2017,20170529,주간,월,1,1,0,0,0,서울,성북구,차대사람,횡단중,횡단중,안전운전 의무 불이행,단일로,기타단일로,화물차,보행자,957945,1956683,127.0235217,37.60861334,어린이집,다솔어린이집,서울특별시 성북구 삼양로8가길 32,,37.6088152,127.0247485,서울특별시 성북구청,서울특별시 종암경찰서,Y,1.0,,2020/02/28,3070000,서울특별시 성북구,0,10,22.9,18.1,29.3,,0
2017,20170529,주간,월,1,1,0,0,0,서울,성북구,차대사람,횡단중,횡단중,안전운전 의무 불이행,단일로,기타단일로,화물차,보행자,957945,1956683,127.0235217,37.60861334,어린이집,은행나무어린이집,서울특별시 성북구 삼양로9길 14-17,서울특별시 성북구 길음동 1176,37.6091192,127.0218298,서울특별시 성북구청,서울특별시 성북경찰서,Y,1.0,4,2020/02/28,3070000,서울특별시 성북구,0,14,22.9,18.1,29.3,,0
2017,20170531,주간,수,1,1,0,0,0,서울,양천구,차대사람,기타,기타,안전운전 의무 불이행,교차로,교차로내,승합차,보행자,943039,1946237,126.8554585,37.51366086,초등학교,남명초교,서울특별시 양천구 중앙로23길 3,서울특별시 양천구 신정3동 653-5,37.51568355,126.8540839,서울특별시 양천구청,양천경찰서,Y,10.0,5,2020/06/01,3140000,서울특별시 양천구,0,95,23.3,17.7,29.6,,0
2017,20170531,주간,수,1,1,0,0,0,서울,양천구,차대사람,기타,기타,안전운전 의무 불이행,교차로,교차로내,승합차,보행자,943039,1946237,126.8554585,37.51366086,초등학교,신기초교,서울특별시 양천구 신정로 292,서울특별시 양천구 신정3동 1274,37.51131204,126.8542146,서울특별시 양천구청,양천경찰서,Y,8.0,7,2020/06/01,3140000,서울특별시 양천구,0,0,23.3,17.7,29.6,,0
2017,20170531,주간,수,1,1,0,0,0,서울,양천구,차대사람,기타,기타,안전운전 의무 불이행,교차로,교차로내,승합차,보행자,943039,1946237,126.8554585,37.51366086,유치원,신예유치원,서울특별시 양천구 신정로 290,서울특별시 양천구 신정3동 1276,37.51232384,126.853457,서울특별시 양천구청,양천경찰서,Y,0.0,7,2020/06/01,3140000,서울특별시 양천구,0,10,23.3,17.7,29.6,,0
2017,20170531,주간,수,1,1,0,0,0,서울,양천구,차대사람,기타,기타,안전운전 의무 불이행,교차로,교차로내,승합차,보행자,943039,1946237,126.8554585,37.51366086,유치원,신기초교병설,서울특별시 양천구 신정로 292,서울특별시 양천구 신정3동 1274,37.51131204,126.8542146,서울특별시 양천구청,양천경찰서,Y,0.0,7,2020/06/01,3140000,서울특별시 양천구,0,10,23.3,17.7,29.6,,0
2017,20170531,주간,수,1,1,0,0,0,서울,양천구,차대사람,기타,기타,안전운전 의무 불이행,교차로,교차로내,승합차,보행자,943039,1946237,126.8554585,37.51366086,어린이집,강성어린이집,서울특별시 양천구 신정로 308,서울특별시 양천구 신정3동 1271,37.512825,126.855145,서울특별시 양천구청,양천경찰서,Y,0.0,5,2020/06/01,3140000,서울특별시 양천구,0,10,23.3,17.7,29.6,,0
2017,20170601,야간,목,1,1,0,0,0,서울,동작구,차대사람,횡단중,횡단중,안전운전 의무 불이행,단일로,기타단일로,승합차,보행자,947346,1943191,126.90440990000002,37.4864626,유치원,영림초등학교병설유치원,서울특별시 영등포구 시흥대로173길 14,서울특별시 영등포구 대림동 993-16,37.487353,126.9025151,영등포구청,영등포경찰서,Y,1.0,5.5~6,2020/06/30,3180000,서울특별시 영등포구,0,96,23.3,20.0,27.0,,0
2017,20170601,야간,목,1,1,0,0,0,서울,동작구,차대사람,횡단중,횡단중,안전운전 의무 불이행,단일로,기타단일로,승합차,보행자,947346,1943191,126.90440990000002,37.4864626,초등학교,영림초등학교,서울특별시 영등포구 시흥대로173길 14,서울특별시 영등포구 대림2동 993-16,37.487353,126.9025151,영등포구청,영등포경찰서,Y,3.0,5.5~6,2020/06/30,3180000,서울특별시 영등포구,20170516,96,23.3,20.0,27.0,,1
2017,20170603,야간,토,1,1,0,0,0,서울,강서구,차대사람,차도통행중,차도통행중,안전운전 의무 불이행,기타,기타,이륜차,보행자,939199,1951918,126.81153920000001,37.56461836,초등학교,송정초등학교,서울특별시 강서구 공항대로3길 18 (공항동),,37.56223179,126.8102817,서울특별시 강서구청,강서경찰서,Y,1.0,10,2020/01/01,3150000,서울특별시 강서구,20170914,96,20.5,16.1,26.5,,0
2017,20170605,주간,월,1,1,0,0,0,서울,강동구,차대사람,보도통행중,보도통행중,안전운전 의무 불이행,단일로,기타단일로,화물차,보행자,970400,1950977,127.1648634,37.55766834,어린이집,상일어린이집,서울특별시 강동구 고덕로80길 5,서울특별시 강동구 상일동 121-2,37.5562973,127.1656874,서울특별시 강동구청,강동경찰서,Y,1.0,15,2019/12/06,3240000,서울특별시 강동구,0,7,24.2,16.4,30.3,0.0,0
2017,20170609,야간,금,1,1,0,0,0,서울,강남구,차대차,측면충돌,측면충돌,신호위반,교차로,교차로내,이륜차,승용차,960084,1941711,127.04857,37.47376123,유치원,구룡유치원,서울특별시 서초구 논현로5길 31-11,서울특별시 서초구 양재2동 399-1,37.4711033,127.0489979,서울시 서초구,서초경찰서,Y,1.0,1,2019/06/03,3210000,서울특별시 서초구,0,99,21.2,17.9,25.7,0.1,0
2017,20170609,야간,금,1,1,0,0,0,서울,강남구,차대차,측면충돌,측면충돌,신호위반,교차로,교차로내,이륜차,승용차,960084,1941711,127.04857,37.47376123,유치원,초원유치원,서울특별시 강남구 논현로14길 17,,37.475915,127.048578,서울특별시 강남구청,수서경찰서,Y,2.0,9.4,2020/06/24,3220000,서울특별시 강남구,0,7,21.2,17.9,25.7,0.1,0
2017,20170612,주간,월,1,1,0,0,0,서울,영등포구,차대차,정면충돌,정면충돌,안전운전 의무 불이행,기타,기타,화물차,자전거,947477,1945262,126.9057438,37.50513637,초등학교,대영초등학교,서울특별시 영등포구 신길로23길 43,서울특별시 영등포구 신길5동 341-1,37.50267919,126.9063358,영등포구청,영등포경찰서,Y,3.0,5~22,2020/06/30,3180000,서울특별시 영등포구,0,95,22.1,17.0,28.0,,0
2017,20170616,야간,금,1,1,0,0,0,서울,구로구,차대사람,기타,기타,안전운전 의무 불이행,단일로,기타단일로,승용차,보행자,943326,1945405,126.85877009999999,37.50617965,초등학교,덕의초등학교,서울특별시 구로구 고척로 213,,37.50602878,126.8573464,서울특별시 구로구청,구로경찰서,Y,,,2019/10/28,3160000,서울특별시 구로구,20170915,95,25.5,20.0,32.7,,0
2017,20170617,야간,토,1,2,1,0,0,서울,도봉구,차대차,기타,기타,안전운전 의무 불이행,단일로,지하차도(도로)내,이륜차,승용차,960377,1960790,127.0508525,37.64573856,초등학교,월천,서울특별시 도봉구 노해로70길 96,,37.6478402,127.0522016,도봉구청,도봉경찰서,Y,3.0,20,2019/09/05,3090000,서울특별시 도봉구,20161121,97,24.2,20.6,29.9,,1
2017,20170618,야간,일,1,3,2,0,0,서울,영등포구,차대차,정면충돌,정면충돌,중앙선 침범,단일로,기타단일로,승용차,승용차,947537,1948280,126.9062071,37.53234148,유치원,영중유치원,서울특별시 영등포구 영중로 163,서울특별시 영등포구 영등포동8가 84,37.53107433,126.9052323,영등포구청,영등포경찰서,Y,1.0,5~26,2020/06/30,3180000,서울특별시 영등포구,0,95,24.3,18.6,31.8,,0
2017,20170620,주간,화,1,2,1,0,0,서울,송파구,차대차,측면충돌,측면충돌,안전운전 의무 불이행,교차로,교차로횡단보도내,승합차,자전거,965808,1944341,127.1131819,37.49769627,초등학교,중대초등학교,서울특별시 송파구 송파대로36길 8,서울특별시 송파구 송파2동 191,37.49981091,127.113605,서울특별시 송파구청,송파경찰서,Y,5.0,6~10,2020/02/20,3230000,서울특별시 송파구,0,5,26.0,20.0,32.7,0.0,0
2017,20170620,주간,화,1,1,0,0,0,서울,용산구,차대사람,횡단중,횡단중,안전운전 의무 불이행,단일로,기타단일로,승용차,보행자,952936,1947426,126.9673669,37.52493562,초등학교,한강초교,서울특벽시 용산구 한강대로14길 9,서울특별시 용산구 한강로3가 65-6,37.52530098,126.9645638,용산구청,용산경찰서,Y,,7~15,2020/02/18,3020000,서울특별시 용산구,0,98,26.0,20.0,32.7,0.0,0
2017,20170621,야간,수,1,1,0,0,0,서울,광진구,차대사람,횡단중,횡단중,안전운전 의무 불이행,단일로,기타단일로,승용차,보행자,962289,1949613,127.0731013,37.54507777,초등학교,구의초등학교,서울특별시 광진구 광나루로30길 49,서울특별시 광진구 화양동 303-9,37.542934,127.071203,서울특별시청,광진경찰서,Y,7.0,,2019/02/20,3040000,서울특별시 광진구,0,95,25.4,21.7,31.6,0.0,0
2017,20170622,야간,목,1,4,0,0,3,서울,용산구,차대사람,차도통행중,차도통행중,안전운전 의무 불이행,단일로,기타단일로,승용차,보행자,951811,1947377,126.9546387,37.52443586,어린이집,이촌어린이집,서울특벽시 용산구 이촌로14길 11-22,서울특별시 용산구 이촌동 206-1,37.52695898,126.9545216,용산구청,용산경찰서,Y,,8~9,2020/02/18,3020000,서울특별시 용산구,0,6,25.3,21.2,30.4,,0
2017,20170623,야간,금,1,1,0,0,0,서울,강동구,차대사람,횡단중,횡단중,신호위반,교차로,교차로내,화물차,보행자,967765,1950338,127.135058,37.55182032,어린이집,강동아이슐레어린이집,서울특별시 강동구 고덕로24가길 36,서울특별시 강동구 암사1동 437-1,37.55322569,127.137505,서울특별시 강동구청,강동경찰서,Y,1.0,6,2019/12/06,3240000,서울특별시 강동구,0,10,26.7,21.3,34.1,,0
2017,20170623,야간,금,1,1,0,0,0,서울,강동구,차대사람,횡단중,횡단중,신호위반,교차로,교차로내,화물차,보행자,967765,1950338,127.135058,37.55182032,어린이집,개나리어린이집,서울특별시 강동구 암사길 57,서울특별시 강동구 암사1동 474-8,37.5521359,127.135707,서울특별시 강동구청,강동경찰서,Y,1.0,10,2019/12/06,3240000,서울특별시 강동구,0,10,26.7,21.3,34.1,,0
2017,20170626,주간,월,1,4,1,2,0,서울,중구,차대차,기타,기타,안전운전 의무 불이행,단일로,기타단일로,승합차,자전거,956705,1950843,127.0098183,37.55591863,어린이집,성심어린이집,서울특별시 중구 동호로15길 50,서울특별시 중구 신당동 432-24,37.554302,127.008224,서울특별시 중구,서울중부경찰서,Y,4.0,6,2020/07/14,3010000,서울특별시 중구,0,7,23.1,20.1,29.9,29.0,0
2017,20170626,주간,월,1,4,1,2,0,서울,중구,차대차,기타,기타,안전운전 의무 불이행,단일로,기타단일로,승합차,자전거,956705,1950843,127.0098183,37.55591863,유치원,신일유치원,서울특별시 중구 동호로10길 27,서울특별시 중구 신당동 347-298,37.5553533,127.011848,서울특별시 중구,서울중부경찰서,Y,2.0,15,2020/07/14,3010000,서울특별시 중구,0,8,23.1,20.1,29.9,29.0,0
2017,20170628,야간,수,1,2,0,1,0,서울,서대문구,차대차,측면충돌,측면충돌,안전운전 의무 불이행,단일로,기타단일로,이륜차,이륜차,949058,1953280,126.9230741,37.5774924,어린이집,환희어린이집,서울특별시 서대문구 증가로10길 16-9,서울특별시 서대문구 남가좌2동 342-13,37.578348,126.923966,서울특별시 서대문구청,서울특별시 서대문경찰서,Y,1.0,3~5,2019/03/04,3120000,서울특별시 서대문구,0,10,26.0,22.5,30.5,,0
2017,20170629,야간,목,1,1,0,0,0,서울,광진구,차량단독,기타,기타,안전운전 의무 불이행,단일로,기타단일로,원동기장치자전거,없음,964892,1949694,127.1025635,37.5459107,유치원,광장유치원,서울특별시 광진구 광장로7길 17 (광장동),서울특별시 광진구 광장동 272-2,37.548432,127.102936,서울특별시청,광진경찰서,Y,2.0,,2019/02/20,3040000,서울특별시 광진구,0,95,26.2,21.9,31.5,,0
2017,20170629,야간,목,1,1,0,0,0,서울,강서구,차대사람,횡단중,횡단중,안전운전 의무 불이행,단일로,기타단일로,승용차,보행자,941444,1949265,126.837825,37.54102735,초등학교,신월초등학교,서울특별시 강서구 강서로31길 48 (화곡동),,37.54036642,126.8394575,서울특별시 강서구청,강서경찰서,Y,1.0,6,2020/01/01,3150000,서울특별시 강서구,0,96,26.2,21.9,31.5,,0
2017,20170703,주간,월,1,1,0,0,0,서울,종로구,차대사람,횡단중,횡단중,안전운전 의무 불이행,단일로,기타단일로,화물차,보행자,953362,1953332,126.9718123,37.57818924,어린이집,서울청사한빛어린이집,서울특별시 종로구 효자로39,서울특별시 종로구 창성동 117-6,37.5797195,126.973221,종로구청,종로경찰서,Y,1.0,12,2019/01/14,3000000,서울특별시 종로구,0,12,24.7,21.9,27.4,67.5,0
2017,20170705,야간,수,1,1,0,0,0,서울,구로구,차대사람,횡단중,횡단중,안전운전 의무 불이행,단일로,기타단일로,화물차,보행자,942274,1944453,126.8469428,37.49753399,어린이집,세라핌어린이집,서울특별시 구로구 고척로18길 92,,37.497724,126.8450222,서울특별시 구로구청,구로경찰서,Y,,,2019/10/28,3160000,서울특별시 구로구,0,1,27.4,23.3,32.6,,0
2017,20170705,야간,수,1,1,0,0,0,서울,구로구,차대사람,횡단중,횡단중,안전운전 의무 불이행,단일로,기타단일로,화물차,보행자,942274,1944453,126.8469428,37.49753399,어린이집,코레일오류동어린이집,서울특별시 구로구 경인로20가길 24,,37.49548271,126.8453299,서울특별시 구로구청,구로경찰서,Y,,,2019/10/28,3160000,서울특별시 구로구,0,96,27.4,23.3,32.6,,0
2017,20170712,주간,수,1,1,0,0,0,서울,강동구,차대사람,차도통행중,차도통행중,안전운전 의무 불이행,단일로,기타단일로,승용차,보행자,966582,1949741,127.1216924,37.54639717,어린이집,자연어린이집,서울특별시 강동구 상암로4길 98,서울특별시 강동구 천호2동 321-63,37.5465048,127.124518,서울특별시 강동구청,강동경찰서,Y,1.0,5.5,2019/12/06,3240000,서울특별시 강동구,0,10,27.1,24.9,31.1,0.0,0
2017,20170712,야간,수,1,2,1,0,0,서울,노원구,차대사람,횡단중,횡단중,안전운전 의무 불이행,단일로,기타단일로,승용차,보행자,961281,1963894,127.0609348,37.67375396,초등학교,노원초교,서울특별시 노원구 동일로230나길 32,서울특별시 노원구 상계1동 1014,37.67359491,127.0584536,노원구청,노원경찰서,Y,4.0,10,2020/07/14,3100000,서울특별시 노원구,0,8,27.1,24.9,31.1,0.0,0
2017,20170712,야간,수,1,2,1,0,0,서울,노원구,차대사람,횡단중,횡단중,안전운전 의무 불이행,단일로,기타단일로,승용차,보행자,961281,1963894,127.0609348,37.67375396,유치원,꿈터유치원,서울특별시 노원구 동일로230길 78,서울특별시 노원구 상계1동 997 조흥한신@,37.672736,127.060062,노원구청,노원경찰서,Y,1.0,6.6~8,2020/07/14,3100000,서울특별시 노원구,0,10,27.1,24.9,31.1,0.0,0
2017,20170713,주간,목,1,1,0,0,0,서울,성동구,차대차,측면충돌,측면충돌,안전운전 의무 불이행,교차로,교차로내,자전거,승용차,961297,1949361,127.0618852,37.54276527,초등학교,성수초등학교,서울특별시 성동구 아차산로17길 21,서울특별시 성동구 성수동2가 277-32,37.54431493,127.0631573,서울특별시 성동구,성동경찰서,Y,3.0,5~8,2020/06/17,3030000,서울특별시 성동구,20180426,96,27.6,23.1,32.1,,0
2017,20170713,주간,목,1,1,0,0,0,서울,성동구,차대차,측면충돌,측면충돌,안전운전 의무 불이행,교차로,교차로내,자전거,승용차,961297,1949361,127.0618852,37.54276527,유치원,윤진유치원,서울특별시 광진구 아차산로 21길 15 (화양동),서울특별시 광진구 화양동 42-21,37.542766,127.062718,서울특별시청,광진경찰서,Y,2.0,,2019/02/20,3040000,서울특별시 광진구,0,9,27.6,23.1,32.1,,0
2017,20170715,주간,토,1,1,0,0,0,서울,양천구,차대사람,기타,기타,안전운전 의무 불이행,교차로,교차로내,화물차,보행자,943819,1949560,126.8640299,37.54365911,유치원,등마초등학교,서울특별시 강서구 등촌로35길 12 (등촌동),,37.5420258,126.8616338,서울특별시 강서구청,강서경찰서,Y,1.0,8,2020/01/01,3150000,서울특별시 강서구,0,9,25.0,23.4,27.3,42.5,0
2017,20170718,주간,화,1,2,1,0,0,서울,서초구,차대사람,횡단중,횡단중,보행자 보호의무 위반,단일로,기타단일로,승용차,보행자,955344,1944813,126.99477649999999,37.50150363,초등학교,잠원초등학교,서울특별시 서초구 신반포로16길 15-25,서울특별시 서초구 반포2동 17,37.50185855,126.99805300000001,서울시 서초구,방배경찰서,Y,1.0,1,2019/06/03,3210000,서울특별시 서초구,20160905,95,26.5,23.9,30.7,2.5,1
2017,20170720,야간,목,1,1,0,0,0,서울,도봉구,차대차,측면충돌,측면충돌,안전운전 의무 불이행,교차로,교차로부근,승용차,자전거,959420,1963582,127.0398494,37.67086143,초등학교,오봉,서울특별시 도봉구 시루봉로 285,,37.6718842,127.0402882,도봉구청,도봉경찰서,Y,5.0,6~15,2019/09/05,3090000,서울특별시 도봉구,20180718,0,29.9,26.0,34.9,,0
2017,20170722,야간,토,1,2,0,1,0,서울,용산구,차대사람,기타,기타,안전운전 의무 불이행,단일로,기타단일로,승용차,보행자,954630,1948816,126.98645159999998,37.53754894,초등학교,이태원초교,서울특벽시 용산구 녹사평대로40길 19,서울특별시 용산구 이태원동 406,37.53647807,126.9876718,용산구청,용산경찰서,Y,,6~7,2020/02/18,3020000,서울특별시 용산구,0,96,29.3,27.5,32.5,0.5,0
2017,20170725,주간,화,1,1,0,0,0,서울,양천구,차대사람,차도통행중,차도통행중,안전운전 의무 불이행,단일로,기타단일로,승용차,보행자,942847,1946209,126.8532883,37.51339661,초등학교,남명초교,서울특별시 양천구 중앙로23길 3,서울특별시 양천구 신정3동 653-5,37.51568355,126.8540839,서울특별시 양천구청,양천경찰서,Y,10.0,5,2020/06/01,3140000,서울특별시 양천구,0,95,29.4,24.6,35.4,,0
2017,20170725,주간,화,1,1,0,0,0,서울,양천구,차대사람,차도통행중,차도통행중,안전운전 의무 불이행,단일로,기타단일로,승용차,보행자,942847,1946209,126.8532883,37.51339661,초등학교,신기초교,서울특별시 양천구 신정로 292,서울특별시 양천구 신정3동 1274,37.51131204,126.8542146,서울특별시 양천구청,양천경찰서,Y,8.0,7,2020/06/01,3140000,서울특별시 양천구,0,0,29.4,24.6,35.4,,0
2017,20170725,주간,화,1,1,0,0,0,서울,양천구,차대사람,차도통행중,차도통행중,안전운전 의무 불이행,단일로,기타단일로,승용차,보행자,942847,1946209,126.8532883,37.51339661,유치원,신예유치원,서울특별시 양천구 신정로 290,서울특별시 양천구 신정3동 1276,37.51232384,126.853457,서울특별시 양천구청,양천경찰서,Y,0.0,7,2020/06/01,3140000,서울특별시 양천구,0,10,29.4,24.6,35.4,,0
2017,20170725,주간,화,1,1,0,0,0,서울,양천구,차대사람,차도통행중,차도통행중,안전운전 의무 불이행,단일로,기타단일로,승용차,보행자,942847,1946209,126.8532883,37.51339661,유치원,신기초교병설,서울특별시 양천구 신정로 292,서울특별시 양천구 신정3동 1274,37.51131204,126.8542146,서울특별시 양천구청,양천경찰서,Y,0.0,7,2020/06/01,3140000,서울특별시 양천구,0,10,29.4,24.6,35.4,,0
2017,20170725,주간,화,1,1,0,0,0,서울,양천구,차대사람,차도통행중,차도통행중,안전운전 의무 불이행,단일로,기타단일로,승용차,보행자,942847,1946209,126.8532883,37.51339661,어린이집,강성어린이집,서울특별시 양천구 신정로 308,서울특별시 양천구 신정3동 1271,37.512825,126.855145,서울특별시 양천구청,양천경찰서,Y,0.0,5,2020/06/01,3140000,서울특별시 양천구,0,10,29.4,24.6,35.4,,0
2017,20170726,야간,수,1,1,0,0,0,서울,성북구,차대사람,기타,기타,안전운전 의무 불이행,단일로,기타단일로,승용차,보행자,957811,1955829,127.0220528,37.60090993,유치원,희망찬유치원,서울특별시 성북구 동소문로34길 24,서울특별시 성북구 돈암동 15-3,37.59899113,127.0231416,서울특별시 성북구청,서울특별시 성북경찰서,Y,1.0,10,2020/02/28,3070000,서울특별시 성북구,0,0,28.7,24.2,32.8,,0
2017,20170726,야간,수,1,1,0,0,0,서울,성북구,차대사람,기타,기타,안전운전 의무 불이행,단일로,기타단일로,승용차,보행자,957811,1955829,127.0220528,37.60090993,어린이집,웅지어린이집,서울특별시 성북구 길음로9길 113,서울특별시 성북구 길음동 877-255,37.6022014,127.0212171,서울특별시 성북구청,서울특별시 성북경찰서,Y,1.0,,2020/02/28,3070000,서울특별시 성북구,0,10,28.7,24.2,32.8,,0
2017,20170726,야간,수,1,1,0,0,0,서울,성북구,차대사람,기타,기타,안전운전 의무 불이행,단일로,기타단일로,승용차,보행자,957811,1955829,127.0220528,37.60090993,어린이집,길음성가어린이집,서울특별시 성북구 길음로9길 50,서울특별시 성북구 길음동 1286,37.60269641,127.0209503,서울특별시 성북구청,서울특별시 성북경찰서,Y,1.0,10,2020/02/28,3070000,서울특별시 성북구,0,12,28.7,24.2,32.8,,0
2017,20170728,야간,금,1,1,0,0,0,서울,동대문구,차대차,측면충돌,측면충돌,과속,단일로,기타단일로,승용차,자전거,961568,1952419,127.0647926,37.57033935,초등학교,동답초교,서울특별시 동대문구 답십리로60길 12,서울특별시 동대문구 답십리동 2-24,37.57150295,127.0640336,서울특별시 동대문구청,동대문경찰서,Y,2.0,,2019/11/25,3050000,서울특별시 동대문구,0,95,25.5,24.8,26.9,8.5,0
2017,20170728,야간,금,1,1,0,0,0,서울,동대문구,차대차,측면충돌,측면충돌,과속,단일로,기타단일로,승용차,자전거,961568,1952419,127.0647926,37.57033935,어린이집,푸른하늘어린이집,서울특별시 동대문구 답십리로66길 75-4,서울특별시 동대문구 장안동 393-2,37.56894421,127.06694030000001,서울특별시 동대문구청,동대문경찰서,Y,1.0,,2019/11/25,3050000,서울특별시 동대문구,0,9,25.5,24.8,26.9,8.5,0
2017,20170728,야간,금,1,1,0,0,0,서울,동대문구,차대차,측면충돌,측면충돌,과속,단일로,기타단일로,승용차,자전거,961568,1952419,127.0647926,37.57033935,어린이집,세서울어린이집,서울특별시 동대문구 한천로26길 23,서울특별시 동대문구 장안동 144-17,37.57172101,127.06723400000001,서울특별시 동대문구청,동대문경찰서,Y,1.0,,2019/11/25,3050000,서울특별시 동대문구,0,6,25.5,24.8,26.9,8.5,0
2017,20170813,야간,일,1,2,0,1,0,서울,동대문구,차대차,추돌,추돌,안전운전 의무 불이행,단일로,교량위,승용차,건설기계,959450,1955208,127.0406544,37.59538645,어린이집,초원어린이집,서울특별시 성북구 월곡로 52,,37.5969008,127.0391028,서울특별시 성북구청,서울특별시 종암경찰서,Y,1.0,,2020/02/28,3070000,서울특별시 성북구,0,16,26.3,24.2,28.4,0.0,0
2017,20170814,주간,월,1,1,0,0,0,서울,강서구,차대차,정면충돌,정면충돌,안전운전 의무 불이행,단일로,기타단일로,이륜차,승용차,941878,1950765,126.8419636,37.55439939,어린이집,발산어린이집,서울특별시 강서구 우장산로 45 (내발산동),,37.554404,126.8422023,서울특별시 강서구청,강서경찰서,N,,,2020/01/01,3150000,서울특별시 강서구,0,9,24.6,23.1,27.1,1.5,0
2017,20170815,주간,화,1,1,0,0,0,서울,금천구,차대사람,횡단중,횡단중,신호위반,교차로,교차로내,승용차,보행자,947195,1938965,126.903005,37.44836408,어린이집,양문 어린이집,서울특별시 금천구 시흥대로 45길 35,서울특별시 금천구 시흥동 492-53,37.448229,126.900257,서울특별시 금천구청,금천경찰서,Y,1.0,6~8,2020/02/20,3170000,서울특별시 금천구,0,11,21.9,20.8,24.0,93.5,0
2017,20170815,주간,화,1,1,0,0,0,서울,금천구,차대사람,횡단중,횡단중,신호위반,교차로,교차로내,승용차,보행자,947195,1938965,126.903005,37.44836408,어린이집,본동 어린이집,서울특별시 금천구 독산로 12,서울특별시 금천구 시흥동 935-2,37.44862061,126.904304,서울특별시 금천구청,금천경찰서,Y,1.0,6~8,2020/02/20,3170000,서울특별시 금천구,0,9,21.9,20.8,24.0,93.5,0
2017,20170815,주간,화,1,1,0,0,0,서울,금천구,차대사람,횡단중,횡단중,신호위반,교차로,교차로내,승용차,보행자,947195,1938965,126.903005,37.44836408,유치원,조형유치원,서울특별시 금천구 독산로1길 3,서울특별시 금천구 시흥동 904-20,37.448853,126.9035053,서울특별시 금천구청,금천경찰서,Y,1.0,6~8,2020/02/20,3170000,서울특별시 금천구,0,9,21.9,20.8,24.0,93.5,0
2017,20170815,주간,화,1,1,0,0,0,서울,금천구,차대사람,횡단중,횡단중,신호위반,교차로,교차로내,승용차,보행자,947195,1938965,126.903005,37.44836408,초등학교,백산초등학교,서울특별시 금천구 시흥대로 38길 78,서울특별시 금천구 시흥동 438-5,37.44678681,126.9051444,서울특별시 금천구청,금천경찰서,Y,1.0,6~12,2020/02/20,3170000,서울특별시 금천구,20160608,95,21.9,20.8,24.0,93.5,1
2017,20170821,야간,월,1,1,0,0,0,서울,동대문구,차대사람,보도통행중,보도통행중,안전운전 의무 불이행,교차로,교차로횡단보도내,화물차,보행자,960581,1953899,127.0535364,37.58363726,어린이집,꿈마루어린이집,서울특별시 동대문구 전농로36길 29-3,서울특별시 동대문구 전농동 103-53,37.58550219,127.0540414,서울특별시 동대문구청,동대문경찰서,Y,1.0,,2019/11/25,3050000,서울특별시 동대문구,0,9,25.8,23.7,29.2,5.0,0
2017,20170821,주간,월,1,1,0,0,0,서울,성북구,차대사람,횡단중,횡단중,보행자 보호의무 위반,단일로,기타단일로,승용차,보행자,959178,1957125,127.0374663,37.61265275,유치원,동명유치원,서울특별시 강북구 오패산로 130,서울특별시 강북구 미아동 53-1,37.61353041,127.03425480000001,강북구청,강북경찰서,Y,2.0,15,2019/05/10,3080000,서울특별시 강북구,0,2,25.8,23.7,29.2,5.0,0
2017,20170825,주간,금,1,1,0,0,0,서울,동작구,차대차,측면충돌,측면충돌,신호위반,교차로,교차로내,화물차,원동기장치자전거,948771,1944670,126.9204249,37.4998733,어린이집,은석어린이집,서울특별시 영등포구 여의대방로23길 11,서울특별시 영등포구 신길6동 4260,37.498165,126.91870410000001,영등포구청,영등포경찰서,Y,1.0,6,2020/06/30,3180000,서울특별시 영등포구,0,7,25.3,22.2,30.6,,0
2017,20170825,야간,금,1,1,0,0,0,서울,노원구,차대사람,차도통행중,차도통행중,안전운전 의무 불이행,단일로,기타단일로,승용차,보행자,962730,1959930,127.0775682,37.63808573,어린이집,하계어린이집,서울특별시 노원구 공릉로58마길 1,서울특별시 노원구 하계1동 252-13,37.636955,127.076531,노원구청,노원경찰서,Y,3.0,6.6~7,2020/07/14,3100000,서울특별시 노원구,0,8,25.3,22.2,30.6,,0
2017,20170826,주간,토,1,1,0,0,0,서울,동대문구,차량단독,기타,기타,안전운전 의무 불이행,단일로,기타단일로,이륜차,없음,958673,1952444,127.03200890000002,37.57043928,어린이집,구립성모어린이집,서울특별시 성동구 청계천로 506,서울특별시 성동구 마장동 527-2,37.57022175,127.0334425,서울특별시 성동구,성동경찰서,Y,1.0,6~14,2020/06/17,3030000,서울특별시 성동구,0,11,24.2,19.0,29.2,,0
2017,20170826,주간,토,1,1,0,0,0,서울,동대문구,차량단독,기타,기타,안전운전 의무 불이행,단일로,기타단일로,이륜차,없음,958673,1952444,127.03200890000002,37.57043928,유치원,솔유치원,서울특별시 성동구 무학로 50,서울특별시 성동구 하왕십리동 258,37.56910834,127.0326723,서울특별시 성동구,성동경찰서,Y,1.0,8,2020/06/17,3030000,서울특별시 성동구,0,9,24.2,19.0,29.2,,0
2017,20170827,주간,일,1,1,0,0,0,서울,강동구,차대사람,기타,기타,기타(운전자법규위반),교차로,교차로횡단보도내,자전거,보행자,969628,1950337,127.15591850000001,37.55208937,유치원,은새유치원,서울특별시 강동구 고덕로62길 58,서울특별시 강동구 명일2동 42,37.55236741,127.1526193,서울특별시 강동구청,강동경찰서,Y,1.0,12,2019/12/06,3240000,서울특별시 강동구,0,98,22.7,19.0,26.7,0.0,0
2017,20170828,주간,월,1,1,0,0,0,서울,동대문구,차대사람,기타,기타,안전운전 의무 불이행,교차로,교차로부근,승합차,보행자,961925,1953382,127.06878510000001,37.57903399,초등학교,배봉초교,서울특별시 동대문구 사가정로 193,서울특별시 동대문구 전농동 3-111,37.58008059,127.0668713,서울특별시 동대문구청,동대문경찰서,Y,2.0,,2019/11/25,3050000,서울특별시 동대문구,0,9,21.5,18.3,26.5,9.0,0
2017,20170828,주간,월,1,1,0,0,0,서울,동대문구,차대사람,기타,기타,안전운전 의무 불이행,교차로,교차로부근,승합차,보행자,961925,1953382,127.06878510000001,37.57903399,어린이집,배봉어린이집,서울특별시 동대문구 사가정로25길 51,서울특별시 동대문구 장안동 94-61,37.5811645,127.0706374,서울특별시 동대문구청,동대문경찰서,Y,1.0,,2019/11/25,3050000,서울특별시 동대문구,0,9,21.5,18.3,26.5,9.0,0
2017,20170830,야간,수,1,1,0,0,0,서울,양천구,차대사람,기타,기타,안전운전 의무 불이행,단일로,기타단일로,화물차,보행자,943764,1947600,126.86355750000001,37.52599016,초등학교,양목초교,서울특별시 양천구 목동로11길 30,서울특별시 양천구 신정4동 1001,37.5239168,126.8614708,서울특별시 양천구청,양천경찰서,Y,8.0,5,2020/06/01,3140000,서울특별시 양천구,0,97,19.8,16.1,23.9,,0
2017,20170830,야간,수,1,1,0,0,0,서울,양천구,차대사람,기타,기타,안전운전 의무 불이행,단일로,기타단일로,화물차,보행자,943764,1947600,126.86355750000001,37.52599016,유치원,양목초교병설,서울특별시 양천구 목동로11길 30,서울특별시 양천구 신정4동 1001,37.5239168,126.8614708,서울특별시 양천구청,양천경찰서,Y,0.0,5,2020/06/01,3140000,서울특별시 양천구,0,97,19.8,16.1,23.9,,0
2017,20170830,야간,수,1,1,0,0,0,서울,양천구,차대사람,기타,기타,안전운전 의무 불이행,단일로,기타단일로,화물차,보행자,943764,1947600,126.86355750000001,37.52599016,어린이집,은혜어린이집,서울특별시 양천구 목동로15길 24,서울특별시 양천구 신정4동 998-2,37.52404377,126.862155,서울특별시 양천구청,양천경찰서,Y,1.0,5,2020/06/01,3140000,서울특별시 양천구,0,10,19.8,16.1,23.9,,0
2017,20170830,주간,수,1,1,0,0,0,서울,동대문구,차대사람,횡단중,횡단중,보행자 보호의무 위반,단일로,기타단일로,건설기계,보행자,959804,1953223,127.0447733,37.57751069,유치원,그림유치원,서울특별시 동대문구 답십리로 56,서울특별시 동대문구 전농동 643-36,37.576049,127.0471757,서울특별시 동대문구청,동대문경찰서,Y,1.0,,2019/11/25,3050000,서울특별시 동대문구,0,11,19.8,16.1,23.9,,0
2017,20170902,야간,토,1,1,0,0,0,서울,용산구,차량단독,공작물충돌,공작물충돌,과속,단일로,고가도로위,승용차,없음,954784,1949631,126.9881445,37.5449023,초등학교,용암초교,서울특벽시 용산구 서울특별시 용산구 녹사평대로60길 39,서울특별시 용산구 용산동2가 5-2147,37.54530443,126.9894356,용산구청,용산경찰서,Y,,4~6,2020/02/18,3020000,서울특별시 용산구,0,98,23.8,18.6,29.6,,0
2017,20170903,주간,일,1,1,0,0,0,서울,성북구,차대사람,기타,기타,안전운전 의무 불이행,단일로,기타단일로,승용차,보행자,957807,1954211,127.0221007,37.58632638,초등학교,안암초등학교,서울특별시 성북구 고려대로7가길 39,,37.58715951,127.0221008,서울특별시 성북구청,서울특별시 성북경찰서,y,1.0,2020-02-28,2020/02/28,3070000,서울특별시 성북구,20160921,9,23.7,19.0,29.2,,1
2017,20170903,주간,일,1,1,0,0,0,서울,성북구,차대사람,기타,기타,안전운전 의무 불이행,단일로,기타단일로,승용차,보행자,957807,1954211,127.0221007,37.58632638,유치원,동선유치원,서울특별시 성북구 보문로 98,서울특별시 성북구 보문동 4가 4,37.58403157,127.0203641,서울특별시 성북구청,서울특별시 성북경찰서,Y,1.0,15,2020/02/28,3070000,서울특별시 성북구,0,8,23.7,19.0,29.2,,0
2017,20170903,주간,일,1,1,0,0,0,서울,성북구,차대사람,기타,기타,안전운전 의무 불이행,단일로,기타단일로,승용차,보행자,957807,1954211,127.0221007,37.58632638,어린이집,안암어린이집,서울특별시 성북구 고려대로8길 5,서울특별시 성북구 안암동2가 140-3,37.5856466,127.0214146,서울특별시 성북구청,서울특별시 성북경찰서,Y,1.0,,2020/02/28,3070000,서울특별시 성북구,0,9,23.7,19.0,29.2,,0
2017,20170905,주간,화,1,1,0,0,0,서울,중랑구,차대사람,횡단중,횡단중,안전운전 의무 불이행,단일로,기타단일로,화물차,보행자,965204,1955758,127.1058074,37.60057944,초등학교,서울망우초등학교,서울특별시 중랑구 망우로 72길 49,서울특별시 중랑구 망우본동 153-1,37.59873869,127.10384010000001,서울특별시 중랑구청,중랑경찰서,Y,,,2020/03/04,3060000,서울특별시 중랑구,0,95,21.9,20.4,23.7,0.0,0
2017,20170907,야간,목,1,1,0,0,0,서울,강동구,차대사람,기타,기타,안전운전 의무 불이행,단일로,기타단일로,승합차,보행자,970242,1950826,127.16308059999999,37.55630222,어린이집,상일어린이집,서울특별시 강동구 고덕로80길 5,서울특별시 강동구 상일동 121-2,37.5562973,127.1656874,서울특별시 강동구청,강동경찰서,Y,1.0,15,2019/12/06,3240000,서울특별시 강동구,0,7,22.4,17.8,27.5,,0
2017,20170909,야간,토,1,2,1,0,0,서울,성북구,차대사람,횡단중,횡단중,안전운전 의무 불이행,단일로,기타단일로,승용차,보행자,960550,1956684,127.0530351,37.60873782,어린이집,돌곶이어린이집,서울특별시 성북구 화랑로30길 19,서울특별시 성북구 석관동 343-61,37.6096369,127.0556178,서울특별시 성북구청,서울특별시 종암경찰서,Y,1.0,10,2020/02/28,3070000,서울특별시 성북구,0,12,23.8,19.2,28.2,,0
2017,20170913,야간,수,1,1,0,0,0,서울,구로구,차대사람,차도통행중,차도통행중,안전운전 의무 불이행,단일로,기타단일로,승용차,보행자,945507,1944682,126.8834989,37.49979452,어린이집,샛별어린이집,서울특별시 구로구 구로중앙로32가길 18,,37.4999466,126.8850875,서울특별시 구로구청,구로경찰서,Y,,,2019/10/28,3160000,서울특별시 구로구,0,13,21.4,15.9,27.5,,0
2017,20170919,야간,화,1,1,0,0,0,서울,구로구,차대사람,기타,기타,안전운전 의무 불이행,단일로,기타단일로,승용차,보행자,942394,1944981,126.8480449,37.50284723,초등학교,세곡초등학교,서울특별시 구로구 고척로33길 34,,37.50505628,126.8491193,서울특별시 구로구청,구로경찰서,Y,,,2019/10/28,3160000,서울특별시 구로구,20181102,95,22.6,20.1,25.8,8.0,0
2017,20170919,야간,화,1,1,0,0,0,서울,구로구,차대사람,기타,기타,안전운전 의무 불이행,단일로,기타단일로,승용차,보행자,942394,1944981,126.8480449,37.50284723,유치원,아람유치원,서울특별시 구로구 고척로25길 62,,37.504546,126.846112,서울특별시 구로구청,구로경찰서,Y,,,2019/10/28,3160000,서울특별시 구로구,0,8,22.6,20.1,25.8,8.0,0
2017,20170922,주간,금,1,1,0,0,0,서울,성동구,차량단독,기타,기타,안전운전 의무 불이행,단일로,기타단일로,화물차,없음,961193,1949572,127.0606968,37.54466271,초등학교,성수초등학교,서울특별시 성동구 아차산로17길 21,서울특별시 성동구 성수동2가 277-32,37.54431493,127.0631573,서울특별시 성동구,성동경찰서,Y,3.0,5~8,2020/06/17,3030000,서울특별시 성동구,20180426,96,20.6,15.4,26.8,,0
2017,20170922,주간,금,1,1,0,0,0,서울,성동구,차량단독,기타,기타,안전운전 의무 불이행,단일로,기타단일로,화물차,없음,961193,1949572,127.0606968,37.54466271,유치원,윤진유치원,서울특별시 광진구 아차산로 21길 15 (화양동),서울특별시 광진구 화양동 42-21,37.542766,127.062718,서울특별시청,광진경찰서,Y,2.0,,2019/02/20,3040000,서울특별시 광진구,0,9,20.6,15.4,26.8,,0
2017,20170922,야간,금,1,1,0,0,0,서울,관악구,차대사람,기타,기타,안전운전 의무 불이행,주차장,주차장,승용차,보행자,949244,1940653,126.9260529,37.46369324,어린이집,구립합실어린이집,서울특별시 관악구 광신길 113,,37.464018,126.925415,서울특별시 관악구청,서울관악경찰서,Y,1.0,20,2020/05/31,3200000,서울특별시 관악구,0,13,20.6,15.4,26.8,,0
2017,20170923,주간,토,1,5,2,2,0,서울,금천구,차대사람,기타,기타,안전운전 의무 불이행,교차로,교차로내,승용차,보행자,946981,1940878,126.9004481,37.46559416,유치원,독산유치원,서울특별시 금천구 시흥대로 98길 45,서울특별시 금천구 독산동 1051-20,37.46434175,126.900288,서울특별시 금천구청,금천경찰서,Y,1.0,6~8,2020/02/20,3170000,서울특별시 금천구,0,95,21.8,17.6,27.3,0.0,0
2017,20170923,주간,토,1,5,2,2,0,서울,금천구,차대사람,기타,기타,안전운전 의무 불이행,교차로,교차로내,승용차,보행자,946981,1940878,126.9004481,37.46559416,초등학교,독산초등학교,서울특별시 금천구 시흥대로 104길 31,서울특별시 금천구 독산동 1034,37.46565673,126.8997128,서울특별시 금천구청,금천경찰서,Y,1.0,4~8,2020/02/20,3170000,서울특별시 금천구,0,95,21.8,17.6,27.3,0.0,0
2017,20170923,주간,토,1,5,2,2,0,서울,금천구,차대사람,기타,기타,안전운전 의무 불이행,교차로,교차로내,승용차,보행자,946981,1940878,126.9004481,37.46559416,어린이집,해솔예술어린이집,서울특별시 금천구 시흥대로 90길 63,서울특별시 금천구 독산동 1062-10,37.46300863,126.9007427,서울특별시 금천구청,금천경찰서,Y,1.0,6~8,2020/02/20,3170000,서울특별시 금천구,0,13,21.8,17.6,27.3,0.0,0
2017,20170923,주간,토,1,1,0,0,0,서울,성동구,차대차,기타,기타,안전운전 의무 불이행,교차로,교차로부근,승합차,자전거,959178,1952572,127.0377203,37.5716155,어린이집,햇살어린이집,서울특별시 동대문구 청계천로 547,서울특별시 동대문구 용두동 696-9,37.57281917,127.0369829,서울특별시 동대문구청,동대문경찰서,Y,1.0,,2019/11/25,3050000,서울특별시 동대문구,0,11,21.8,17.6,27.3,0.0,0
2017,20170924,야간,일,2,3,1,0,0,서울,송파구,차대사람,기타,기타,안전운전 의무 불이행,단일로,기타단일로,승용차,보행자,965851,1947554,127.113519,37.52665805,초등학교,풍성초등학교,서울특별시 송파구 강동대로 62,서울특별시 송파구 풍납2동 388-8,37.52655192,127.1144194,서울특별시 송파구청,송파경찰서,Y,3.0,20,2020/02/20,3230000,서울특별시 송파구,20170621,10,22.4,18.8,27.9,0.0,1
2017,20170924,야간,일,2,3,1,0,0,서울,송파구,차대사람,기타,기타,안전운전 의무 불이행,단일로,기타단일로,승용차,보행자,965851,1947554,127.113519,37.52665805,유치원,동화나라유치원,서울특별시 송파구 강동대로3길 23,서울특별시 송파구 풍납2동 238-2,37.52881786,127.115429,서울특별시 송파구청,송파경찰서,Y,1.0,7~8,2020/02/20,3230000,서울특별시 송파구,0,9,22.4,18.8,27.9,0.0,0
2017,20170924,주간,일,1,1,0,0,0,서울,노원구,차대사람,기타,기타,안전운전 의무 불이행,교차로,교차로내,승용차,보행자,963856,1958353,127.0904084,37.62391687,유치원,태랑병설유치원,서울특별시 노원구 화랑로51나길 31,서울특별시 노원구 공릉2동 116,37.62625137,127.0906018,노원구청,노원경찰서,Y,4.0,7~32,2020/07/14,3100000,서울특별시 노원구,0,1,22.4,18.8,27.9,0.0,0
2017,20170924,주간,일,1,1,0,0,0,서울,노원구,차대사람,기타,기타,안전운전 의무 불이행,교차로,교차로내,승용차,보행자,963856,1958353,127.0904084,37.62391687,초등학교,태랑초교,서울특별시 노원구 화랑로51나길 31,서울특별시 노원구 공릉2동 116,37.62625137,127.0906018,노원구청,노원경찰서,Y,4.0,7~32,2020/07/14,3100000,서울특별시 노원구,0,1,22.4,18.8,27.9,0.0,0
2017,20170925,주간,월,1,1,0,0,0,서울,성북구,차대차,측면충돌,측면충돌,신호위반,교차로,교차로내,원동기장치자전거,승용차,957949,1954216,127.0237088,37.58637794,초등학교,안암초등학교,서울특별시 성북구 고려대로7가길 39,,37.58715951,127.0221008,서울특별시 성북구청,서울특별시 성북경찰서,y,1.0,2020-02-28,2020/02/28,3070000,서울특별시 성북구,20160921,9,23.4,17.4,30.1,,1
2017,20170925,주간,월,1,1,0,0,0,서울,성북구,차대차,측면충돌,측면충돌,신호위반,교차로,교차로내,원동기장치자전거,승용차,957949,1954216,127.0237088,37.58637794,어린이집,안암어린이집,서울특별시 성북구 고려대로8길 5,서울특별시 성북구 안암동2가 140-3,37.5856466,127.0214146,서울특별시 성북구청,서울특별시 성북경찰서,Y,1.0,,2020/02/28,3070000,서울특별시 성북구,0,9,23.4,17.4,30.1,,0
2017,20170926,야간,화,1,1,0,0,0,서울,영등포구,차대사람,횡단중,횡단중,안전운전 의무 불이행,단일로,기타단일로,화물차,보행자,947908,1945765,126.91058429999998,37.50969443,어린이집,하나푸르니신길어린이집,서울특별시 영등포구 신길로40길 5,서울특별시 영등포구 신길동 232-20,37.50715227,126.911655,영등포구청,영등포경찰서,Y,3.0,4,2020/06/30,3180000,서울특별시 영등포구,0,11,25.1,19.4,31.4,0.0,0
2017,20170926,야간,화,1,1,0,0,0,서울,영등포구,차대사람,횡단중,횡단중,안전운전 의무 불이행,단일로,기타단일로,화물차,보행자,947908,1945765,126.91058429999998,37.50969443,초등학교,우신초등학교,서울특별시 영등포구 신길로 190,서울특별시 영등포구 신길동 210,37.50986625,126.911892,영등포구청,영등포경찰서,Y,6.0,4~5,2020/06/30,3180000,서울특별시 영등포구,0,98,25.1,19.4,31.4,0.0,0
2017,20170929,야간,금,1,1,0,0,0,서울,강남구,차대사람,보도통행중,보도통행중,신호위반,교차로,교차로부근,승용차,보행자,958912,1946342,127.0350569,37.5154508,어린이집,연화어린이집,서울특별시 강남구 학동로 43길 17,,37.517216,127.037152,서울특별시 강남구청,강남경찰서,Y,1.0,6,2020/06/24,3220000,서울특별시 강남구,0,11,17.4,11.2,23.5,,0
2017,20170929,주간,금,1,1,0,0,0,서울,강남구,차대차,추돌,추돌,과속,단일로,기타단일로,승용차,이륜차,960095,1941705,127.04869470000001,37.47370762,유치원,구룡유치원,서울특별시 서초구 논현로5길 31-11,서울특별시 서초구 양재2동 399-1,37.4711033,127.0489979,서울시 서초구,서초경찰서,Y,1.0,1,2019/06/03,3210000,서울특별시 서초구,0,99,17.4,11.2,23.5,,0
2017,20170929,주간,금,1,1,0,0,0,서울,강남구,차대차,추돌,추돌,과속,단일로,기타단일로,승용차,이륜차,960095,1941705,127.04869470000001,37.47370762,유치원,초원유치원,서울특별시 강남구 논현로14길 17,,37.475915,127.048578,서울특별시 강남구청,수서경찰서,Y,2.0,9.4,2020/06/24,3220000,서울특별시 강남구,0,7,17.4,11.2,23.5,,0
2017,20170929,주간,금,1,1,0,0,0,서울,강남구,차대차,추돌,추돌,과속,단일로,기타단일로,승용차,이륜차,960095,1941705,127.04869470000001,37.47370762,초등학교,포이초등학교,서울특별시 강남구 개포로22길 87,,37.47529287,127.0514162,서울특별시 강남구청,수서경찰서,Y,3.0,14.5,2020/06/24,3220000,서울특별시 강남구,20181105,95,17.4,11.2,23.5,,0
2017,20171002,야간,월,1,1,0,0,0,서울,동대문구,차량단독,공작물충돌,공작물충돌,안전운전 의무 불이행,교차로,교차로내,이륜차,없음,961892,1952689,127.0684474,37.57278641,어린이집,별밭어린이집,서울특별시 동대문구 답십리로66길 3,서울특별시 동대문구 장안동 388,37.57234503,127.0685733,서울특별시 동대문구청,동대문경찰서,Y,1.0,,2019/11/25,3050000,서울특별시 동대문구,0,11,22.0,15.6,29.4,1.5,0
2017,20171002,야간,월,1,1,0,0,0,서울,동대문구,차량단독,공작물충돌,공작물충돌,안전운전 의무 불이행,교차로,교차로내,이륜차,없음,961892,1952689,127.0684474,37.57278641,어린이집,산내들어린이집,서울특별시 동대문구 답십리로59가길14,서울특별시 동대문구 답십리동 1-304,37.57387476,127.0660298,서울특별시 동대문구청,동대문경찰서,Y,1.0,,2019/11/25,3050000,서울특별시 동대문구,0,15,22.0,15.6,29.4,1.5,0
2017,20171002,야간,월,1,1,0,0,0,서울,동대문구,차량단독,공작물충돌,공작물충돌,안전운전 의무 불이행,교차로,교차로내,이륜차,없음,961892,1952689,127.0684474,37.57278641,어린이집,삼성어린이집,서울특별시 동대문구 한천로26길 43,서울특별시 동대문구 장안동 389-4,37.57128823,127.0682469,서울특별시 동대문구청,동대문경찰서,Y,1.0,,2019/11/25,3050000,서울특별시 동대문구,0,16,22.0,15.6,29.4,1.5,0
2017,20171002,야간,월,1,1,0,0,0,서울,동대문구,차량단독,공작물충돌,공작물충돌,안전운전 의무 불이행,교차로,교차로내,이륜차,없음,961892,1952689,127.0684474,37.57278641,어린이집,세서울어린이집,서울특별시 동대문구 한천로26길 23,서울특별시 동대문구 장안동 144-17,37.57172101,127.06723400000001,서울특별시 동대문구청,동대문경찰서,Y,1.0,,2019/11/25,3050000,서울특별시 동대문구,0,6,22.0,15.6,29.4,1.5,0
2017,20171004,야간,수,1,1,0,0,0,서울,강북구,차대차,측면충돌,측면충돌,안전운전 의무 불이행,단일로,기타단일로,승용차,승용차,957017,1958336,127.0129107,37.62346918,유치원,솔샘유치원,서울특별시 강북구 솔샘로 159,서울특별시 강북구 미아동 1354,37.62182382,127.0124058,강북구청,강북경찰서,Y,2.0,30,2019/05/10,3080000,서울특별시 강북구,0,3,16.7,10.7,24.3,,0
2017,20171004,야간,수,1,1,0,0,0,서울,강북구,차대차,측면충돌,측면충돌,안전운전 의무 불이행,단일로,기타단일로,승용차,승용차,957017,1958336,127.0129107,37.62346918,초등학교,서울미양초등학교(미양병설유치원 중복),서울특별시 강북구 솔샘로 195,서울특별시 강북구 미아동 837-687,37.6215317,127.014132,강북구청,강북경찰서,Y,3.0,20,2019/05/10,3080000,서울특별시 강북구,0,95,16.7,10.7,24.3,,0
2017,20171004,야간,수,1,1,0,0,0,서울,강북구,차대차,측면충돌,측면충돌,안전운전 의무 불이행,단일로,기타단일로,승용차,승용차,957017,1958336,127.0129107,37.62346918,초등학교,서울삼양초등학교,서울특별시 강북구 삼양로49길 17,서울특별시 강북구 미아동 791-1932,37.62329377,127.0161486,강북구청,강북경찰서,Y,6.0,20,2019/05/10,3080000,서울특별시 강북구,0,7,16.7,10.7,24.3,,0
2017,20171009,야간,월,1,1,0,0,0,서울,도봉구,차량단독,기타,기타,안전운전 의무 불이행,단일로,기타단일로,이륜차,없음,960407,1965213,127.0509524,37.68560495,초등학교,누원초등학교,서울특별시 도봉구 마들로 859-44,,37.6869304,127.0490694,도봉구청,도봉경찰서,Y,2.0,6~20,2019/09/05,3090000,서울특별시 도봉구,20171020,96,22.5,19.8,27.6,0.0,0
2017,20171010,야간,화,1,1,0,0,0,서울,성북구,차대차,기타,기타,안전운전 의무 불이행,단일로,기타단일로,승용차,승용차,960502,1958054,127.0524173,37.62108386,유치원,광운유치원,서울특별시 성북구 장월로42길 9,서울특별시 성북구 장위동 132-2,37.61914528,127.0537941,서울특별시 성북구청,서울특별시 종암경찰서,Y,1.0,,2020/02/28,3070000,서울특별시 성북구,0,97,21.4,18.6,24.8,0.4,0
2017,20171011,야간,수,1,1,0,0,0,서울,양천구,차대차,측면충돌,측면충돌,안전운전 의무 불이행,교차로,교차로부근,승용차,자전거,941373,1947211,126.8365304,37.52233518,유치원,다솜유치원,서울특별시 양천구 월정로9길 23-4,서울특별시 양천구 신월4동 422-2,37.52423757,126.8387504,서울특별시 양천구청,양천경찰서,Y,2.0,6,2020/06/01,3140000,서울특별시 양천구,0,97,15.5,12.2,21.7,20.0,0
2017,20171011,야간,수,1,1,0,0,0,서울,양천구,차대차,측면충돌,측면충돌,안전운전 의무 불이행,교차로,교차로부근,승용차,자전거,941373,1947211,126.8365304,37.52233518,유치원,상아유치원,서울특별시 양천구 지양로5길 2,서울특별시 양천구 신월7동 953-6,37.52092959,126.8339068,서울특별시 양천구청,양천경찰서,Y,2.0,6,2020/06/01,3140000,서울특별시 양천구,0,98,15.5,12.2,21.7,20.0,0
2017,20171011,야간,수,1,1,0,0,0,서울,양천구,차대차,측면충돌,측면충돌,안전운전 의무 불이행,교차로,교차로부근,승용차,자전거,941373,1947211,126.8365304,37.52233518,어린이집,파랑새어린이집,서울특별시 양천구 남부순환로70길 8,서울특별시 양천구 신월7동 965-1,37.52213246,126.835878,서울특별시 양천구청,양천경찰서,Y,2.0,7,2020/06/01,3140000,서울특별시 양천구,0,97,15.5,12.2,21.7,20.0,0
2017,20171011,야간,수,1,1,0,0,0,서울,양천구,차대차,측면충돌,측면충돌,안전운전 의무 불이행,교차로,교차로부근,승용차,자전거,941373,1947211,126.8365304,37.52233518,어린이집,푸르미어린이집,서울특별시 양천구 남부순환로67길 10-6,서울특별시 양천구 신월4동 419-7,37.523505,126.837462,서울특별시 양천구청,양천경찰서,Y,1.0,5,2020/06/01,3140000,서울특별시 양천구,0,15,15.5,12.2,21.7,20.0,0
2017,20171011,야간,수,1,1,0,0,0,서울,양천구,차대차,측면충돌,측면충돌,안전운전 의무 불이행,교차로,교차로부근,승용차,자전거,941373,1947211,126.8365304,37.52233518,학원,잉글리쉬러닝베이(신월),서울특별시 양천구 지양로 46,서울특별시 양천구 신월7동 972-2,37.520019,126.835471,서울특별시 양천구청,양천경찰서,Y,1.0,7,2020/06/01,3140000,서울특별시 양천구,0,0,15.5,12.2,21.7,20.0,0
2017,20171013,주간,금,1,1,0,0,0,서울,양천구,차대사람,횡단중,횡단중,보행자 보호의무 위반,단일로,기타단일로,승용차,보행자,944431,1946407,126.871196,37.51527798,초등학교,신목초교,서울특별시 양천구 신목로5길 11-6,서울특별시 양천구 신정2동 281-1,37.51660963,126.87268460000001,서울특별시 양천구청,양천경찰서,Y,6.0,6,2020/06/01,3140000,서울특별시 양천구,0,97,12.8,6.1,18.9,,0
2017,20171013,주간,금,1,1,0,0,0,서울,양천구,차대사람,횡단중,횡단중,보행자 보호의무 위반,단일로,기타단일로,승용차,보행자,944431,1946407,126.871196,37.51527798,초등학교,은정초교,서울특별시 양천구 목동로3길 41,서울특별시 양천구 신정7동 276,37.51360068,126.8697062,서울특별시 양천구청,양천경찰서,Y,0.0,14,2020/06/01,3140000,서울특별시 양천구,0,97,12.8,6.1,18.9,,0
2017,20171013,주간,금,1,1,0,0,0,서울,양천구,차대사람,횡단중,횡단중,보행자 보호의무 위반,단일로,기타단일로,승용차,보행자,944431,1946407,126.871196,37.51527798,유치원,세화유치원,서울특별시 양천구 목동동로 130,서울특별시 양천구 신정6동 331,37.51500071,126.8712376,서울특별시 양천구청,양천경찰서,Y,2.0,6,2020/06/01,3140000,서울특별시 양천구,0,7,12.8,6.1,18.9,,0
2017,20171013,주간,금,1,1,0,0,0,서울,양천구,차대사람,횡단중,횡단중,보행자 보호의무 위반,단일로,기타단일로,승용차,보행자,944431,1946407,126.871196,37.51527798,어린이집,양천삼성어린이집,서울특별시 양천구 목동동로8길 36,서울특별시 양천구 신정6동 329-4,37.515519,126.87148800000001,서울특별시 양천구청,양천경찰서,Y,3.0,7,2020/06/01,3140000,서울특별시 양천구,0,97,12.8,6.1,18.9,,0
2017,20171015,주간,일,1,2,1,0,0,서울,영등포구,차대사람,기타,기타,안전운전 의무 불이행,단일로,기타단일로,승용차,보행자,946972,1947698,126.89985459999998,37.52706351,유치원,은하유치원,서울특별시 영등포구 당산로28길 11,서울특별시 영등포구 당산동3가 79,37.5249271,126.8980316,영등포구청,영등포경찰서,Y,1.0,7~7.4,2020/06/30,3180000,서울특별시 영등포구,0,9,15.8,9.0,23.0,,0
2017,20171016,야간,월,1,1,0,0,0,서울,은평구,차대차,측면충돌,측면충돌,신호위반,교차로,교차로횡단보도내,원동기장치자전거,승용차,949049,1956510,126.92274740000002,37.60660411,어린이집,은평감리교회 어린이집,서울특별시 은평구 응암로 376,서울특별시 은평구 응암로 376,37.6044835,126.9232067,서울특별시 은평구,서부경찰서,Y,1.0,6,2019/07/31,3110000,서울특별시 은평구,0,8,16.6,13.6,22.0,,0
2017,20171017,야간,화,1,2,1,0,0,서울,동작구,차대차,측면충돌,측면충돌,신호위반,교차로,교차로내,승용차,원동기장치자전거,948222,1944303,126.91424,37.49653482,어린이집,꿈나무어린이집,서울특별시 영등포구 대방천로 199,서울특별시 영등포구 신길동 3741-18,37.49902264,126.913041,영등포구청,영등포경찰서,Y,1.0,7~9.5,2020/06/30,3180000,서울특별시 영등포구,0,11,16.2,9.2,23.9,,0
2017,20171017,야간,화,1,2,1,0,0,서울,동작구,차대차,측면충돌,측면충돌,신호위반,교차로,교차로내,승용차,원동기장치자전거,948222,1944303,126.91424,37.49653482,초등학교,대길초등학교,서울특별시 영등포구 대방천로 206,서울특별시 영등포구 신길동 4482,37.49817578,126.9131719,영등포구청,영등포경찰서,Y,2.0,7~14,2020/06/30,3180000,서울특별시 영등포구,0,95,16.2,9.2,23.9,,0
2017,20171020,주간,금,1,1,0,0,0,서울,성북구,차대사람,차도통행중,차도통행중,안전운전 의무 불이행,교차로,교차로횡단보도내,승용차,보행자,960409,1957437,127.0513969,37.61551871,어린이집,장위3동어린이집,서울특별시 성북구 돌곶이로32길 43,서울특별시 성북구 장위동 77-64,37.61675603,127.0534217,서울특별시 성북구청,서울특별시 종암경찰서,Y,1.0,,2020/02/28,3070000,서울특별시 성북구,0,10,17.0,11.1,24.2,,0
2017,20171020,야간,금,1,2,0,1,0,서울,노원구,차대차,추돌,추돌,안전운전 의무 불이행,단일로,기타단일로,이륜차,승용차,960910,1963366,127.0567561,37.66897929,초등학교,상원초교,서울특별시 노원구 한글비석로54길 119,서울특별시 노원구 상계9동 645,37.66767304,127.0597184,노원구청,노원경찰서,Y,2.0,12~20,2020/07/14,3100000,서울특별시 노원구,0,96,17.0,11.1,24.2,,0
2017,20171020,야간,금,1,2,0,1,0,서울,노원구,차대차,추돌,추돌,안전운전 의무 불이행,단일로,기타단일로,이륜차,승용차,960910,1963366,127.0567561,37.66897929,유치원,대원유치원,서울특별시 노원구 동일로228길 23,서울특별시 노원구 동일로228길 29,37.6698575,127.0587454,노원구청,노원경찰서,Y,1.0,12~20,2020/07/14,3100000,서울특별시 노원구,0,10,17.0,11.1,24.2,,0
2017,20171024,야간,화,1,1,0,0,0,서울,강남구,차대사람,횡단중,횡단중,과속,단일로,기타단일로,승용차,보행자,959865,1944132,127.0459612,37.4955732,어린이집,역삼가애어린이집,서울특별시 강남구 도곡로37길 15,,37.494809,127.044725,서울특별시 강남구청,수서경찰서,Y,2.0,12,2020/06/24,3220000,서울특별시 강남구,0,13,14.4,9.9,20.9,,0
2017,20171024,주간,화,1,1,0,0,0,서울,서대문구,차대사람,횡단중,횡단중,안전운전 의무 불이행,단일로,기타단일로,건설기계,보행자,951159,1954923,126.94675759999998,37.59241484,초등학교,인왕초등학교,서울특별시 서대문구 세무서길 33-9,서울특별시 서대문구 홍제3동 245-1,37.590337,126.945194,서울특별시 서대문구청,서울특별시 서대문경찰서,Y,5.0,13~15,2019/03/04,3120000,서울특별시 서대문구,0,95,14.4,9.9,20.9,,0
2017,20171024,주간,화,1,1,0,0,0,서울,서대문구,차대사람,횡단중,횡단중,안전운전 의무 불이행,단일로,기타단일로,건설기계,보행자,951159,1954923,126.94675759999998,37.59241484,초등학교,홍제초등학교,서울특별시 서대문구 홍은중앙로13,서울특별시 서대문구 홍은1동 48,37.59292,126.944555,서울특별시 서대문구청,서울특별시 서대문경찰서,Y,3.0,5~17,2019/03/04,3120000,서울특별시 서대문구,0,95,14.4,9.9,20.9,,0
2017,20171024,주간,화,1,1,0,0,0,서울,서대문구,차대사람,횡단중,횡단중,안전운전 의무 불이행,단일로,기타단일로,건설기계,보행자,951159,1954923,126.94675759999998,37.59241484,유치원,인왕초교(병설)유치원,서울특별시 서대문구 세무서길 33-9,서울특별시 서대문구 홍제3동 245-1,37.590337,126.945194,서울특별시 서대문구청,서울특별시 서대문경찰서,Y,1.0,13~15,2019/03/04,3120000,서울특별시 서대문구,0,95,14.4,9.9,20.9,,0
2017,20171024,주간,화,1,1,0,0,0,서울,서대문구,차대사람,횡단중,횡단중,안전운전 의무 불이행,단일로,기타단일로,건설기계,보행자,951159,1954923,126.94675759999998,37.59241484,유치원,홍제초교(병설)유치원,서울특별시 서대문구 홍은중앙로13,서울특별시 서대문구 홍은1동 48,37.59292,126.944555,서울특별시 서대문구청,서울특별시 서대문경찰서,Y,1.0,5~17,2019/03/04,3120000,서울특별시 서대문구,0,95,14.4,9.9,20.9,,0
2017,20171025,야간,수,1,6,3,1,1,서울,서대문구,차대사람,기타,기타,안전운전 의무 불이행,교차로,교차로내,화물차,보행자,952966,1951496,126.967258,37.56171471,초등학교,미동초등학교,서울특별시 서대문구 충정로 52,서울특별시 서대문구 미근동 36,37.563179,126.965787,서울특별시 서대문구청,서울특별시 서대문경찰서,Y,2.0,9~12,2019/03/04,3120000,서울특별시 서대문구,0,97,14.4,9.5,20.6,,0
2017,20171030,주간,월,1,1,0,0,0,서울,강북구,차대사람,횡단중,횡단중,안전운전 의무 불이행,교차로,교차로부근,건설기계,보행자,959345,1958899,127.0392598,37.62864955,초등학교,서울번동초등학교,서울특별시 강북구 오현로 204,서울특별시 강북구 번동 236,37.62903,127.04001,강북구청,강북경찰서,Y,3.0,20,2019/05/10,3080000,서울특별시 강북구,0,97,7.7,2.5,13.2,,0
2017,20171030,주간,월,1,1,0,0,0,서울,강북구,차대사람,횡단중,횡단중,안전운전 의무 불이행,교차로,교차로부근,건설기계,보행자,959345,1958899,127.0392598,37.62864955,어린이집,자연어린이집,서울특별시 강북구 오현로28길 11,서울특별시 강북구 번동 155-5,37.62785,127.03922,강북구청,강북경찰서,Y,2.0,10,2019/05/10,3080000,서울특별시 강북구,0,7,7.7,2.5,13.2,,0
2017,20171030,주간,월,1,1,0,0,0,서울,강북구,차대사람,횡단중,횡단중,안전운전 의무 불이행,교차로,교차로부근,건설기계,보행자,959345,1958899,127.0392598,37.62864955,어린이집,꼬꼬마어린이집,서울특별시 강북구 한천로109길 57-15,서울특별시 강북구 번동 177-2,37.62764,127.04204,강북구청,강북경찰서,Y,1.0,5,2019/05/10,3080000,서울특별시 강북구,0,10,7.7,2.5,13.2,,0
2017,20171102,주간,목,1,1,0,0,0,서울,중랑구,차대사람,차도통행중,차도통행중,안전운전 의무 불이행,단일로,기타단일로,승용차,보행자,963644,1956073,127.0881194,37.60335827,어린이집,상봉어린이집,서울특별시 중랑구 상봉중앙로6길 57,서울특별시 중랑구 상봉1동 287-1,37.60202594,127.0901512,서울특별시 중랑구청,중랑경찰서,Y,,,2020/03/04,3060000,서울특별시 중랑구,0,96,15.5,14.0,18.0,1.0,0
2017,20171103,야간,금,1,1,0,0,0,서울,노원구,차대차,기타,기타,안전운전 의무 불이행,단일로,지하차도(도로)내,승용차,이륜차,962137,1959011,127.0708947,37.62977834,유치원,꽃동산유치원,서울특별시 노원구 공릉로 257,서울특별시 노원구 공릉동 481-3,37.6307787,127.0739994,노원구청,노원경찰서,Y,1.0,8,2020/07/14,3100000,서울특별시 노원구,0,10,12.3,6.1,16.6,1.5,0
2017,20171103,야간,금,1,1,0,0,0,서울,노원구,차대차,기타,기타,안전운전 의무 불이행,단일로,지하차도(도로)내,승용차,이륜차,962137,1959011,127.0708947,37.62977834,유치원,사라유치원,서울특별시 노원구 동일로198가길 13,서울특별시 노원구 공릉3동 714,37.629848,127.0726209,노원구청,노원경찰서,Y,1.0,10~28,2020/07/14,3100000,서울특별시 노원구,0,6,12.3,6.1,16.6,1.5,0
2017,20171103,야간,금,1,1,0,0,0,서울,노원구,차대차,기타,기타,안전운전 의무 불이행,단일로,지하차도(도로)내,승용차,이륜차,962137,1959011,127.0708947,37.62977834,유치원,예진유치원,서울특별시 노원구 섬밭로 123,서울특별시 노원구 공릉3동 715,37.62802146,127.06839590000001,노원구청,노원경찰서,Y,1.0,19~27,2020/07/14,3100000,서울특별시 노원구,0,97,12.3,6.1,16.6,1.5,0
2017,20171103,야간,금,1,1,0,0,0,서울,노원구,차대차,기타,기타,안전운전 의무 불이행,단일로,지하차도(도로)내,승용차,이륜차,962137,1959011,127.0708947,37.62977834,초등학교,용원초교,서울특별시 노원구 섬밭로 144,서울특별시 노원구 공릉3동 709,37.62992402,127.0689414,노원구청,노원경찰서,Y,2.0,19~27,2020/07/14,3100000,서울특별시 노원구,0,98,12.3,6.1,16.6,1.5,0
2017,20171104,주간,토,1,1,0,0,0,서울,동대문구,차대사람,차도통행중,차도통행중,안전운전 의무 불이행,단일로,기타단일로,승용차,보행자,959789,1953228,127.0446032,37.57755510000001,유치원,그림유치원,서울특별시 동대문구 답십리로 56,서울특별시 동대문구 전농동 643-36,37.576049,127.0471757,서울특별시 동대문구청,동대문경찰서,Y,1.0,,2019/11/25,3050000,서울특별시 동대문구,0,11,7.8,4.5,13.7,,0
2017,20171106,주간,월,1,1,0,0,0,서울,구로구,차대차,기타,기타,안전운전 의무 불이행,교차로,교차로내,승용차,자전거,940293,1943530,126.824608,37.48908893,유치원,동정성모유치원,서울특별시 구로구 경인로2길 11,,37.48985001,126.8273989,서울특별시 구로구청,구로경찰서,Y,,,2019/10/28,3160000,서울특별시 구로구,0,95,11.4,8.0,16.5,,0
2017,20171106,주간,월,1,1,0,0,0,서울,구로구,차대차,기타,기타,안전운전 의무 불이행,교차로,교차로내,승용차,자전거,940293,1943530,126.824608,37.48908893,초등학교,오정초등학교,서울특별시 구로구 경인로2길 10,,37.49016576,126.8264393,서울특별시 구로구청,구로경찰서,Y,,,2019/10/28,3160000,서울특별시 구로구,0,95,11.4,8.0,16.5,,0
2017,20171106,주간,월,1,1,0,0,0,서울,구로구,차대차,기타,기타,안전운전 의무 불이행,교차로,교차로내,승용차,자전거,940293,1943530,126.824608,37.48908893,특수학교,성베드로학교,서울특별시 구로구 연동로 320,,37.4875236,126.826165,서울특별시 구로구청,구로경찰서,Y,,,2019/10/28,3160000,서울특별시 구로구,0,97,11.4,8.0,16.5,,0
2017,20171107,주간,화,1,1,0,0,0,서울,구로구,차대사람,횡단중,횡단중,안전운전 의무 불이행,단일로,기타단일로,승합차,보행자,945623,1943361,126.8849089,37.48789498,유치원,서울남유치원,서울특별시 구로구 구로동로17길 37-4,,37.488008,126.881845,서울특별시 구로구청,구로경찰서,Y,,,2019/10/28,3160000,서울특별시 구로구,0,10,14.4,9.2,18.4,0.0,0
2017,20171107,주간,화,1,1,0,0,0,서울,구로구,차대사람,횡단중,횡단중,안전운전 의무 불이행,단일로,기타단일로,승합차,보행자,945623,1943361,126.8849089,37.48789498,어린이집,예뜰어린이집,서울특별시 구로구 구로동로7길 27,,37.48599142,126.884695,서울특별시 구로구청,구로경찰서,Y,,,2019/10/28,3160000,서울특별시 구로구,0,16,14.4,9.2,18.4,0.0,0
2017,20171107,주간,화,1,1,0,0,0,서울,구로구,차대사람,횡단중,횡단중,안전운전 의무 불이행,단일로,기타단일로,승합차,보행자,945623,1943361,126.8849089,37.48789498,초등학교,영일초등학교,서울특별시 구로구 남부순환로105길 218,,37.48564457,126.88381140000001,서울특별시 구로구청,구로경찰서,Y,,,2019/10/28,3160000,서울특별시 구로구,0,96,14.4,9.2,18.4,0.0,0
2017,20171108,야간,수,1,1,0,0,0,서울,용산구,차량단독,공작물충돌,공작물충돌,안전운전 의무 불이행,단일로,기타단일로,승용차,없음,951708,1947518,126.95346380000002,37.52570134,어린이집,이촌어린이집,서울특벽시 용산구 이촌로14길 11-22,서울특별시 용산구 이촌동 206-1,37.52695898,126.9545216,용산구청,용산경찰서,Y,,8~9,2020/02/18,3020000,서울특별시 용산구,0,6,13.1,6.9,17.2,0.0,0
2017,20171108,야간,수,1,1,0,0,0,서울,성북구,차대차,측면충돌,측면충돌,중앙선 침범,교차로,교차로횡단보도내,자전거,화물차,961190,1957126,127.06026259999999,37.61274891,초등학교,석관초등학교,서울특별시 성북구 돌곶이로22길 21,서울특별시 성북구 석관동 205,37.61102341,127.0583548,서울특별시 성북구청,서울특별시 종암경찰서,Y,1.0,,2020/02/28,3070000,서울특별시 성북구,0,95,13.1,6.9,17.2,0.0,0
2017,20171108,야간,수,1,1,0,0,0,서울,성북구,차대차,측면충돌,측면충돌,중앙선 침범,교차로,교차로횡단보도내,자전거,화물차,961190,1957126,127.06026259999999,37.61274891,유치원,석관병설유치원,서울특별시 성북구 돌곶이로22길 21,서울특별시 성북구 석관동 205,37.61102341,127.0583548,서울특별시 성북구청,서울특별시 종암경찰서,Y,1.0,,2020/02/28,3070000,서울특별시 성북구,0,95,13.1,6.9,17.2,0.0,0
2017,20171108,주간,수,1,1,0,0,0,서울,송파구,차대사람,횡단중,횡단중,안전운전 의무 불이행,단일로,기타단일로,건설기계,보행자,966981,1942338,127.1265418,37.47968495,유치원,별나라유치원,서울특별시 송파구 새말로8길 12,서울특별시 송파구 장지동 72-3,37.481381,127.1257877,서울특별시 송파구청,송파경찰서,Y,1.0,15,2020/02/20,3230000,서울특별시 송파구,0,9,13.1,6.9,17.2,0.0,0
2017,20171108,주간,수,1,1,0,0,0,서울,송파구,차대사람,횡단중,횡단중,안전운전 의무 불이행,단일로,기타단일로,건설기계,보행자,966981,1942338,127.1265418,37.47968495,유치원,생명나무유치원,서울특별시 송파구 송파대로8길 17,서울특별시 송파구 장지동 843-2,37.47800137,127.1291602,서울특별시 송파구청,송파경찰서,Y,1.0,15~21,2020/02/20,3230000,서울특별시 송파구,0,9,13.1,6.9,17.2,0.0,0
2017,20171109,야간,목,1,1,0,0,0,서울,송파구,차대사람,횡단중,횡단중,안전운전 의무 불이행,단일로,기타단일로,승합차,보행자,965141,1945371,127.1055874,37.50695518,유치원,기린유치원,서울특별시 송파구 백제고분로41길 20,서울특별시 송파구 송파1동 24,37.507711,127.107597,서울특별시 송파구청,송파경찰서,Y,1.0,6~10,2020/02/20,3230000,서울특별시 송파구,0,11,9.4,3.7,16.8,,0
2017,20171109,야간,목,1,1,0,0,0,서울,송파구,차대사람,횡단중,횡단중,안전운전 의무 불이행,교차로,교차로횡단보도내,승용차,보행자,965258,1945244,127.1069171,37.50581488,유치원,기린유치원,서울특별시 송파구 백제고분로41길 20,서울특별시 송파구 송파1동 24,37.507711,127.107597,서울특별시 송파구청,송파경찰서,Y,1.0,6~10,2020/02/20,3230000,서울특별시 송파구,0,11,9.4,3.7,16.8,,0
2017,20171109,야간,목,1,1,0,0,0,서울,송파구,차대사람,횡단중,횡단중,안전운전 의무 불이행,교차로,교차로횡단보도내,승용차,보행자,965258,1945244,127.1069171,37.50581488,어린이집,행복한어린이집,서울특별시 송파구 백제고분로42길 5,서울특별시 송파구 송파1동 113-2,37.5059306,127.109705,서울특별시 송파구청,송파경찰서,Y,1.0,9,2020/02/20,3230000,서울특별시 송파구,0,11,9.4,3.7,16.8,,0
2017,20171113,야간,월,1,1,0,0,0,서울,강남구,차대차,측면충돌,측면충돌,신호위반,교차로,교차로내,승합차,이륜차,960395,1946386,127.0518354,37.51591225,유치원,영동제일유치원,서울특별시 강남구 삼성로120길 28,,37.517579,127.053437,서울특별시 강남구청,강남경찰서,Y,2.0,5.8,2020/06/24,3220000,서울특별시 강남구,0,97,8.4,3.1,11.8,4.5,0
2017,20171113,야간,월,1,1,0,0,0,서울,강남구,차대차,측면충돌,측면충돌,신호위반,교차로,교차로내,승합차,이륜차,960395,1946386,127.0518354,37.51591225,특수학교,정애학교,서울특별시 강남구 봉은사로81길 16,,37.514363,127.054425,서울특별시 강남구청,강남경찰서,Y,2.0,6,2020/06/24,3220000,서울특별시 강남구,0,10,8.4,3.1,11.8,4.5,0
2017,20171114,주간,화,2,2,0,0,0,서울,성동구,차량단독,공작물충돌,공작물충돌,안전운전 의무 불이행,단일로,기타단일로,원동기장치자전거,없음,961129,1949480,127.0599772,37.54383079,초등학교,성수초등학교,서울특별시 성동구 아차산로17길 21,서울특별시 성동구 성수동2가 277-32,37.54431493,127.0631573,서울특별시 성동구,성동경찰서,Y,3.0,5~8,2020/06/17,3030000,서울특별시 성동구,20180426,96,7.5,2.9,11.4,,0
2017,20171114,주간,화,2,2,0,0,0,서울,성동구,차량단독,공작물충돌,공작물충돌,안전운전 의무 불이행,단일로,기타단일로,원동기장치자전거,없음,961129,1949480,127.0599772,37.54383079,유치원,윤진유치원,서울특별시 광진구 아차산로 21길 15 (화양동),서울특별시 광진구 화양동 42-21,37.542766,127.062718,서울특별시청,광진경찰서,Y,2.0,,2019/02/20,3040000,서울특별시 광진구,0,9,7.5,2.9,11.4,,0
2017,20171123,야간,목,1,1,0,0,0,서울,관악구,차대사람,차도통행중,차도통행중,안전운전 의무 불이행,단일로,기타단일로,승용차,보행자,947462,1942505,126.905771,37.48028615,유치원,양지유치원,서울특별시 금천구 독산로 108길 37,서울특별시 금천구 독산동 899-16,37.479638,126.905967,서울특별시 금천구청,금천경찰서,Y,1.0,6~10,2020/02/20,3170000,서울특별시 금천구,0,98,0.9,-2.5,4.7,1.2,0
2017,20171124,주간,금,1,2,0,1,0,서울,구로구,차대사람,기타,기타,신호위반,교차로,교차로내,화물차,보행자,941617,1943339,126.839599,37.4874521,초등학교,오류남초등학교,서울특별시 구로구 서해안로24길 22,,37.489606,126.83911370000001,서울특별시 구로구청,구로경찰서,Y,,,2019/10/28,3160000,서울특별시 구로구,20170605,96,-0.4,-2.5,2.9,0.0,1
2017,20171127,야간,월,1,2,1,0,0,서울,종로구,차량단독,공작물충돌,공작물충돌,안전운전 의무 불이행,단일로,기타단일로,승용차,없음,954787,1952774,126.9879846,37.57323099,초등학교,"교동, 운현초등학교","서울특별시 종로구 삼일대로454,","서울특별시 종로구 경운동 2, 운니동 114-7",37.5748894,126.9878998,종로구청,종로경찰서,Y,3.0,6~30,2019/01/14,3000000,서울특별시 종로구,0,10,2.5,-2.9,9.5,,0
2017,20171130,야간,목,1,1,0,0,0,서울,노원구,차대사람,보도통행중,보도통행중,안전운전 의무 불이행,교차로,교차로내,승합차,보행자,962856,1957763,127.0791064,37.61855918,유치원,미림유치원,서울특별시 중랑구 공릉로 65,서울특별시 중랑구 묵1동 162-1,37.61646036,127.0793223,서울특별시 중랑구청,중랑경찰서,Y,,,2020/03/04,3060000,서울특별시 중랑구,0,9,-2.4,-5.2,2.7,,0
2017,20171201,야간,금,1,1,0,0,0,서울,강서구,차대사람,횡단중,횡단중,보행자 보호의무 위반,교차로,교차로횡단보도내,화물차,보행자,941162,1949185,126.8339845,37.54011342,어린이집,강서중앙어린이집,서울특별시 양천구 월정로42길 7,서울특별시 양천구 신월5동 22-15,37.54057367,126.8329803,서울특별시 양천구청,양천경찰서,Y,1.0,5,2020/06/01,3140000,서울특별시 양천구,0,98,-2.2,-7.6,3.1,0.0,0
2017,20171202,야간,토,1,1,0,0,0,서울,성북구,차대사람,횡단중,횡단중,안전운전 의무 불이행,교차로,교차로부근,화물차,보행자,959060,1954916,127.036253,37.59273731,초등학교,숭례초등학교,서울특별시 성북구 종암로5길 14,서울특별시 성북구 종암동 22-1,37.59452281,127.0352968,서울특별시 성북구청,서울특별시 종암경찰서,Y,1.0,,2020/02/28,3070000,서울특별시 성북구,20161110,96,1.9,-4.6,8.1,,1
2017,20171202,야간,토,1,1,0,0,0,서울,성북구,차대사람,횡단중,횡단중,안전운전 의무 불이행,교차로,교차로부근,화물차,보행자,959060,1954916,127.036253,37.59273731,유치원,숭례병설유치원,서울특별시 성북구 종암로5길 14,서울특별시 성북구 종암동 22-1,37.59452281,127.0352968,서울특별시 성북구청,서울특별시 종암경찰서,Y,1.0,,2020/02/28,3070000,서울특별시 성북구,0,96,1.9,-4.6,8.1,,0
2017,20171204,주간,월,1,1,0,0,0,서울,동대문구,차대사람,기타,기타,안전운전 의무 불이행,단일로,기타단일로,화물차,보행자,961413,1955971,127.0628502,37.60234801,초등학교,이문초교,서울특별시 동대문구 신이문로 16,서울특별시 동대문구 이문동 164-26,37.60189478,127.0648841,서울특별시 동대문구청,동대문경찰서,Y,2.0,,2019/11/25,3050000,서울특별시 동대문구,0,97,-1.2,-6.1,4.5,0.1,0
2017,20171204,주간,월,1,1,0,0,0,서울,동대문구,차대사람,기타,기타,안전운전 의무 불이행,단일로,기타단일로,화물차,보행자,961413,1955971,127.0628502,37.60234801,유치원,이문초교병설유치원,서울특별시 동대문구 신이문로 16,서울특별시 동대문구 이문동 164-26,37.60189478,127.0648841,서울특별시 동대문구청,동대문경찰서,Y,0.0,,2019/11/25,3050000,서울특별시 동대문구,0,97,-1.2,-6.1,4.5,0.1,0
2017,20171212,야간,화,1,1,0,0,0,서울,동대문구,차대차,측면충돌,측면충돌,안전운전 의무 불이행,교차로,교차로부근,이륜차,화물차,957891,1952985,127.0231226,37.57528,어린이집,한빛어린이집,서울특별시 종로구 종로65길 10,서울특별시 종로구 숭인2동 178-167,37.574807,127.019976,종로구청,혜화경찰서,Y,2.0,4~8,2019/01/14,3000000,서울특별시 종로구,0,12,-9.4,-12.3,-5.2,,0
2017,20171213,야간,수,1,1,0,0,0,서울,중랑구,차대사람,횡단중,횡단중,안전운전 의무 불이행,단일로,기타단일로,승용차,보행자,963109,1954784,127.0821234,37.59171885,어린이집,나래어린이집,서울특별시 중랑구 봉우재로 94-3,서울특별시 중랑구 면목2동 133-3,37.59172695,127.0837119,서울특별시 중랑구청,중랑경찰서,Y,,,2020/03/04,3060000,서울특별시 중랑구,0,10,-8.7,-12.0,-4.4,,0
2017,20171216,주간,토,1,1,0,0,0,서울,송파구,차대차,기타,기타,안전운전 의무 불이행,단일로,기타단일로,이륜차,승용차,966573,1948370,127.12165300000002,37.53403947,어린이집,풍성어린이집,서울특별시 송파구 풍성로25길 21-3,서울특별시 송파구 풍납1동 485-14,37.535373,127.1204235,서울특별시 송파구청,송파경찰서,Y,1.0,6~10,2020/02/20,3230000,서울특별시 송파구,0,10,-5.7,-8.1,-2.6,,0
2017,20171217,야간,일,1,3,0,2,0,서울,서초구,차대사람,차도통행중,차도통행중,과속,단일로,기타단일로,승용차,보행자,959378,1940491,127.040653,37.46273408,초등학교,장안초등학교,서울특별시 광진구 군자로 74,서울특별시 광진구 군자동 365-1,37.461499,127.038198,서울특별시청,광진경찰서,Y,6.0,,2019/02/20,3040000,서울특별시 광진구,20170529,95,-6.7,-10.8,-2.3,,1
2017,20171218,야간,월,1,1,0,0,0,서울,강북구,차대사람,횡단중,횡단중,안전운전 의무 불이행,단일로,기타단일로,승용차,보행자,957448,1959239,127.0177421,37.63162811,초등학교,서울수유초등학교(수유병설유치원 중복),서울특별시 강북구 삼양로74길 39,서울특별시 강북구 수유동 55-5,37.63125,127.02029,강북구청,강북경찰서,Y,8.0,6,2019/05/10,3080000,서울특별시 강북구,0,96,-1.6,-5.9,3.3,3.4,0
2017,20171218,야간,월,1,1,0,0,0,서울,강북구,차대사람,횡단중,횡단중,안전운전 의무 불이행,단일로,기타단일로,승용차,보행자,957448,1959239,127.0177421,37.63162811,어린이집,신기어린이집,서울특별시 강북구 삼양로79길 12,서울특별시 강북구 수유동 472-236,37.63099889,127.01702,강북구청,강북경찰서,Y,2.0,7,2019/05/10,3080000,서울특별시 강북구,0,7,-1.6,-5.9,3.3,3.4,0
2017,20171222,주간,금,1,1,0,0,0,서울,광진구,차대차,기타,기타,안전운전 의무 불이행,기타,기타,원동기장치자전거,건설기계,963798,1949349,127.0901962,37.54275876,유치원,샬롬유치원,서울특별시 광진구 아차산로65길 65 (구의동),서울특별시 광진구 구의3동 208-15,37.542405,127.089659,서울특별시청,광진경찰서,Y,2.0,,2019/02/20,3040000,서울특별시 광진구,0,9,3.4,-1.9,6.6,,0
2017,20171222,주간,금,1,1,0,0,0,서울,광진구,차대차,기타,기타,안전운전 의무 불이행,기타,기타,원동기장치자전거,건설기계,963798,1949349,127.0901962,37.54275876,유치원,청구이화유치원,서울특별시 광진구 아차산로499(광장동 청구),서울특별시 광진구 광장동 566,37.543127,127.093437,서울특별시청,광진경찰서,Y,1.0,,2019/02/20,3040000,서울특별시 광진구,0,10,3.4,-1.9,6.6,,0
2017,20171222,주간,금,1,1,0,0,0,서울,광진구,차대차,기타,기타,안전운전 의무 불이행,기타,기타,원동기장치자전거,건설기계,963798,1949349,127.0901962,37.54275876,어린이집,우리티움아이어린이집,서울특별시 광진구 구의로4길 21 (구의동),서울특별시 광진구 구의3동 209-44,37.540118,127.09053100000001,서울특별시청,광진경찰서,Y,1.0,,2019/02/20,3040000,서울특별시 광진구,0,15,3.4,-1.9,6.6,,0
2017,20171222,야간,금,1,1,0,0,0,서울,성동구,차대차,측면충돌,측면충돌,중앙선 침범,단일로,기타단일로,이륜차,승용차,958864,1950827,127.0342625,37.55587337,유치원,세성유치원,서울특별시 성동구 독서당로 434,서울특별시 성동구 응봉동 100,37.55386308,127.0340554,서울특별시 성동구,성동경찰서,Y,1.0,24,2020/06/17,3030000,서울특별시 성동구,0,9,3.4,-1.9,6.6,,0
2017,20171222,야간,금,1,1,0,0,0,서울,성동구,차대차,측면충돌,측면충돌,중앙선 침범,단일로,기타단일로,이륜차,승용차,958864,1950827,127.0342625,37.55587337,유치원,율화유치원,서울특별시 성동구 고산자로 164,서울특별시 성동구 행당동 349,37.55648283,127.0352744,서울특별시 성동구,성동경찰서,Y,1.0,12,2020/06/17,3030000,서울특별시 성동구,0,6,3.4,-1.9,6.6,,0
2017,20171222,야간,금,1,1,0,0,0,서울,성동구,차대차,측면충돌,측면충돌,중앙선 침범,단일로,기타단일로,이륜차,승용차,958864,1950827,127.0342625,37.55587337,초등학교,행당초등학교,서울특별시 성동구 고산자로8길 6,서울특별시 성동구 행당동 320-60,37.55701994,127.0348717,서울특별시 성동구,성동경찰서,Y,5.0,4~8,2020/06/17,3030000,서울특별시 성동구,20180820,96,3.4,-1.9,6.6,,0
2017,20171223,주간,토,1,1,0,0,0,서울,노원구,차대차,기타,기타,안전운전 의무 불이행,교차로,교차로내,승용차,원동기장치자전거,962003,1960079,127.0693205,37.63939891,초등학교,용동초교,서울특별시 노원구 한글비석로1길 81-11,서울특별시 노원구 중계3동 510-7,37.64108534,127.0690832,노원구청,노원경찰서,Y,2.0,7~20,2020/07/14,3100000,서울특별시 노원구,0,96,6.1,5.0,8.7,,0
2017,20171223,주간,토,1,1,0,0,0,서울,노원구,차대차,기타,기타,안전운전 의무 불이행,교차로,교차로내,승용차,원동기장치자전거,962003,1960079,127.0693205,37.63939891,유치원,성실유치원,서울특별시 노원구 한글비석로1길 28,서울특별시 노원구 하계1동 251,37.63894724,127.07070820000001,노원구청,노원경찰서,Y,1.0,5.6~9,2020/07/14,3100000,서울특별시 노원구,0,6,6.1,5.0,8.7,,0
2017,20171228,야간,목,1,1,0,0,0,서울,동대문구,차대사람,기타,기타,안전운전 의무 불이행,단일로,기타단일로,화물차,보행자,957912,1952943,127.0233629,37.57490241,어린이집,한빛어린이집,서울특별시 종로구 종로65길 10,서울특별시 종로구 숭인2동 178-167,37.574807,127.019976,종로구청,혜화경찰서,Y,2.0,4~8,2019/01/14,3000000,서울특별시 종로구,0,12,-2.1,-6.8,0.8,0.0,0
