발생년,발생년월일,주야,요일,사망자수,사상자수,중상자수,경상자수,부상신고자,발생지시도,발생지시군,사고유형_,사고유형,법규위반_,법규위반,도로형태_,도로형태,가해자_당,피해자_당,발생위치X_,발생위치Y_,경도,위도,시설종류,대상시설명,소재지도로,소재지지번,위도_2,경도_2,관리기관명,관할경찰서,CCTV설치여,CCTV설치대,보호구역도,데이터기준,제공기관코,제공기관명,옐로카펫_,보호구역_
2018,20181215,야,토,1,1,0,0,0,서울,성북구,차량단독,공작물충돌,운전자법규위반,안전운전 의무 불이행,단일로,기타단일로,이륜차,없음,956967,1954807,127.0125517,37.59165934,초등학교,돈암초등학교,서울특별시 성북구 동소문로13길 38,서울특별시 성북구 동소문동6가 27-1,37.5937453,127.0131031,서울특별시 성북구청,서울특별시 성북경찰서,Y,1,,2020-02-28,3070000,서울특별시 성북구,0,95
2018,20181215,야,토,1,1,0,0,0,서울,성북구,차량단독,공작물충돌,운전자법규위반,안전운전 의무 불이행,단일로,기타단일로,이륜차,없음,956967,1954807,127.0125517,37.59165934,유치원,돈암병설유치원,서울특별시 성북구 동소문로13길 38,서울특별시 성북구 동소문동6가 27-1,37.5937453,127.0131031,서울특별시 성북구청,서울특별시 성북경찰서,Y,1,,2020-02-28,3070000,서울특별시 성북구,0,95
2018,20180823,주,목,1,1,0,0,0,서울,강북구,차량단독,기타,운전자법규위반,기타(운전자법규위반),단일로,기타단일로,승합차,없음,958020,1959193,127.0242273,37.63123983,유치원,운산유치원,서울특별시 강북구 수유로4길 58,서울특별시 강북구 수유동 52-21,37.63207,127.02172,강북구청,강북경찰서,Y,2,7,2019-05-10,3080000,서울특별시 강북구,0,98
2018,20180716,야,월,1,1,0,0,0,서울,강북구,차대사람,기타,운전자법규위반,안전운전 의무 불이행,교차로,교차로횡단보도내,화물차,보행자,957606,1958258,127.0195897,37.62279351,어린이집,솔바람어린이집,서울특별시 강북구 삼양로41길 60,서울특별시 강북구 미아동 791-2119,37.6217,127.01686,강북구청,강북경찰서,Y,2,7,2019-05-10,3080000,서울특별시 강북구,0,10
2018,20181230,야,일,1,1,0,0,0,서울,강북구,차대사람,횡단중,운전자법규위반,안전운전 의무 불이행,단일로,기타단일로,승용차,보행자,957823,1957100,127.0221154,37.61236625,초등학교,미아초등학교,서울특별시 성북구 삼양로 77,서울특별시 성북구 길음동 1168,37.6105142,127.0216457,서울특별시 성북구청,서울특별시 성북경찰서,Y,1,,2020-02-28,3070000,서울특별시 성북구,2018-04-07,96
2018,20181230,야,일,1,1,0,0,0,서울,강북구,차대사람,횡단중,운전자법규위반,안전운전 의무 불이행,단일로,기타단일로,승용차,보행자,957823,1957100,127.0221154,37.61236625,유치원,명덕유치원,서울특별시 성북구 삼양로 74,,37.60986433,127.0229093,서울특별시 성북구청,서울특별시 종암경찰서,Y,1,7,2020-02-28,3070000,서울특별시 성북구,0,97
2018,20180129,주,월,1,1,0,0,0,서울,광진구,차대사람,횡단중,운전자법규위반,신호위반,단일로,기타단일로,화물차,보행자,963182,1948990,127.0832413,37.53949856,어린이집,구의3동어린이집,서울특별시 광진구 광나루로54길 36 (구의동),서울특별시 광진구 구의3동 199-21,37.539328,127.086356,서울특별시청,광진경찰서,Y,2,,2019-02-20,3040000,서울특별시 광진구,0,10
2018,20180204,주,일,1,1,0,0,0,서울,영등포구,차대사람,횡단중,운전자법규위반,신호위반,교차로,교차로내,승합차,보행자,946758,1944726,126.8976481,37.50026411,유치원,도신초등학교병설유치원,서울특별시 영등포구 도림로53길 32-9,서울특별시 영등포구 대림3동 741-3,37.49926879,126.9007128,영등포구청,영등포경찰서,Y,1,6~7,2020-06-30,3180000,서울특별시 영등포구,0,95
2018,20180204,주,일,1,1,0,0,0,서울,영등포구,차대사람,횡단중,운전자법규위반,신호위반,교차로,교차로내,승합차,보행자,946758,1944726,126.8976481,37.50026411,초등학교,신영초등학교,서울특별시 영등포구 도신로4길 32,서울특별시 영등포구 대림3동 781,37.50100557,126.8960964,영등포구청,영등포경찰서,Y,6,6.5~8.5,2020-06-30,3180000,서울특별시 영등포구,0,95
2018,20180204,주,일,1,1,0,0,0,서울,영등포구,차대사람,횡단중,운전자법규위반,신호위반,교차로,교차로내,승합차,보행자,946758,1944726,126.8976481,37.50026411,초등학교,도신초등학교,서울특별시 영등포구 도림로53길 32-9,서울특별시 영등포구 대림3동 741-3,37.49926879,126.9007128,영등포구청,영등포경찰서,Y,3,6~7,2020-06-30,3180000,서울특별시 영등포구,0,95
2018,20180804,야,토,1,1,0,0,0,서울,중랑구,차대사람,보도통행중,운전자법규위반,신호위반,단일로,기타단일로,자전거,보행자,963551,1954643,127.087137,37.59046559,초등학교,서울면목초등학교,서울특별시 중랑구 면목로 434,서울특별시 중랑구 면목본동 221,37.59069723,127.0872887,서울특별시 중랑구청,중랑경찰서,Y,,,2020-03-04,3060000,서울특별시 중랑구,0,97
2018,20180809,주,목,1,1,0,0,0,서울,관악구,차대사람,차도통행중,운전자법규위반,안전운전 의무 불이행,교차로,교차로내,화물차,보행자,948543,1941973,126.9180342,37.47555196,초등학교,난우초등학교,서울특별시 관악구 난우길 40,,37.47711703,126.9176507,서울특별시 관악구청,서울관악경찰서,Y,7,5~12,2020-05-31,3200000,서울특별시 관악구,0,95
2018,20180809,주,목,1,1,0,0,0,서울,관악구,차대사람,차도통행중,운전자법규위반,안전운전 의무 불이행,교차로,교차로내,화물차,보행자,948543,1941973,126.9180342,37.47555196,유치원,애동유치원,서울특별시 관악구 법원단지길 56,,37.47381393,126.920254,서울특별시 관악구청,서울관악경찰서,Y,2,8,2020-05-31,3200000,서울특별시 관악구,0,98
2018,20180809,주,목,1,1,0,0,0,서울,관악구,차대사람,차도통행중,운전자법규위반,안전운전 의무 불이행,교차로,교차로내,화물차,보행자,948543,1941973,126.9180342,37.47555196,어린이집,미라클어린이집,서울특별시 관악구 법원단지2길 15-4,,37.473654,126.919802,서울특별시 관악구청,서울관악경찰서,Y,1,4~6,2020-05-31,3200000,서울특별시 관악구,0,13
2018,20180719,야,목,1,1,0,0,0,서울,강남구,차대차,추돌,운전자법규위반,안전운전 의무 불이행,단일로,기타단일로,승용차,건설기계,958982,1947813,127.0357669,37.52871253,어린이집,압구정아람어린이집,서울특별시 강남구 압구정로 311,,37.52934822,127.0356146,서울특별시 강남구청,강남경찰서,Y,3,30,2020-06-24,3220000,서울특별시 강남구,0,13
2018,20180918,야,화,1,1,0,0,0,서울,강서구,차대사람,횡단중,운전자법규위반,신호위반,교차로,교차로내,승합차,보행자,944291,1950110,126.8693309,37.54864494,유치원,동연유치원,서울특별시 양천구 목동중앙북로7길 22,서울특별시 양천구 목3동 602-16,37.548809,126.8677075,서울특별시 양천구청,양천경찰서,Y,3,6,2020-06-01,3140000,서울특별시 양천구,0,97
2018,20180918,야,화,1,1,0,0,0,서울,강서구,차대사람,횡단중,운전자법규위반,신호위반,교차로,교차로내,승합차,보행자,944291,1950110,126.8693309,37.54864494,유치원,신목유치원,서울특별시 양천구 목동중앙북로10길 7-10,서울특별시 양천구 목2동 504-12,37.546331,126.870203,서울특별시 양천구청,양천경찰서,Y,2,6,2020-06-01,3140000,서울특별시 양천구,0,97
2018,20180822,야,수,1,1,0,0,0,서울,송파구,차량단독,공작물충돌,운전자법규위반,안전운전 의무 불이행,단일로,기타단일로,이륜차,없음,966367,1945328,127.1194606,37.5066131,유치원,시연유치원,서울특별시 송파구 오금로24길 25,서울특별시 송파구 송파2동 162-3,37.50484924,127.1173577,서울특별시 송파구청,송파경찰서,Y,1,6,2020-02-20,3230000,서울특별시 송파구,0,8
2018,20180822,야,수,1,1,0,0,0,서울,송파구,차량단독,공작물충돌,운전자법규위반,안전운전 의무 불이행,단일로,기타단일로,이륜차,없음,966367,1945328,127.1194606,37.5066131,유치원,예은유치원,서울특별시 송파구 오금로32길 13,서울특별시 송파구 송파2동 395,37.504712,127.120402,서울특별시 송파구청,송파경찰서,Y,1,14~16,2020-02-20,3230000,서울특별시 송파구,0,9
2018,20181218,야,화,1,1,0,0,0,서울,구로구,차대사람,보도통행중,운전자법규위반,보행자 보호의무 위반,교차로,교차로횡단보도내,승합차,보행자,945726,1944557,126.8859857,37.49868078,초등학교,구로초등학교,서울특별시 구로구 구로중앙로27나길 9,,37.49746124,126.8865524,서울특별시 구로구청,구로경찰서,Y,,,2019-10-28,3160000,서울특별시 구로구,2018-10-22,95
2018,20181218,야,화,1,1,0,0,0,서울,구로구,차대사람,보도통행중,운전자법규위반,보행자 보호의무 위반,교차로,교차로횡단보도내,승합차,보행자,945726,1944557,126.8859857,37.49868078,어린이집,샛별어린이집,서울특별시 구로구 구로중앙로32가길 18,,37.4999466,126.8850875,서울특별시 구로구청,구로경찰서,Y,,,2019-10-28,3160000,서울특별시 구로구,0,13
2018,20180503,야,목,1,4,0,3,0,서울,서초구,차대차,추돌,운전자법규위반,안전운전 의무 불이행,단일로,기타단일로,화물차,화물차,956481,1946430,127.007544,37.51613248,유치원,하나유치원,서울특별시 서초구 잠원로8길 13,서울특별시 서초구 잠원동 56-3,37.5152074,127.0102178,서울시 서초구,서초경찰서,Y,1,1,2019-06-03,3210000,서울특별시 서초구,0,98
2018,20180517,야,목,1,1,0,0,0,서울,양천구,차대차,측면충돌,운전자법규위반,안전운전 의무 불이행,교차로,교차로내,승용차,이륜차,945233,1949387,126.8800484,37.54218497,초등학교,목원초교,서울특별시 양천구 목동중앙로 204,서울특별시 양천구 목5동 929,37.54293623,126.8824793,서울특별시 양천구청,양천경찰서,Y,2,14,2020-06-01,3140000,서울특별시 양천구,0,98
2018,20180517,야,목,1,1,0,0,0,서울,양천구,차대차,측면충돌,운전자법규위반,안전운전 의무 불이행,교차로,교차로내,승용차,이륜차,945233,1949387,126.8800484,37.54218497,유치원,해림유치원,서울특별시 양천구 목동서로2길 22,서울특별시 양천구 목5동 929,37.54162818,126.8826428,서울특별시 양천구청,양천경찰서,Y,1,6,2020-06-01,3140000,서울특별시 양천구,0,97
2018,20180517,야,목,1,1,0,0,0,서울,양천구,차대차,측면충돌,운전자법규위반,안전운전 의무 불이행,교차로,교차로내,승용차,이륜차,945233,1949387,126.8800484,37.54218497,유치원,수영유치원,서울특별시 양천구 목동서로 38,서울특별시 양천구 목5동 901,37.54129242,126.878502,서울특별시 양천구청,양천경찰서,Y,0,7,2020-06-01,3140000,서울특별시 양천구,0,10
2018,20180910,주,월,1,1,0,0,0,서울,은평구,차대사람,기타,운전자법규위반,안전운전 의무 불이행,단일로,기타단일로,화물차,보행자,949895,1957444,126.9322677,37.6150688,유치원,새보람유치원,서울특별시 은평구 불광로 107,서울특별시 은평구 불광로 107,37.6162634,126.932639,서울특별시 은평구,은평경찰서,Y,1,15,2019-07-31,3110000,서울특별시 은평구,0,7
2018,20180910,주,월,1,1,0,0,0,서울,은평구,차대사람,기타,운전자법규위반,안전운전 의무 불이행,단일로,기타단일로,화물차,보행자,949895,1957444,126.9322677,37.6150688,초등학교,불광초등,서울특별시 은평구 불광로 51,서울특별시 은평구 불광로 51,37.61342855,126.9307204,서울특별시 은평구,은평경찰서,Y,6,6,2019-07-31,3110000,서울특별시 은평구,0,95
2018,20180101,야,월,1,1,0,0,0,서울,은평구,차대사람,길가장자리구역통행중,운전자법규위반,안전운전 의무 불이행,단일로,기타단일로,승합차,보행자,949007,1957743,126.9221856,37.61771486,어린이집,성모자애어린이집,서울특별시 은평구 통일로78길 10,서울특별시 은평구 통일로78길 10,37.617722,126.923779,서울특별시 은평구,은평경찰서,Y,1,6,2019-07-31,3110000,서울특별시 은평구,0,6
2018,20180920,야,목,1,1,0,0,0,서울,강남구,차대사람,기타,운전자법규위반,안전운전 의무 불이행,단일로,기타단일로,승합차,보행자,958436,1943919,127.0298078,37.49359011,어린이집,샤이닝키즈어린이집,서울특별시 서초구 서초대로74길 30,서울특별시 서초구 서초동 1326-17,37.4947315,127.0267841,서울시 서초구,서초경찰서,Y,1,1,2019-06-03,3210000,서울특별시 서초구,0,17
2018,20180920,야,목,1,1,0,0,0,서울,강남구,차대사람,기타,운전자법규위반,안전운전 의무 불이행,단일로,기타단일로,승합차,보행자,958436,1943919,127.0298078,37.49359011,유치원,역삼초등학교병설유치원,서울특별시 강남구 강남대로66길 21,,37.49316115,127.032603,서울특별시 강남구청,수서경찰서,Y,1,11.8,2020-06-24,3220000,서울특별시 강남구,0,12
2018,20180920,야,목,1,1,0,0,0,서울,강남구,차대사람,기타,운전자법규위반,안전운전 의무 불이행,단일로,기타단일로,승합차,보행자,958436,1943919,127.0298078,37.49359011,초등학교,역삼초등학교,서울특별시 강남구 강남대로66길 21,,37.49316115,127.032603,서울특별시 강남구청,수서경찰서,Y,7,6.9,2020-06-24,3220000,서울특별시 강남구,0,12
2018,20180720,주,금,1,4,1,2,0,서울,송파구,차대차,추돌,운전자법규위반,안전운전 의무 불이행,단일로,기타단일로,화물차,승용차,968321,1944464,127.1416059,37.4988946,초등학교,개롱초등학교,서울특별시 송파구 문정로 211,서울특별시 송파구 오금동 159,37.497352,127.1398426,서울특별시 송파구청,송파경찰서,Y,3,8~20,2020-02-20,3230000,서울특별시 송파구,0,8
2018,20180204,야,일,1,1,0,0,0,서울,중구,차대차,추돌,운전자법규위반,안전운전 의무 불이행,단일로,기타단일로,승용차,기타,957086,1951854,127.0140727,37.56504886,초등학교,광희초등학교,서울특별시 중구 다산로 269,서울특별시 중구 신당동 254,37.56729901,127.0156883,서울특별시 중구,서울중부경찰서,Y,2,15,2020-07-14,3010000,서울특별시 중구,2015-09-14,97
2018,20180609,주,토,2,3,1,0,0,서울,용산구,차대차,기타,운전자법규위반,안전운전 의무 불이행,교차로,교차로내,승용차,이륜차,953804,1947043,126.9772139,37.52152743,초등학교,신용산초교,서울특벽시 용산구 이촌로 255,서울특별시 용산구 이촌동 301-75,37.52062932,126.9753668,용산구청,용산경찰서,Y,,6~20,2020-02-18,3020000,서울특별시 용산구,0,98
2018,20180609,주,토,2,3,1,0,0,서울,용산구,차대차,기타,운전자법규위반,안전운전 의무 불이행,교차로,교차로내,승용차,이륜차,953804,1947043,126.9772139,37.52152743,유치원,대건유치원,서울특벽시 용산구 이촌로81길 38,서울특별시 용산구 이촌동 301-110,37.52071271,126.9778555,용산구청,용산경찰서,Y,,9,2020-02-18,3020000,서울특별시 용산구,0,10
2018,20180609,주,토,2,3,1,0,0,서울,용산구,차대차,기타,운전자법규위반,안전운전 의무 불이행,교차로,교차로내,승용차,이륜차,953804,1947043,126.9772139,37.52152743,유치원,원유치원,서울특벽시 용산구 이촌로81길 14,서울특별시 용산구 이촌동 402,37.5192132,126.9766297,용산구청,용산경찰서,Y,,7.5,2020-02-18,3020000,서울특별시 용산구,0,10
2018,20180204,야,일,1,1,0,0,0,서울,성북구,차대사람,횡단중,운전자법규위반,안전운전 의무 불이행,단일로,기타단일로,승용차,보행자,956568,1954537,127.0080483,37.58920703,유치원,새삼선유치원,서울특별시 성북구 성북로4길 21,서울특별시 성북구 동소문동1가 140-75,37.59028966,127.0062093,서울특별시 성북구청,서울특별시 성북경찰서,Y,1,14,2020-02-28,3070000,서울특별시 성북구,0,95
2018,20180204,야,일,1,1,0,0,0,서울,성북구,차대사람,횡단중,운전자법규위반,안전운전 의무 불이행,단일로,기타단일로,승용차,보행자,956568,1954537,127.0080483,37.58920703,어린이집,성북어린이집,서울특별시 성북구 성북로4길 13-2,서울특별시 성북구 동소문동1가 1,37.5896356,127.0059087,서울특별시 성북구청,서울특별시 성북경찰서,Y,1,,2020-02-28,3070000,서울특별시 성북구,0,10
2018,20181005,주,금,1,1,0,0,0,서울,강북구,차대사람,횡단중,운전자법규위반,보행자 보호의무 위반,교차로,교차로내,건설기계,보행자,957914,1959460,127.0230106,37.63364149,유치원,운산유치원,서울특별시 강북구 수유로4길 58,서울특별시 강북구 수유동 52-21,37.63207,127.02172,강북구청,강북경찰서,Y,2,7,2019-05-10,3080000,서울특별시 강북구,0,98
2018,20180312,주,월,1,1,0,0,0,서울,강북구,차대사람,횡단중,운전자법규위반,신호위반,단일로,기타단일로,승용차,보행자,958596,1959618,127.030731,37.63509656,어린이집,번2동어린이집,서울특별시 강북구 덕릉로40길 48,서울특별시 강북구 번동 520,37.63375,127.03203,강북구청,강북경찰서,Y,2,7,2019-05-10,3080000,서울특별시 강북구,0,7
2018,20181208,주,토,1,2,1,0,0,서울,광진구,차대차,정면충돌,운전자법규위반,중앙선 침범,단일로,교량위,승용차,승용차,961134,1948530,127.0600841,37.53526833,초등학교,동자초등학교,서울특별시 광진구 뚝섬로 561,서울특별시 광진구 자양3동 518-1,37.534686,127.06336,서울특별시청,광진경찰서,Y,3,,2019-02-20,3040000,서울특별시 광진구,2017-05-26,95
2018,20181208,주,토,1,2,1,0,0,서울,광진구,차대차,정면충돌,운전자법규위반,중앙선 침범,단일로,교량위,승용차,승용차,961134,1948530,127.0600841,37.53526833,유치원,성수아름유치원,서울특별시 광진구 뚝섬로 476-15 (자양동),서울특별시 광진구 자양4동 52-1,37.536405,127.06019,서울특별시청,광진경찰서,Y,2,,2019-02-20,3040000,서울특별시 광진구,0,98
2018,20181201,주,토,1,1,0,0,0,서울,광진구,차대차,측면충돌,운전자법규위반,안전운전 의무 불이행,단일로,기타단일로,자전거,건설기계,963435.5,1949696.2,127.0860756,37.54587389,유치원,현정유치원,서울특별시 광진구 광나루로 534-1 (구의동),서울특별시 광진구 구의1동 230-12,37.544433,127.086715,서울특별시청,광진경찰서,Y,2,,2019-02-20,3040000,서울특별시 광진구,0,97
2018,20181201,주,토,1,1,0,0,0,서울,광진구,차대차,측면충돌,운전자법규위반,안전운전 의무 불이행,단일로,기타단일로,자전거,건설기계,963435.5,1949696.2,127.0860756,37.54587389,외국인학교,한국켄트외국인학교,서울특별시 광진구 자양로35길 13(구의동),서울특별시 광진구 구의동 619-30,37.546694,127.085584,서울특별시청,광진경찰서,Y,4,,2019-02-20,3040000,서울특별시 광진구,0,95
2018,20181007,야,일,1,3,2,0,0,서울,영등포구,차대차,측면충돌,운전자법규위반,중앙선 침범,단일로,기타단일로,승용차,승합차,948676,1947658,126.9191415,37.52679941,어린이집,KDB어린이집,서울특별시 영등포구 은행로 14,서울특별시 영등포구 여의도동 16-3,37.52712141,126.920824,영등포구청,영등포경찰서,Y,1,22,2020-06-30,3180000,서울특별시 영등포구,0,14
2018,20180709,주,월,1,1,0,0,0,서울,금천구,차대사람,횡단중,운전자법규위반,보행자 보호의무 위반,교차로,교차로횡단보도내,화물차,보행자,946953,1939692,126.9002168,37.45490286,어린이집,금주어린이집,서울특별시 금천구 시흥대로 70길 34,서울특별시 금천구 시흥동 881-25,37.45647886,126.90166,서울특별시 금천구청,금천경찰서,Y,1,4~8,2020-02-20,3170000,서울특별시 금천구,0,12
2018,20180709,주,월,1,1,0,0,0,서울,금천구,차대사람,횡단중,운전자법규위반,보행자 보호의무 위반,교차로,교차로횡단보도내,화물차,보행자,946953,1939692,126.9002168,37.45490286,어린이집,꿈나래 어린이집,서울특별시 금천구 금하로3길 32,서울특별시 금천구 시흥동 118-90,37.45492907,126.8973672,서울특별시 금천구청,금천경찰서,Y,1,6~8,2020-02-20,3170000,서울특별시 금천구,0,9
2018,20180318,주,일,1,1,0,0,0,서울,성동구,차량단독,기타,운전자법규위반,안전운전 의무 불이행,단일로,기타단일로,이륜차,없음,958684,1951628,127.0321794,37.56308495,어린이집,구립왕십리하나어린이집,서울특별시 성동구 무학봉16길 9-3,서울특별시 성동구 하왕십리동 976-13,37.560837,127.0320321,서울특별시 성동구,성동경찰서,Y,1,7,2020-06-17,3030000,서울특별시 성동구,0,10
2018,20180318,주,일,1,1,0,0,0,서울,성동구,차량단독,기타,운전자법규위반,안전운전 의무 불이행,단일로,기타단일로,이륜차,없음,958684,1951628,127.0321794,37.56308495,유치원,무학유치원,서울특별시 성동구 무학봉15가길 4,서울특별시 성동구 하왕십리동 986-95,37.5614705,127.0306547,서울특별시 성동구,성동경찰서,Y,1,4,2020-06-17,3030000,서울특별시 성동구,0,97
2018,20180318,주,일,1,1,0,0,0,서울,성동구,차량단독,기타,운전자법규위반,안전운전 의무 불이행,단일로,기타단일로,이륜차,없음,958684,1951628,127.0321794,37.56308495,초등학교,무학초등학교,서울특별시 성동구 무학봉15길 21,서울특별시 성동구 하왕십리동 950-1,37.5632029,127.0296455,서울특별시 성동구,성동경찰서,Y,8,5,2020-06-17,3030000,서울특별시 성동구,2018-04-26,97
2018,20180512,야,토,1,1,0,0,0,서울,중랑구,차대사람,기타,운전자법규위반,안전운전 의무 불이행,교차로,교차로내,승합차,보행자,963432,1955321,127.0857552,37.59657188,초등학교,서울상봉초등학교,서울특별시 중랑구 동일로 126가길 11,서울특별시 중랑구 상봉1동 312-1,37.59798021,127.0831709,서울특별시 중랑구청,중랑경찰서,Y,,,2020-03-04,3060000,서울특별시 중랑구,0,96
2018,20180512,야,토,1,1,0,0,0,서울,중랑구,차대사람,기타,운전자법규위반,안전운전 의무 불이행,교차로,교차로내,승합차,보행자,963432,1955321,127.0857552,37.59657188,어린이집,삼성어린이집,서울특별시 중랑구 면목로88길 9,서울특별시 중랑구 상봉2동 107-1,37.5941501,127.0869214,서울특별시 중랑구청,중랑경찰서,Y,,,2020-03-04,3060000,서울특별시 중랑구,0,6
2018,20180225,야,일,1,1,0,0,0,서울,중랑구,차대사람,차도통행중,운전자법규위반,안전운전 의무 불이행,단일로,기타단일로,승용차,보행자,964483,1954701,127.0976908,37.59102482,초등학교,서울면일초등학교,서울특별시 중랑구 용마산로100길 13,서울특별시 중랑구 망우3동 440,37.59204241,127.0997953,서울특별시 중랑구청,중랑경찰서,Y,,,2020-03-04,3060000,서울특별시 중랑구,0,96
2018,20181029,야,월,1,1,0,0,0,서울,강남구,차대사람,보도통행중,운전자법규위반,안전운전 의무 불이행,단일로,기타단일로,승용차,보행자,959710,1946601,127.0440725,37.51782046,유치원,언북몬테소리유치원,서울특별시 강남구 학동로67길 15,,37.519322,127.046511,서울특별시 강남구청,강남경찰서,Y,1,6,2020-06-24,3220000,서울특별시 강남구,0,12
2018,20181029,야,월,1,1,0,0,0,서울,강남구,차대사람,보도통행중,운전자법규위반,안전운전 의무 불이행,단일로,기타단일로,승용차,보행자,959710,1946601,127.0440725,37.51782046,초등학교,언북초등학교,서울특별시 강남구 삼성로135길 42,,37.52012607,127.0447141,서울특별시 강남구청,강남경찰서,Y,8,6,2020-06-24,3220000,서울특별시 강남구,2016-05-27,96
2018,20181029,야,월,1,1,0,0,0,서울,강남구,차대사람,보도통행중,운전자법규위반,안전운전 의무 불이행,단일로,기타단일로,승용차,보행자,959710,1946601,127.0440725,37.51782046,어린이집,강남구청어린이집,서울특별시 강남구 학동로 426,,37.51796636,127.0470611,서울특별시 강남구청,강남경찰서,Y,1,8,2020-06-24,3220000,서울특별시 강남구,0,13
2018,20180509,주,수,1,1,0,0,0,서울,강동구,차대차,기타,운전자법규위반,안전운전 의무 불이행,교차로,교차로내,건설기계,자전거,968603,1950860,127.1445227,37.55655427,초등학교,명덕초등학교,서울특별시 강동구 양재대로156길 11,서울특별시 강동구 고덕1동 487-15,37.55676296,127.1450817,서울특별시 강동구청,강동경찰서,Y,3,10,2019-12-06,3240000,서울특별시 강동구,2018-11-01,98
2018,20180509,주,수,1,1,0,0,0,서울,강동구,차대차,기타,운전자법규위반,안전운전 의무 불이행,교차로,교차로내,건설기계,자전거,968603,1950860,127.1445227,37.55655427,초등학교,명일초등학교,서울특별시 강동구 고덕로38길 8,서울특별시 강동구 암사1동 418-18,37.55454236,127.1425695,서울특별시 강동구청,강동경찰서,Y,3,7,2019-12-06,3240000,서울특별시 강동구,0,97
2018,20180509,주,수,1,1,0,0,0,서울,강동구,차대차,기타,운전자법규위반,안전운전 의무 불이행,교차로,교차로내,건설기계,자전거,968603,1950860,127.1445227,37.55655427,유치원,명일초병설유치원,서울특별시 강동구 고덕로38길 8,서울특별시 강동구 암사1동 418-18,37.55454236,127.1425695,서울특별시 강동구청,강동경찰서,Y,,7,2019-12-06,3240000,서울특별시 강동구,0,97
2018,20180422,야,일,1,1,0,0,0,서울,강동구,차대사람,횡단중,운전자법규위반,보행자 보호의무 위반,단일로,기타단일로,승용차,보행자,967531,1948079,127.1325088,37.5314508,유치원,송원유치원,서울특별시 강동구 성안로 64,서울특별시 강동구 성내2동 420-3,37.5291432,127.1317102,서울특별시 강동구청,강동경찰서,Y,2,15,2019-12-06,3240000,서울특별시 강동구,0,9
2018,20180625,주,월,1,2,0,1,0,서울,송파구,차대사람,길가장자리구역통행중,운전자법규위반,기타(운전자법규위반),교차로,교차로부근,승용차,보행자,969168,1944282,127.1511958,37.49728283,초등학교,마천초등학교,서울특별시 송파구 마천로61다길 24,서울특별시 송파구 마천1동 183-4,37.49550698,127.1526301,서울특별시 송파구청,송파경찰서,Y,5,5~12,2020-02-20,3230000,서울특별시 송파구,0,10
2018,20180625,주,월,1,2,0,1,0,서울,송파구,차대사람,길가장자리구역통행중,운전자법규위반,기타(운전자법규위반),교차로,교차로부근,승용차,보행자,969168,1944282,127.1511958,37.49728283,유치원,동삼유치원,서울특별시 송파구 마천로41길 14,서울특별시 송파구 마천2동 128-16,37.4969515,127.1490677,서울특별시 송파구청,송파경찰서,Y,1,7~10,2020-02-20,3230000,서울특별시 송파구,0,8
2018,20180625,주,월,1,2,0,1,0,서울,송파구,차대사람,길가장자리구역통행중,운전자법규위반,기타(운전자법규위반),교차로,교차로부근,승용차,보행자,969168,1944282,127.1511958,37.49728283,어린이집,마천어린이집,서울특별시 송파구 마천로61다길 28-7,서울특별시 송파구 마천1동 183-56,37.49580736,127.1516673,서울특별시 송파구청,송파경찰서,Y,1,5~12,2020-02-20,3230000,서울특별시 송파구,0,10
2018,20180625,주,월,1,2,0,1,0,서울,송파구,차대사람,길가장자리구역통행중,운전자법규위반,기타(운전자법규위반),교차로,교차로부근,승용차,보행자,969168,1944282,127.1511958,37.49728283,어린이집,산성어린이집,서울특별시 송파구 마천로41길 12,서울특별시 송파구 마천2동 127-1,37.49700767,127.148677,서울특별시 송파구청,송파경찰서,Y,1,7~10,2020-02-20,3230000,서울특별시 송파구,0,10
2018,20180625,주,월,1,2,0,1,0,서울,송파구,차대사람,길가장자리구역통행중,운전자법규위반,기타(운전자법규위반),교차로,교차로부근,승용차,보행자,969168,1944282,127.1511958,37.49728283,어린이집,천사어린이집,서울특별시 송파구 거마로24길 11,서울특별시 송파구 마천2동 93-5,37.49931374,127.1490959,서울특별시 송파구청,송파경찰서,Y,1,6~8,2020-02-20,3230000,서울특별시 송파구,0,10
2018,20180126,야,금,1,1,0,0,0,서울,구로구,차대사람,횡단중,운전자법규위반,안전운전 의무 불이행,단일로,기타단일로,승용차,보행자,946450,1944086,126.8942103,37.49447787,초등학교,동구로초등학교,서울특별시 구로구 구로중앙로14길 43,,37.49407207,126.8927814,서울특별시 구로구청,구로경찰서,Y,,,2019-10-28,3160000,서울특별시 구로구,0,95
2018,20180614,야,목,1,1,0,0,0,서울,양천구,차대차,기타,운전자법규위반,안전운전 의무 불이행,단일로,지하차도(도로)내,이륜차,승용차,941835,1946024,126.8418524,37.51166595,유치원,계상유치원,서울특별시 양천구 남부순환로86길 22,서울특별시 양천구 신정3동 1286-1,37.512508,126.839855,서울특별시 양천구청,양천경찰서,Y,0,7,2020-06-01,3140000,서울특별시 양천구,0,10
2018,20180311,야,일,1,1,0,0,0,서울,노원구,차대사람,기타,운전자법규위반,안전운전 의무 불이행,기타,기타,승용차,보행자,960631,1964719,127.0535196,37.68116212,어린이집,북부어린이집,서울특별시 노원구 동일로245길 56,서울특별시 노원구 상계1동 1257,37.67970639,127.052415,노원구청,노원경찰서,Y,1,6~6.9,2020-07-14,3100000,서울특별시 노원구,0,8
2018,20181005,주,금,1,1,0,0,0,서울,도봉구,차대사람,횡단중,운전자법규위반,안전운전 의무 불이행,교차로,교차로부근,승합차,보행자,958282,1961163,127.0270839,37.64900766,초등학교,숭미초교,서울특별시 도봉구 노해로 179,,37.6508453,127.0279643,도봉구청,도봉경찰서,Y,3,6~20,2019-09-05,3090000,서울특별시 도봉구,0,97
2018,20181005,주,금,1,1,0,0,0,서울,도봉구,차대사람,횡단중,운전자법규위반,안전운전 의무 불이행,교차로,교차로부근,승합차,보행자,958282,1961163,127.0270839,37.64900766,초등학교,쌍문,서울특별시 도봉구 우이천로 360,,37.6489734,127.024308,도봉구청,도봉경찰서,Y,2,6~12,2019-09-05,3090000,서울특별시 도봉구,2016-10-18,95
2018,20181005,주,금,1,1,0,0,0,서울,도봉구,차대사람,횡단중,운전자법규위반,안전운전 의무 불이행,교차로,교차로부근,승합차,보행자,958282,1961163,127.0270839,37.64900766,유치원,햇살,서울특별시 도봉구 우이천로32길 38,,37.6492018,127.0252286,도봉구청,도봉경찰서,Y,0,20`25,2019-09-05,3090000,서울특별시 도봉구,0,10
2018,20181005,주,금,1,1,0,0,0,서울,도봉구,차대사람,횡단중,운전자법규위반,안전운전 의무 불이행,교차로,교차로부근,승합차,보행자,958282,1961163,127.0270839,37.64900766,어린이집,쌍문1동,서울특별시 도봉구 노해로 149-5,,37.6482929,127.025917,도봉구청,도봉경찰서,Y,1,6,2019-09-05,3090000,서울특별시 도봉구,0,10
2018,20181211,주,화,1,1,0,0,0,서울,은평구,차대사람,기타,운전자법규위반,안전운전 의무 불이행,단일로,기타단일로,승합차,보행자,947591,1957153,126.9061836,37.61231753,초등학교,구산초등,서울특별시 은평구 서오릉로15길 16,서울특별시 은평구 서오릉로15길 16,37.6124476,126.9094685,서울특별시 은평구,은평경찰서,Y,6,6,2019-07-31,3110000,서울특별시 은평구,2017-09-29,95
2018,20180603,주,일,1,1,0,0,0,서울,종로구,차대차,측면충돌,운전자법규위반,신호위반,교차로,교차로내,화물차,승용차,952290,1955864,126.9595071,37.60095554,어린이집,엔젤키즈어린이집,서울특별시 종로구 자하문로43길 4-13,서울특별시 종로구 부암동 384-7,37.5985179,126.960504,종로구청,종로경찰서,Y,1,30,2019-01-14,3000000,서울특별시 종로구,0,16
2018,20180603,주,일,1,1,0,0,0,서울,종로구,차대차,측면충돌,운전자법규위반,신호위반,교차로,교차로내,화물차,승용차,952290,1955864,126.9595071,37.60095554,초등학교,세검정초등학교,서울특별시 종로구 세검정로9길1,서울특별시 종로구 신영동 219-4,37.6033878,126.9608999,종로구청,종로경찰서,Y,3,4~8,2019-01-14,3000000,서울특별시 종로구,2017-04-14,10
2018,20180603,주,일,1,1,0,0,0,서울,종로구,차대차,측면충돌,운전자법규위반,신호위반,교차로,교차로내,화물차,승용차,952290,1955864,126.9595071,37.60095554,유치원,세검정유치원,서울특별시 종로구 자하문로310,서울특별시 종로구 홍지동 94-9,37.6001344,126.9594842,종로구청,종로경찰서,Y,1,35,2019-01-14,3000000,서울특별시 종로구,0,10
2018,20180603,주,일,1,1,0,0,0,서울,종로구,차대차,측면충돌,운전자법규위반,신호위반,교차로,교차로내,화물차,승용차,952290,1955864,126.9595071,37.60095554,초등학교,상명대부속초등학교,서울특별시 종로구 홍지문2길1,서울특별시 종로구 홍지동 7,37.6005802,126.956708,종로구청,종로경찰서,Y,1,6~12,2019-01-14,3000000,서울특별시 종로구,2016-11-10,10
2018,20180513,야,일,1,1,0,0,0,서울,서대문구,차대사람,차도통행중,운전자법규위반,기타(운전자법규위반),단일로,기타단일로,승합차,보행자,951559,1953635,126.9513736,37.58082709,초등학교,안산초등학교,서울특별시 서대문구 통일로 321,서울특별시 서대문구 홍제1동 44,37.579522,126.951634,서울특별시 서대문구청,서울특별시 서대문경찰서,Y,3,2~11,2019-03-04,3120000,서울특별시 서대문구,2016-10-07,98
2018,20180801,야,수,1,2,0,1,0,서울,성북구,차대사람,횡단중,운전자법규위반,안전운전 의무 불이행,단일로,기타단일로,승용차,보행자,956650,1954575,127.0089748,37.5895534,유치원,새삼선유치원,서울특별시 성북구 성북로4길 21,서울특별시 성북구 동소문동1가 140-75,37.59028966,127.0062093,서울특별시 성북구청,서울특별시 성북경찰서,Y,1,14,2020-02-28,3070000,서울특별시 성북구,0,95
2018,20180801,야,수,1,2,0,1,0,서울,성북구,차대사람,횡단중,운전자법규위반,안전운전 의무 불이행,단일로,기타단일로,승용차,보행자,956650,1954575,127.0089748,37.5895534,어린이집,성북어린이집,서울특별시 성북구 성북로4길 13-2,서울특별시 성북구 동소문동1가 1,37.5896356,127.0059087,서울특별시 성북구청,서울특별시 성북경찰서,Y,1,,2020-02-28,3070000,서울특별시 성북구,0,10
2018,20180225,야,일,1,4,2,1,0,서울,강북구,차대차,측면충돌,운전자법규위반,신호위반,교차로,교차로내,승용차,승용차,958822,1956920,127.0334443,37.61078916,초등학교,숭곡초등학교,서울특별시 성북구 종암로40길 30,서울특별시 성북구 하월곡동 84-86,37.6084672,127.0328164,서울특별시 성북구청,서울특별시 종암경찰서,Y,1,,2020-02-28,3070000,서울특별시 성북구,0,97
2018,20180225,야,일,1,4,2,1,0,서울,강북구,차대차,측면충돌,운전자법규위반,신호위반,교차로,교차로내,승용차,승용차,958822,1956920,127.0334443,37.61078916,유치원,숭곡병설유치원,서울특별시 성북구 종암로40길 30,서울특별시 성북구 하월곡동 84-86,37.6084672,127.0328164,서울특별시 성북구청,서울특별시 종암경찰서,Y,1,,2020-02-28,3070000,서울특별시 성북구,0,97
2018,20181028,주,일,1,1,0,0,0,서울,동대문구,차대사람,횡단중,운전자법규위반,보행자 보호의무 위반,교차로,교차로횡단보도내,승용차,보행자,960800,1954594,127.0559795,37.58991084,초등학교,청량초교,서울특별시 동대문구 회기로25길 31,서울특별시 동대문구 회기동 1-1,37.59230922,127.055908,서울특별시 동대문구청,동대문경찰서,Y,3,,2019-11-25,3050000,서울특별시 동대문구,0,95
2018,20181028,주,일,1,1,0,0,0,서울,동대문구,차대사람,횡단중,운전자법규위반,보행자 보호의무 위반,교차로,교차로횡단보도내,승용차,보행자,960800,1954594,127.0559795,37.58991084,어린이집,회기어린이집,서울특별시 동대문구 회기로 165,서울특별시 동대문구 회기동 58-1,37.59067813,127.0545526,서울특별시 동대문구청,동대문경찰서,Y,1,,2019-11-25,3050000,서울특별시 동대문구,0,13
2018,20180809,야,목,1,1,0,0,0,서울,영등포구,차대차,측면충돌,운전자법규위반,안전운전 의무 불이행,교차로,교차로부근,자전거,승용차,947702,1944239,126.9083621,37.49592866,어린이집,구립신길5동어린이집,서울특별시 영등포구 신길로13길 20,서울특별시 영등포구 신길동 440-53,37.497564,126.906102,영등포구청,영등포경찰서,Y,1,8,2020-06-30,3180000,서울특별시 영등포구,0,7
2018,20180809,야,목,1,1,0,0,0,서울,영등포구,차대차,측면충돌,운전자법규위반,안전운전 의무 불이행,교차로,교차로부근,자전거,승용차,947702,1944239,126.9083621,37.49592866,유치원,평강유치원,서울특별시 영등포구 신길로 27,서울특별시 영등포구 대림동 912-46,37.49493197,126.908145,영등포구청,영등포경찰서,Y,1,4.2~4.7,2020-06-30,3180000,서울특별시 영등포구,0,9
2018,20180517,야,목,1,1,0,0,0,서울,영등포구,차량단독,공작물충돌,운전자법규위반,안전운전 의무 불이행,교차로,교차로내,승용차,없음,945855,1946258,126.8873197,37.51401971,어린이집,신이화어린이집,서울특별시 영등포구 선유로3길 23,서울특별시 영등포구 문래동5가 19-8,37.516057,126.885316,영등포구청,영등포경찰서,Y,1,9,2020-06-30,3180000,서울특별시 영등포구,0,7
2018,20181129,주,목,1,4,1,2,0,서울,중랑구,차대차,정면충돌,운전자법규위반,중앙선 침범,불명,불명,승용차,승용차,963306,1955941,127.0842968,37.60215509,초등학교,서울중흥초등학교,서울특별시 중랑구 봉화산로 82,서울특별시 중랑구 중화1동 119,37.601635,127.0841443,서울특별시 중랑구청,중랑경찰서,Y,,,2020-03-04,3060000,서울특별시 중랑구,0,0
2018,20180310,야,토,1,1,0,0,0,서울,관악구,차대사람,보도통행중,운전자법규위반,안전운전 의무 불이행,교차로,교차로횡단보도내,이륜차,보행자,949919,1941788,126.9336083,37.47396013,유치원,하늘유치원,서울특별시 관악구 양산길 18,,37.47405927,126.9322556,서울특별시 관악구청,서울관악경찰서,Y,2,6~8,2020-05-31,3200000,서울특별시 관악구,0,98
2018,20180813,야,월,1,1,0,0,0,서울,강서구,차대사람,횡단중,운전자법규위반,안전운전 의무 불이행,교차로,교차로부근,화물차,보행자,939299,1952541,126.8126199,37.57024,어린이집,이레어린이집,서울특별시 강서구 금낭화로11길 48 (방화동),,37.56950782,126.810033,서울특별시 강서구청,강서경찰서,N,,,2020-01-01,3150000,서울특별시 강서구,0,14
2018,20180630,야,토,1,1,0,0,0,서울,강서구,차대사람,기타,운전자법규위반,안전운전 의무 불이행,단일로,기타단일로,승용차,보행자,943241,1949043,126.8575273,37.53896395,초등학교,신곡초등학교,서울특별시 강서구 등촌로13자길 42-14 (화곡동),,37.5390734,126.8560116,서울특별시 강서구청,강서경찰서,Y,1,6,2020-01-01,3150000,서울특별시 강서구,0,95
2018,20180221,야,수,1,5,0,4,0,서울,송파구,차대차,추돌,운전자법규위반,안전운전 의무 불이행,교차로,교차로부근,화물차,승용차,965783,1946811,127.1127841,37.51995856,초등학교,잠실초등학교,서울특별시 송파구 올림픽로35길 20(,서울특별시 송파구 잠실4동 20-1,37.5201866,127.1113101,서울특별시 송파구청,송파경찰서,Y,1,15~28,2020-02-20,3230000,서울특별시 송파구,0,10
2018,20180221,야,수,1,5,0,4,0,서울,송파구,차대차,추돌,운전자법규위반,안전운전 의무 불이행,교차로,교차로부근,화물차,승용차,965783,1946811,127.1127841,37.51995856,유치원,햇빛유치원,서울특별시 송파구 올림픽로 419,서울특별시 송파구 잠실4동 20-52,37.520487,127.114124,서울특별시 송파구청,송파경찰서,Y,1,6,2020-02-20,3230000,서울특별시 송파구,0,9
2018,20180217,주,토,1,1,0,0,0,서울,송파구,차대차,측면충돌,운전자법규위반,안전운전 의무 불이행,교차로,교차로횡단보도내,화물차,자전거,964997,1945508,127.1039516,37.50818457,유치원,불광유치원,서울특별시 송파구 송파대로49길 23,서울특별시 송파구 석촌동 160-1,37.50691411,127.1021089,서울특별시 송파구청,송파경찰서,Y,1,5~8,2020-02-20,3230000,서울특별시 송파구,0,9
2018,20181213,주,목,1,2,1,0,0,서울,성북구,차량단독,공작물충돌,운전자법규위반,안전운전 의무 불이행,단일로,기타단일로,승용차,없음,958178,1956131,127.026193,37.60364868,초등학교,개운초등학교,서울특별시 성북구 정릉로48길 52,,37.60183731,127.0275455,서울특별시 성북구청,서울특별시 성북경찰서,Y,1,,2020-02-28,3070000,서울특별시 성북구,2015-09-08,3
2018,20181129,야,목,1,5,1,3,0,서울,서초구,차대차,측면충돌,운전자법규위반,신호위반,교차로,교차로내,승용차,승합차,956965,1945592,127.0130697,37.50860203,어린이집,사랑의어린이집,서울특별시 서초구 신반포로33길 22,서울특별시 서초구 잠원동 60-5,37.5098757,127.0109679,서울시 서초구,서초경찰서,Y,1,1,2019-06-03,3210000,서울특별시 서초구,0,16
2018,20181129,야,목,1,5,1,3,0,서울,서초구,차대차,측면충돌,운전자법규위반,신호위반,교차로,교차로내,승용차,승합차,956965,1945592,127.0130697,37.50860203,초등학교,원촌초등학교,서울특별시 서초구 사평대로45길 26,서울특별시 서초구 반포1동 21,37.5061857,127.0124612,서울시 서초구,서초경찰서,Y,1,1,2019-06-03,3210000,서울특별시 서초구,0,95
2018,20181009,야,화,1,1,0,0,0,서울,양천구,차량단독,전도,운전자법규위반,안전운전 의무 불이행,단일로,교량위,이륜차,없음,941233,1947550,126.834919,37.52538168,어린이집,곰달래어린이집,서울특별시 양천구 남부순환로65길 2,서울특별시 양천구 신월1동 217-1,37.5277047,126.834015,서울특별시 양천구청,양천경찰서,Y,2,6,2020-06-01,3140000,서울특별시 양천구,0,8
2018,20180625,주,월,1,1,0,0,0,서울,노원구,차대사람,차도통행중,운전자법규위반,안전운전 의무 불이행,단일로,기타단일로,승용차,보행자,962805,1961949,127.0783154,37.65628642,유치원,사랑샘유치원,서울특별시 노원구 한글비석로 325,서울특별시 노원구 중계4동 358-6,37.656408,127.0777193,노원구청,노원경찰서,Y,1,20~23,2020-07-14,3100000,서울특별시 노원구,0,12
2018,20180909,야,일,1,1,0,0,0,서울,은평구,차량단독,공작물충돌,운전자법규위반,안전운전 의무 불이행,단일로,기타단일로,원동기장치자전거,없음,948379,1957711,126.9150721,37.61739138,유치원,성균관(갈현초교 중복),서울특별시 은평구 연서로27길 23,서울특별시 은평구 연서로27길 23,37.6183134,126.9169211,서울특별시 은평구,은평경찰서,Y,1,4,2019-07-31,3110000,서울특별시 은평구,0,95
2018,20180909,야,일,1,1,0,0,0,서울,은평구,차량단독,공작물충돌,운전자법규위반,안전운전 의무 불이행,단일로,기타단일로,원동기장치자전거,없음,948379,1957711,126.9150721,37.61739138,유치원,색동유치원,서울특별시 은평구 갈현로 212-1,서울특별시 은평구 갈현로 212-1,37.616055,126.914224,서울특별시 은평구,은평경찰서,Y,1,15,2019-07-31,3110000,서울특별시 은평구,0,7
2018,20180909,야,일,1,1,0,0,0,서울,은평구,차량단독,공작물충돌,운전자법규위반,안전운전 의무 불이행,단일로,기타단일로,원동기장치자전거,없음,948379,1957711,126.9150721,37.61739138,초등학교,갈현초등,서울특별시 은평구 연서로29길 31,서울특별시 은평구 연서로29길 31,37.6192867,126.9166431,서울특별시 은평구,은평경찰서,Y,5,4,2019-07-31,3110000,서울특별시 은평구,0,95
2018,20180206,주,화,1,1,0,0,0,서울,은평구,차대사람,횡단중,운전자법규위반,안전운전 의무 불이행,교차로,교차로내,승용차,보행자,948558,1958412,126.917051,37.62371954,어린이집,우정어린이집,서울특별시 은평구 갈현로 41길 26-2,서울특별시 은평구 갈현로 41길 26-2,37.6256243,126.9149572,서울특별시 은평구,은평경찰서,Y,1,4,2019-07-31,3110000,서울특별시 은평구,0,15
2018,20180207,야,수,1,1,0,0,0,서울,종로구,차대사람,차도통행중,운전자법규위반,안전운전 의무 불이행,단일로,기타단일로,승용차,보행자,956096,1952534,127.0028223,37.57113118,초등학교,효제초등학교,서울특별시 종로구 대학로12,서울특별시 종로구 효제동 255-4,37.5728828,127.003257,종로구청,혜화경찰서,Y,4,20~25,2019-01-14,3000000,서울특별시 종로구,2017-04-12,97
2018,20180822,주,수,1,1,0,0,0,서울,은평구,차대사람,횡단중,운전자법규위반,안전운전 의무 불이행,단일로,기타단일로,화물차,보행자,950125,1956036,126.9349697,37.60239092,초등학교,은평초등(병설포함),서울특별시 은평구 은평로 239,서울특별시 은평구 은평로 239,37.6019568,126.9341059,서울특별시 은평구,서부경찰서,Y,1,22,2019-07-31,3110000,서울특별시 은평구,0,95
2018,20180822,주,수,1,1,0,0,0,서울,은평구,차대사람,횡단중,운전자법규위반,안전운전 의무 불이행,단일로,기타단일로,화물차,보행자,950125,1956036,126.9349697,37.60239092,초등학교,은평초등,서울특별시 은평구 은평로 239,서울특별시 은평구 은평로 239,37.601973,126.9341059,서울특별시 은평구,서부경찰서,Y,4,22,2019-07-31,3110000,서울특별시 은평구,0,95
2018,20181030,주,화,1,1,0,0,0,서울,강북구,차대사람,횡단중,운전자법규위반,안전운전 의무 불이행,단일로,기타단일로,승용차,보행자,957010,1958945,127.0127956,37.62895786,특수학교,한빛맹학교,서울특별시 강북구 삼양로73가길 47,서울특별시 강북구 수유동 484-21,37.62829614,127.0155063,강북구청,강북경찰서,Y,6,7,2019-05-10,3080000,서울특별시 강북구,0,97
2018,20181030,주,화,1,1,0,0,0,서울,강북구,차대사람,횡단중,운전자법규위반,안전운전 의무 불이행,단일로,기타단일로,승용차,보행자,957010,1958945,127.0127956,37.62895786,특수학교,서울정인학교,서울특별시 강북구 인수봉로 119-20,서울특별시 강북구 수유동 468-305,37.63095627,127.0119224,강북구청,강북경찰서,Y,2,20,2019-05-10,3080000,서울특별시 강북구,0,1
2018,20180930,야,일,1,1,0,0,0,서울,동대문구,차대사람,기타,운전자법규위반,안전운전 의무 불이행,기타,기타,승용차,보행자,961846,1951986,127.0679631,37.56644815,어린이집,장안어린이집,서울특별시 동대문구 천호대로89길 58,서울특별시 동대문구 장안동 444-7,37.5641117,127.069485,서울특별시 동대문구청,동대문경찰서,Y,1,,2019-11-25,3050000,서울특별시 동대문구,0,9
2018,20180930,야,일,1,1,0,0,0,서울,동대문구,차대사람,기타,운전자법규위반,안전운전 의무 불이행,기타,기타,승용차,보행자,961846,1951986,127.0679631,37.56644815,어린이집,푸른하늘어린이집,서울특별시 동대문구 답십리로66길 75-4,서울특별시 동대문구 장안동 393-2,37.56894421,127.0669403,서울특별시 동대문구청,동대문경찰서,Y,1,,2019-11-25,3050000,서울특별시 동대문구,0,9
2018,20180712,주,목,2,8,1,3,2,서울,광진구,차대사람,길가장자리구역통행중,운전자법규위반,안전운전 의무 불이행,단일로,기타단일로,승용차,보행자,963978,1950370,127.0921836,37.55196846,초등학교,동의초등학교,서울특별시 광진구 영화사로 111,서울특별시 광진구 구의2동 4-5,37.55338,127.090046,서울특별시청,광진경찰서,Y,7,,2019-02-20,3040000,서울특별시 광진구,0,95
2018,20180712,주,목,2,8,1,3,2,서울,광진구,차대사람,길가장자리구역통행중,운전자법규위반,안전운전 의무 불이행,단일로,기타단일로,승용차,보행자,963978,1950370,127.0921836,37.55196846,유치원,슬기유치원,서울특별시 광진구 자양로 296 (구의동),서울특별시 광진구 구의2동 31-18,37.552015,127.090381,서울특별시청,광진경찰서,Y,1,,2019-02-20,3040000,서울특별시 광진구,0,98
2018,20180929,야,토,1,2,0,1,0,서울,관악구,차대사람,기타,운전자법규위반,안전운전 의무 불이행,단일로,기타단일로,승용차,보행자,952041.8,1942372.6,126.957577,37.47934194,초등학교,원당초등학교,서울특별시 관악구 봉천로 505,,37.48127866,126.9562498,서울특별시 관악구청,서울관악경찰서,Y,4,6~25,2020-05-31,3200000,서울특별시 관악구,0,95
2018,20180929,야,토,1,2,0,1,0,서울,관악구,차대사람,기타,운전자법규위반,안전운전 의무 불이행,단일로,기타단일로,승용차,보행자,952041.8,1942372.6,126.957577,37.47934194,유치원,원당병설유치원,서울특별시 관악구 봉천로 505,,37.48127866,126.9562498,서울특별시 관악구청,서울관악경찰서,Y,1,6~25,2020-05-31,3200000,서울특별시 관악구,0,95
2018,20181201,야,토,1,1,0,0,0,서울,관악구,차대사람,기타,운전자법규위반,안전운전 의무 불이행,교차로,교차로부근,승용차,보행자,948753,1941764,126.9204237,37.47367987,유치원,신림유치원,서울특별시 관악구 난곡로 32길 12,,37.472093,126.9202382,서울특별시 관악구청,서울관악경찰서,Y,2,4~6,2020-05-31,3200000,서울특별시 관악구,0,96
2018,20181201,야,토,1,1,0,0,0,서울,관악구,차대사람,기타,운전자법규위반,안전운전 의무 불이행,교차로,교차로부근,승용차,보행자,948753,1941764,126.9204237,37.47367987,유치원,애동유치원,서울특별시 관악구 법원단지길 56,,37.47381393,126.920254,서울특별시 관악구청,서울관악경찰서,Y,2,8,2020-05-31,3200000,서울특별시 관악구,0,98
2018,20181201,야,토,1,1,0,0,0,서울,관악구,차대사람,기타,운전자법규위반,안전운전 의무 불이행,교차로,교차로부근,승용차,보행자,948753,1941764,126.9204237,37.47367987,어린이집,미라클어린이집,서울특별시 관악구 법원단지2길 15-4,,37.473654,126.919802,서울특별시 관악구청,서울관악경찰서,Y,1,4~6,2020-05-31,3200000,서울특별시 관악구,0,13
2018,20181215,야,토,1,1,0,0,0,서울,강서구,차대차,측면충돌,운전자법규위반,안전운전 의무 불이행,단일로,기타단일로,화물차,자전거,940319,1952842,126.8241451,37.57301958,유치원,국제유치원,서울특별시 강서구 양천로30길 4 (마곡동),,37.57051178,126.822935,서울특별시 강서구청,강서경찰서,Y,1,8,2020-01-01,3150000,서울특별시 강서구,0,99
2018,20181119,주,월,1,1,0,0,0,서울,강동구,차대사람,기타,운전자법규위반,안전운전 의무 불이행,단일로,기타단일로,승합차,보행자,967308,1950672,127.1298694,37.55481469,초등학교,선사초등학교,서울특별시 강동구 올림픽로 837,서울특별시 강동구 암사2동 186-1,37.5558399,127.1282034,서울특별시 강동구청,강동경찰서,Y,5,10,2019-12-06,3240000,서울특별시 강동구,2017-10-20,1
2018,20181119,주,월,1,1,0,0,0,서울,강동구,차대사람,기타,운전자법규위반,안전운전 의무 불이행,단일로,기타단일로,승합차,보행자,967308,1950672,127.1298694,37.55481469,유치원,한울유치원,서울특별시 강동구 올림픽로104길 36,서울특별시 강동구 암사동 442-1,37.55547042,127.1316795,서울특별시 강동구청,강동경찰서,Y,1,10,2019-12-06,3240000,서울특별시 강동구,0,12
2018,20181119,주,월,1,1,0,0,0,서울,강동구,차대사람,기타,운전자법규위반,안전운전 의무 불이행,단일로,기타단일로,승합차,보행자,967308,1950672,127.1298694,37.55481469,어린이집,암사무지개어린이집,서울특별시 강동구 고덕로20나길 55,서울특별시 강동구 암사1동 466-104,37.55370576,127.1305028,서울특별시 강동구청,강동경찰서,Y,1,6,2019-12-06,3240000,서울특별시 강동구,0,7
2018,20180320,야,화,1,1,0,0,0,서울,강동구,차대사람,보도통행중,운전자법규위반,보행자 보호의무 위반,교차로,교차로내,승용차,보행자,970944,1951153,127.1710156,37.55927202,유치원,성보나유치원,서울특별시 강동구 고덕로83길 68,서울특별시 강동구 고덕1동 177-8,37.5603217,127.1694389,서울특별시 강동구청,강동경찰서,Y,2,6,2019-12-06,3240000,서울특별시 강동구,0,9
2018,20180412,야,목,1,1,0,0,0,서울,송파구,차대차,정면충돌,운전자법규위반,안전운전 의무 불이행,단일로,기타단일로,승용차,승용차,965824,1943541,127.1134001,37.49048609,초등학교,가원초등학교,서울특별시 송파구 중대로4길 8,서울특별시 송파구 문정2동 150-10,37.48944098,127.1110221,서울특별시 송파구청,송파경찰서,Y,2,15,2020-02-20,3230000,서울특별시 송파구,0,15
2018,20180720,주,금,1,1,0,0,0,서울,송파구,차대사람,횡단중,운전자법규위반,안전운전 의무 불이행,단일로,기타단일로,승용차,보행자,966539,1944852,127.1214284,37.50232894,초등학교,신가초등학교,서울특별시 송파구 송이로 75,서울특별시 송파구 가락본동 43-1,37.5003769,127.1198579,서울특별시 송파구청,송파경찰서,Y,3,8,2020-02-20,3230000,서울특별시 송파구,2017-06-22,5
2018,20180720,주,금,1,1,0,0,0,서울,송파구,차대사람,횡단중,운전자법규위반,안전운전 의무 불이행,단일로,기타단일로,승용차,보행자,966539,1944852,127.1214284,37.50232894,유치원,예은유치원,서울특별시 송파구 오금로32길 13,서울특별시 송파구 송파2동 395,37.504712,127.120402,서울특별시 송파구청,송파경찰서,Y,1,14~16,2020-02-20,3230000,서울특별시 송파구,0,9
2018,20180806,주,월,1,1,0,0,0,서울,송파구,차대사람,기타,운전자법규위반,안전운전 의무 불이행,교차로,교차로부근,승용차,보행자,969500,1944188,127.1549555,37.49644659,초등학교,마천초등학교,서울특별시 송파구 마천로61다길 24,서울특별시 송파구 마천1동 183-4,37.49550698,127.1526301,서울특별시 송파구청,송파경찰서,Y,5,5~12,2020-02-20,3230000,서울특별시 송파구,0,10
2018,20180806,주,월,1,1,0,0,0,서울,송파구,차대사람,기타,운전자법규위반,안전운전 의무 불이행,교차로,교차로부근,승용차,보행자,969500,1944188,127.1549555,37.49644659,어린이집,마천어린이집,서울특별시 송파구 마천로61다길 28-7,서울특별시 송파구 마천1동 183-56,37.49580736,127.1516673,서울특별시 송파구청,송파경찰서,Y,1,5~12,2020-02-20,3230000,서울특별시 송파구,0,10
2018,20181013,야,토,1,1,0,0,0,서울,송파구,차대사람,횡단중,운전자법규위반,신호위반,단일로,기타단일로,승용차,보행자,965793,1944290,127.1130146,37.49723603,초등학교,중대초등학교,서울특별시 송파구 송파대로36길 8,서울특별시 송파구 송파2동 191,37.49981091,127.113605,서울특별시 송파구청,송파경찰서,Y,5,6~10,2020-02-20,3230000,서울특별시 송파구,0,5
2018,20180428,야,토,1,1,0,0,0,서울,성북구,차대차,기타,운전자법규위반,신호위반,교차로,교차로부근,이륜차,이륜차,958854,1955803.8,127.0338697,37.60073006,유치원,사랑유치원,서울특별시 성북구 월곡로7길 72,서울특별시 성북구 종암동 99-10,37.59989962,127.0363501,서울특별시 성북구청,서울특별시 종암경찰서,Y,1,4,2020-02-28,3070000,서울특별시 성북구,0,97
2018,20180428,야,토,1,1,0,0,0,서울,성북구,차대차,기타,운전자법규위반,신호위반,교차로,교차로부근,이륜차,이륜차,958854,1955803.8,127.0338697,37.60073006,유치원,예린유치원,서울특별시 성북구 종암로25길 17,서울특별시 성북구 종암동 79-204,37.60000168,127.0323416,서울특별시 성북구청,서울특별시 종암경찰서,Y,1,,2020-02-28,3070000,서울특별시 성북구,0,10
2018,20180428,야,토,1,1,0,0,0,서울,성북구,차대차,기타,운전자법규위반,신호위반,교차로,교차로부근,이륜차,이륜차,958854,1955803.8,127.0338697,37.60073006,어린이집,종암어린이집,서울특별시 성북구 종암로23길 11,서울특별시 성북구 종암동 79-236,37.5997311,127.0333264,서울특별시 성북구청,서울특별시 종암경찰서,Y,1,,2020-02-28,3070000,서울특별시 성북구,0,9
2018,20180428,야,토,1,1,0,0,0,서울,성북구,차대차,기타,운전자법규위반,신호위반,교차로,교차로부근,이륜차,이륜차,958854,1955803.8,127.0338697,37.60073006,어린이집,종암중앙어린이집,서울특별시 성북구 종암로19길 18,서울특별시 성북구 종암동 70-110,37.5987021,127.033713,서울특별시 성북구청,서울특별시 종암경찰서,Y,1,,2020-02-28,3070000,서울특별시 성북구,0,15
2018,20180213,야,화,1,1,0,0,0,서울,성북구,차대사람,기타,운전자법규위반,안전운전 의무 불이행,단일로,기타단일로,화물차,보행자,959121,1956399,127.0368611,37.60610663,어린이집,새싹어린이집,서울특별시 성북구 오패산로 21,서울특별시 성북구 하월곡동 96-113,37.60412684,127.0370454,서울특별시 성북구청,서울특별시 종암경찰서,Y,1,19,2020-02-28,3070000,서울특별시 성북구,0,10
2018,20180213,야,화,1,1,0,0,0,서울,성북구,차대사람,기타,운전자법규위반,안전운전 의무 불이행,단일로,기타단일로,화물차,보행자,959121,1956399,127.0368611,37.60610663,어린이집,영광어린이집,서울특별시 성북구 오패산로10길 27,,37.6056621,127.0383055,서울특별시 성북구청,서울특별시 종암경찰서,Y,1,12,2020-02-28,3070000,서울특별시 성북구,0,12
2018,20180310,야,토,1,1,0,0,0,서울,성북구,차대사람,차도통행중,운전자법규위반,안전운전 의무 불이행,단일로,기타단일로,승용차,보행자,959009,1955220,127.0356583,37.59547506,초등학교,숭례초등학교,서울특별시 성북구 종암로5길 14,서울특별시 성북구 종암동 22-1,37.59452281,127.0352968,서울특별시 성북구청,서울특별시 종암경찰서,Y,1,,2020-02-28,3070000,서울특별시 성북구,2016-11-10,96
2018,20180310,야,토,1,1,0,0,0,서울,성북구,차대사람,차도통행중,운전자법규위반,안전운전 의무 불이행,단일로,기타단일로,승용차,보행자,959009,1955220,127.0356583,37.59547506,유치원,숭례병설유치원,서울특별시 성북구 종암로5길 14,서울특별시 성북구 종암동 22-1,37.59452281,127.0352968,서울특별시 성북구청,서울특별시 종암경찰서,Y,1,,2020-02-28,3070000,서울특별시 성북구,0,96
2018,20180310,야,토,1,1,0,0,0,서울,성북구,차대사람,차도통행중,운전자법규위반,안전운전 의무 불이행,단일로,기타단일로,승용차,보행자,959009,1955220,127.0356583,37.59547506,유치원,영재유치원,서울특별시 성북구 종암로15길 1,,37.59743497,127.0347683,서울특별시 성북구청,서울특별시 종암경찰서,Y,1,,2020-02-28,3070000,서울특별시 성북구,0,8
2018,20180223,주,금,1,1,0,0,0,서울,양천구,차대차,기타,운전자법규위반,안전운전 의무 불이행,단일로,기타단일로,승용차,건설기계,940550,1946385,126.8272841,37.51483774,어린이집,넓은들어린이집,서울특별시 양천구 신정이펜1로 50,서울특별시 양천구 신정3동 1316,37.5133702,126.8293582,서울특별시 양천구청,양천경찰서,Y,3,7,2020-06-01,3140000,서울특별시 양천구,0,12
2018,20180601,야,금,1,2,0,1,0,서울,노원구,차량단독,공작물충돌,운전자법규위반,과속,단일로,기타단일로,이륜차,없음,962616,1962794,127.0761294,37.66389487,유치원,무지개유치원,서울특별시 노원구 덕릉로94가길 54,서울특별시 노원구 상계3동 1275-3,37.664554,127.0787161,노원구청,노원경찰서,Y,1,5.6~11.5,2020-07-14,3100000,서울특별시 노원구,0,8
2018,20180313,야,화,1,2,1,0,0,서울,은평구,차대차,측면충돌,운전자법규위반,신호위반,교차로,교차로내,원동기장치자전거,승용차,948085,1957300,126.9117701,37.61367048,유치원,자인(구산초교 중복),서울특별시 은평구 갈현로 169-7,서울특별시 은평구 갈현로 169-7,37.613278,126.910725,서울특별시 은평구,은평경찰서,Y,1,6,2019-07-31,3110000,서울특별시 은평구,0,95
2018,20180313,야,화,1,2,1,0,0,서울,은평구,차대차,측면충돌,운전자법규위반,신호위반,교차로,교차로내,원동기장치자전거,승용차,948085,1957300,126.9117701,37.61367048,유치원,보림유치원,서울특별시 은평구 연서로17길 35-1,서울특별시 은평구 연서로17길 35-1,37.613523,126.9135372,서울특별시 은평구,은평경찰서,Y,1,8,2019-07-31,3110000,서울특별시 은평구,0,99
2018,20180313,야,화,1,2,1,0,0,서울,은평구,차대차,측면충돌,운전자법규위반,신호위반,교차로,교차로내,원동기장치자전거,승용차,948085,1957300,126.9117701,37.61367048,유치원,라라유치원,서울특별시 은평구 갈현로 170-1,서울특별시 은평구 갈현로 170-1,37.613139,126.9119458,서울특별시 은평구,은평경찰서,Y,1,6,2019-07-31,3110000,서울특별시 은평구,0,7
2018,20180313,야,화,1,2,1,0,0,서울,은평구,차대차,측면충돌,운전자법규위반,신호위반,교차로,교차로내,원동기장치자전거,승용차,948085,1957300,126.9117701,37.61367048,초등학교,구산초등,서울특별시 은평구 서오릉로15길 16,서울특별시 은평구 서오릉로15길 16,37.6124476,126.9094685,서울특별시 은평구,은평경찰서,Y,6,6,2019-07-31,3110000,서울특별시 은평구,2017-09-29,95
2018,20180313,야,화,1,2,1,0,0,서울,은평구,차대차,측면충돌,운전자법규위반,신호위반,교차로,교차로내,원동기장치자전거,승용차,948085,1957300,126.9117701,37.61367048,어린이집,다우림어린이집,서울특별시 은평구 갈현로19길 16,서울특별시 은평구 갈현로19길 16,37.615538,126.9111987,서울특별시 은평구,은평경찰서,Y,2,6,2019-07-31,3110000,서울특별시 은평구,0,9
2018,20180223,야,금,1,6,0,5,0,서울,강북구,차대차,정면충돌,운전자법규위반,중앙선 침범,단일로,기타단일로,승용차,승합차,958023,1959206,127.0242605,37.63135713,유치원,운산유치원,서울특별시 강북구 수유로4길 58,서울특별시 강북구 수유동 52-21,37.63207,127.02172,강북구청,강북경찰서,Y,2,7,2019-05-10,3080000,서울특별시 강북구,0,98
2018,20180224,야,토,1,1,0,0,0,서울,동대문구,차대사람,횡단중,운전자법규위반,안전운전 의무 불이행,교차로,교차로횡단보도내,승용차,보행자,960672,1951888,127.054675,37.56551545,유치원,빛나유치원,서울특별시 동대문구 전농로 23,서울특별시 동대문구 답십리동 487-20,37.56720004,127.0564912,서울특별시 동대문구청,동대문경찰서,Y,1,,2019-11-25,3050000,서울특별시 동대문구,0,98
2018,20180307,주,수,1,1,0,0,0,서울,동대문구,차대사람,횡단중,운전자법규위반,안전운전 의무 불이행,교차로,교차로횡단보도내,화물차,보행자,962041,1953347,127.0701006,37.57872331,어린이집,배봉어린이집,서울특별시 동대문구 사가정로25길 51,서울특별시 동대문구 장안동 94-61,37.5811645,127.0706374,서울특별시 동대문구청,동대문경찰서,Y,1,,2019-11-25,3050000,서울특별시 동대문구,0,9
2018,20181206,주,목,1,1,0,0,0,서울,광진구,차대사람,횡단중,운전자법규위반,안전운전 의무 불이행,교차로,교차로횡단보도내,승합차,보행자,964208,1948640,127.0948719,37.53638429,유치원,프라임유치원,서울특별시 광진구 광나루로56길 5,서울특별시 광진구 구의3동 631-1,37.538767,127.096159,서울특별시청,광진경찰서,Y,1,,2019-02-20,3040000,서울특별시 광진구,0,8
2018,20180829,주,수,1,1,0,0,0,서울,영등포구,차대사람,횡단중,운전자법규위반,신호위반,교차로,교차로부근,화물차,보행자,949967,1946752,126.9338134,37.51870441,유치원,침례유치원,서울특별시 영등포구 국제금융로 118,서울특별시 영등포구 여의도동 53-19,37.51773399,126.9342568,영등포구청,영등포경찰서,Y,2,33,2020-06-30,3180000,서울특별시 영등포구,0,98
2018,20180316,주,금,1,1,0,0,0,서울,영등포구,차대사람,기타,운전자법규위반,안전운전 의무 불이행,단일로,기타단일로,승합차,보행자,946481,1946557,126.8943811,37.51675117,초등학교,문래초등학교,서울특별시 영등포구 문래로 104,서울특별시 영등포구 문래동3가 77-7,37.51913876,126.8936053,영등포구청,영등포경찰서,Y,3,6~27,2020-06-30,3180000,서울특별시 영등포구,0,95
2018,20180311,야,일,1,2,0,1,0,서울,성동구,차대차,정면충돌,운전자법규위반,중앙선 침범,단일로,기타단일로,이륜차,승용차,958101,1951844,127.025566,37.56500547,초등학교,신당초등학교,서울특별시 중구 난계로 141,서울특별시 중구 신당동 161-2,37.56362522,127.0236739,서울특별시 중구,서울중부경찰서,Y,4,25,2020-07-14,3010000,서울특별시 중구,2015-09-14,7
2018,20180115,야,월,1,1,0,0,0,서울,성동구,차대사람,횡단중,운전자법규위반,안전운전 의무 불이행,기타,기타,승용차,보행자,958632,1951659,127.0315889,37.56336202,어린이집,구립왕십리하나어린이집,서울특별시 성동구 무학봉16길 9-3,서울특별시 성동구 하왕십리동 976-13,37.560837,127.0320321,서울특별시 성동구,성동경찰서,Y,1,7,2020-06-17,3030000,서울특별시 성동구,0,10
2018,20180115,야,월,1,1,0,0,0,서울,성동구,차대사람,횡단중,운전자법규위반,안전운전 의무 불이행,기타,기타,승용차,보행자,958632,1951659,127.0315889,37.56336202,유치원,무학유치원,서울특별시 성동구 무학봉15가길 4,서울특별시 성동구 하왕십리동 986-95,37.5614705,127.0306547,서울특별시 성동구,성동경찰서,Y,1,4,2020-06-17,3030000,서울특별시 성동구,0,97
2018,20180115,야,월,1,1,0,0,0,서울,성동구,차대사람,횡단중,운전자법규위반,안전운전 의무 불이행,기타,기타,승용차,보행자,958632,1951659,127.0315889,37.56336202,초등학교,무학초등학교,서울특별시 성동구 무학봉15길 21,서울특별시 성동구 하왕십리동 950-1,37.5632029,127.0296455,서울특별시 성동구,성동경찰서,Y,8,5,2020-06-17,3030000,서울특별시 성동구,2018-04-26,97
2018,20180530,주,수,1,1,0,0,0,서울,강서구,차대차,측면충돌,운전자법규위반,안전거리 미확보,단일로,기타단일로,자전거,승용차,944606,1950281,126.8728838,37.55020516,초등학교,염동초등학교,서울특별시 강서구 양천로73길 17 (염창동),,37.55209431,126.872373,서울특별시 강서구청,강서경찰서,N,,,2020-01-01,3150000,서울특별시 강서구,2017-11-15,98
2018,20180530,주,수,1,1,0,0,0,서울,강서구,차대차,측면충돌,운전자법규위반,안전거리 미확보,단일로,기타단일로,자전거,승용차,944606,1950281,126.8728838,37.55020516,어린이집,동산어린이집,서울특별시 강서구 양천로75길 44 (염창동),,37.55153551,126.875539,서울특별시 강서구청,강서경찰서,N,,,2020-01-01,3150000,서울특별시 강서구,0,11
2018,20180310,주,토,1,1,0,0,0,서울,송파구,차대사람,기타,운전자법규위반,안전운전 의무 불이행,교차로,교차로부근,승용차,보행자,963866,1945672,127.0911469,37.50961917,초등학교,버들초등학교,서울특별시 송파구 석촌호수로 81,서울특별시 송파구 잠실3동 35-6,37.51023322,127.0890283,서울특별시 송파구청,송파경찰서,Y,1,15,2020-02-20,3230000,서울특별시 송파구,0,10
2018,20180920,주,목,1,1,0,0,0,서울,성북구,차대사람,횡단중,운전자법규위반,보행자 보호의무 위반,교차로,교차로횡단보도내,건설기계,보행자,960194,1957235,127.0489718,37.61368876,초등학교,장위초등학교,서울특별시 성북구 장월로8가길 41,,37.6114417,127.0500057,서울특별시 성북구청,서울특별시 종암경찰서,Y,1,,2020-02-28,3070000,서울특별시 성북구,0,97
2018,20180706,야,금,1,1,0,0,0,서울,도봉구,차대사람,기타,운전자법규위반,안전운전 의무 불이행,교차로,교차로내,건설기계,보행자,959199,1960300,127.037527,37.64127052,유치원,한볕,서울특별시 도봉구 덕릉로 63가길 43,,37.64292279,127.0387778,도봉구청,도봉경찰서,Y,1,6,2019-09-05,3090000,서울특별시 도봉구,0,9
2018,20181009,주,화,1,1,0,0,0,서울,은평구,차대차,기타,운전자법규위반,신호위반,교차로,교차로내,이륜차,승합차,949066,1957684,126.9228582,37.61718636,어린이집,성모자애어린이집,서울특별시 은평구 통일로78길 10,서울특별시 은평구 통일로78길 10,37.617722,126.923779,서울특별시 은평구,은평경찰서,Y,1,6,2019-07-31,3110000,서울특별시 은평구,0,6
2018,20181029,주,월,1,1,0,0,0,서울,강남구,차대차,기타,운전자법규위반,안전거리 미확보,단일로,기타단일로,승합차,승용차,961227,1943892,127.0613815,37.49346819,초등학교,대치초등학교,서울특별시 강남구 양재천로 363,,37.49127879,127.0621966,서울특별시 강남구청,수서경찰서,Y,3,8.8,2020-06-24,3220000,서울특별시 강남구,2018-11-18,11
2018,20181029,주,월,1,1,0,0,0,서울,강남구,차대차,기타,운전자법규위반,안전거리 미확보,단일로,기타단일로,승합차,승용차,961227,1943892,127.0613815,37.49346819,어린이집,구민회관어린이집,서울특별시 강남구 삼성로 154,,37.493887,127.0642704,서울특별시 강남구청,수서경찰서,Y,1,30,2020-06-24,3220000,서울특별시 강남구,0,12
2018,20181114,야,수,1,1,0,0,0,서울,강남구,차대차,기타,운전자법규위반,신호위반,교차로,교차로내,이륜차,화물차,959935,1943965,127.0467622,37.494071,어린이집,역삼가애어린이집,서울특별시 강남구 도곡로37길 15,,37.494809,127.044725,서울특별시 강남구청,수서경찰서,Y,2,12,2020-06-24,3220000,서울특별시 강남구,0,13
2018,20180119,야,금,1,2,0,1,0,서울,금천구,차대사람,차도통행중,운전자법규위반,과속,단일로,기타단일로,승용차,보행자,946692,1938836,126.8973279,37.44717251,어린이집,양문 어린이집,서울특별시 금천구 시흥대로 45길 35,서울특별시 금천구 시흥동 492-53,37.448229,126.900257,서울특별시 금천구청,금천경찰서,Y,1,6~8,2020-02-20,3170000,서울특별시 금천구,0,11
2018,20180119,야,금,1,2,0,1,0,서울,금천구,차대사람,차도통행중,운전자법규위반,과속,단일로,기타단일로,승용차,보행자,946692,1938836,126.8973279,37.44717251,초등학교,문백초등학교,서울특별시 금천구 시흥대로47길 43-1,서울특별시 금천구 시흥동 564-5,37.447009,126.8986979,서울특별시 금천구청,금천경찰서,Y,1,6~14,2020-02-20,3170000,서울특별시 금천구,0,97
2018,20180811,야,토,1,1,0,0,0,서울,용산구,차대사람,횡단중,운전자법규위반,보행자 보호의무 위반,단일로,기타단일로,승용차,보행자,955810,1948639,126.9998183,37.53601092,어린이집,한남어린이집,서울특벽시 용산구 대사관로5길 1,서울특별시 용산구 한남동 685-43,37.53456498,127.0004933,용산구청,용산경찰서,Y,,4~15,2020-02-18,3020000,서울특별시 용산구,0,13
2018,20181017,야,수,1,1,0,0,0,서울,성북구,차대사람,횡단중,운전자법규위반,신호위반,교차로,교차로내,화물차,보행자,956678,1957451,127.0091217,37.61547662,유치원,한가람유치원,서울특별시 성북구 서경로 166,서울특별시 성북구 정릉동 239-1,37.61630277,127.010289,서울특별시 성북구청,서울특별시 성북경찰서,Y,1,12,2020-02-28,3070000,서울특별시 성북구,0,14
2018,20181017,야,수,1,1,0,0,0,서울,성북구,차대사람,횡단중,운전자법규위반,신호위반,교차로,교차로내,화물차,보행자,956678,1957451,127.0091217,37.61547662,어린이집,솔샘어린이집,서울특별시 성북구 보국문로16가길 82,서울특별시 성북구 정릉동 266-11,37.6137458,127.0111087,서울특별시 성북구청,서울특별시 성북경찰서,Y,1,6,2020-02-28,3070000,서울특별시 성북구,0,9
2018,20181017,야,수,1,1,0,0,0,서울,성북구,차대사람,횡단중,운전자법규위반,신호위반,교차로,교차로내,화물차,보행자,956678,1957451,127.0091217,37.61547662,어린이집,성북생명숲어린이집,서울특별시 성북구 서경로 173,서울특별시 성북구 정릉동 239-2,37.61603256,127.0091835,서울특별시 성북구청,서울특별시 성북경찰서,Y,1,,2020-02-28,3070000,서울특별시 성북구,0,15
2018,20180722,야,일,1,1,0,0,0,서울,강북구,차대사람,횡단중,운전자법규위반,보행자 보호의무 위반,교차로,교차로내,승합차,보행자,957079,1959504,127.0135447,37.63399943,초등학교,서울유현초등학교,서울특별시 강북구 인수봉로37길 24,서울특별시 강북구 수유동 466-52,37.63232,127.0114196,강북구청,강북경찰서,Y,5,20,2019-05-10,3080000,서울특별시 강북구,0,98
2018,20181211,주,화,1,1,0,0,0,서울,동대문구,차대사람,기타,운전자법규위반,보행자 보호의무 위반,교차로,교차로부근,이륜차,보행자,959962,1952954,127.0465774,37.57509301,유치원,그림유치원,서울특별시 동대문구 답십리로 56,서울특별시 동대문구 전농동 643-36,37.576049,127.0471757,서울특별시 동대문구청,동대문경찰서,Y,1,,2019-11-25,3050000,서울특별시 동대문구,0,11
2018,20181211,주,화,1,1,0,0,0,서울,동대문구,차대사람,기타,운전자법규위반,보행자 보호의무 위반,교차로,교차로부근,이륜차,보행자,959962,1952954,127.0465774,37.57509301,어린이집,태양어린이집,서울특별시 동대문구 황물로 32,서울특별시 동대문구 답십리동557-1,37.57405193,127.0453445,서울특별시 동대문구청,동대문경찰서,Y,1,,2019-11-25,3050000,서울특별시 동대문구,0,9
2018,20180711,야,수,1,1,0,0,0,서울,광진구,차대사람,차도통행중,운전자법규위반,안전운전 의무 불이행,기타,기타,승용차,보행자,961461,1948201,127.0638025,37.53231667,초등학교,동자초등학교,서울특별시 광진구 뚝섬로 561,서울특별시 광진구 자양3동 518-1,37.534686,127.06336,서울특별시청,광진경찰서,Y,3,,2019-02-20,3040000,서울특별시 광진구,2017-05-26,95
2018,20180711,야,수,1,1,0,0,0,서울,광진구,차대사람,차도통행중,운전자법규위반,안전운전 의무 불이행,기타,기타,승용차,보행자,961461,1948201,127.0638025,37.53231667,유치원,인애유치원,서울특별시 광진구 능동로4길 13,서울특별시 광진구 자양3동 553-339,37.533767,127.06619,서울특별시청,광진경찰서,Y,1,,2019-02-20,3040000,서울특별시 광진구,0,8
2018,20180711,야,수,1,1,0,0,0,서울,광진구,차대사람,차도통행중,운전자법규위반,안전운전 의무 불이행,기타,기타,승용차,보행자,961461,1948201,127.0638025,37.53231667,어린이집,자양어린이집,서울특별시 광진구 자양번영로 35 (자양동),서울특별시 광진구 자양3동 581-2,37.532877,127.066464,서울특별시청,광진경찰서,Y,1,,2019-02-20,3040000,서울특별시 광진구,0,7
2018,20180711,야,수,1,1,0,0,0,서울,광진구,차대사람,차도통행중,운전자법규위반,안전운전 의무 불이행,기타,기타,승용차,보행자,961461,1948201,127.0638025,37.53231667,어린이집,으뜸어린이집,서울특별시 광진구 능동로4길 88 (자양동),서울특별시 광진구 자양3동 482-5,37.53078,127.062416,서울특별시청,광진경찰서,Y,1,,2019-02-20,3040000,서울특별시 광진구,0,7
2018,20180107,야,일,1,1,0,0,0,서울,영등포구,차대사람,횡단중,운전자법규위반,과속,단일로,기타단일로,승용차,보행자,948462,1946568,126.9167962,37.51696312,유치원,신라유치원,서울특별시 영등포구 영등포로64길 8,서울특별시 영등포구 신길동 170-7,37.51469911,126.9166502,영등포구청,영등포경찰서,Y,1,7~8,2020-06-30,3180000,서울특별시 영등포구,0,8
2018,20180827,야,월,1,1,0,0,0,서울,관악구,차량단독,기타,운전자법규위반,안전운전 의무 불이행,단일로,기타단일로,자전거,없음,947812,1942891,126.9097021,37.48378509,초등학교,조원초등학교,서울특별시 관악구 조원로 67,,37.484114,126.9095068,서울특별시 관악구청,서울관악경찰서,Y,4,6~20,2020-05-31,3200000,서울특별시 관악구,0,5
2018,20180826,야,일,1,1,0,0,0,서울,관악구,차대사람,횡단중,운전자법규위반,신호위반,교차로,교차로내,이륜차,보행자,947823,1942588,126.909848,37.48105471,어린이집,노아어린이집,서울특별시 관악구 남부순환로145길 6,,37.4818537,126.9123722,서울특별시 관악구청,서울관악경찰서,Y,2,6,2020-05-31,3200000,서울특별시 관악구,0,97
2018,20180303,야,토,1,2,0,1,0,서울,중랑구,차대사람,횡단중,운전자법규위반,과속,교차로,교차로횡단보도내,승용차,보행자,962906,1952859,127.0799215,37.57436009,어린이집,이화어린이집,서울특별시 중랑구 면목로27길 85,서울특별시 중랑구 면목4동 715-1,37.573952,127.080811,서울특별시 중랑구청,중랑경찰서,Y,,,2020-03-04,3060000,서울특별시 중랑구,0,6
2018,20180322,야,목,1,1,0,0,0,서울,중랑구,차대사람,횡단중,운전자법규위반,보행자 보호의무 위반,단일로,기타단일로,특수차,보행자,964088,1956382,127.0931342,37.60616082,유치원,예원유치원,서울특별시 중랑구 신내로51,서울특별시 중랑구 신내2동 783,37.6059759,127.0947267,서울특별시 중랑구청,중랑경찰서,Y,,,2020-03-04,3060000,서울특별시 중랑구,0,97
2018,20180322,야,목,1,1,0,0,0,서울,중랑구,차대사람,횡단중,운전자법규위반,보행자 보호의무 위반,단일로,기타단일로,특수차,보행자,964088,1956382,127.0931342,37.60616082,초등학교,서울신현초등학교,서울특별시 중랑구 봉화산로 188,서울특별시 중랑구 신내2동 663,37.60581469,127.0935215,서울특별시 중랑구청,중랑경찰서,Y,,,2020-03-04,3060000,서울특별시 중랑구,0,97
2018,20180930,주,일,1,1,0,0,0,서울,강남구,차대차,측면충돌,운전자법규위반,안전운전 의무 불이행,단일로,기타단일로,승합차,자전거,958821,1948046,127.0339317,37.53080546,초등학교,압구정초등학교,서울특별시 강남구 압구정로39길 29,,37.53173902,127.0308413,서울특별시 강남구청,강남경찰서,Y,2,8.9,2020-06-24,3220000,서울특별시 강남구,0,12
2018,20180930,주,일,1,1,0,0,0,서울,강남구,차대차,측면충돌,운전자법규위반,안전운전 의무 불이행,단일로,기타단일로,승합차,자전거,958821,1948046,127.0339317,37.53080546,어린이집,압구정아람어린이집,서울특별시 강남구 압구정로 311,,37.52934822,127.0356146,서울특별시 강남구청,강남경찰서,Y,3,30,2020-06-24,3220000,서울특별시 강남구,0,13
2018,20181114,야,수,1,1,0,0,0,서울,강동구,차대사람,길가장자리구역통행중,운전자법규위반,안전운전 의무 불이행,단일로,지하차도(도로)내,건설기계,보행자,966773,1950260,127.123831,37.55108203,초등학교,신암초등학교,서울특별시 강동구 올림픽로93길 33-16,서울특별시 강동구 암사2동 517,37.55002187,127.1244047,서울특별시 강동구청,강동경찰서,Y,3,6,2019-12-06,3240000,서울특별시 강동구,0,97
2018,20181114,야,수,1,1,0,0,0,서울,강동구,차대사람,길가장자리구역통행중,운전자법규위반,안전운전 의무 불이행,단일로,지하차도(도로)내,건설기계,보행자,966773,1950260,127.123831,37.55108203,어린이집,암사어린이집,서울특별시 강동구 상암로4가길 28,서울특별시 강동구 암사2동 510-25,37.55060871,127.1249616,서울특별시 강동구청,강동경찰서,Y,1,6,2019-12-06,3240000,서울특별시 강동구,0,7
2018,20180127,주,토,1,1,0,0,0,서울,송파구,차대사람,횡단중,운전자법규위반,신호위반,단일로,기타단일로,승용차,보행자,966388.6,1946238.3,127.1196634,37.51481883,초등학교,방이초등학교,서울특별시 송파구 위례성대로10길 4,서울특별시 송파구 방이1동 167,37.51343088,127.1204982,서울특별시 송파구청,송파경찰서,Y,6,6~15,2020-02-20,3230000,서울특별시 송파구,0,4
2018,20181115,야,목,1,4,0,3,0,서울,구로구,차량단독,공작물충돌,운전자법규위반,안전운전 의무 불이행,교차로,교차로부근,승용차,없음,941821,1944702,126.8417986,37.4997498,유치원,혜원유치원,서울특별시 구로구 고척로 62-11,,37.49939985,126.842282,서울특별시 구로구청,구로경찰서,Y,,,2019-10-28,3160000,서울특별시 구로구,0,10
2018,20181115,야,목,1,4,0,3,0,서울,구로구,차량단독,공작물충돌,운전자법규위반,안전운전 의무 불이행,교차로,교차로부근,승용차,없음,941821,1944702,126.8417986,37.4997498,초등학교,오류초등학교,서울특별시 구로구 경인로19길 39,,37.49752903,126.8420281,서울특별시 구로구청,구로경찰서,Y,,,2019-10-28,3160000,서울특별시 구로구,0,96
2018,20180110,야,수,1,1,0,0,0,서울,구로구,차대사람,횡단중,운전자법규위반,안전운전 의무 불이행,교차로,교차로내,승합차,보행자,941837,1944718,126.8419783,37.49989502,유치원,혜원유치원,서울특별시 구로구 고척로 62-11,,37.49939985,126.842282,서울특별시 구로구청,구로경찰서,Y,,,2019-10-28,3160000,서울특별시 구로구,0,10
2018,20180110,야,수,1,1,0,0,0,서울,구로구,차대사람,횡단중,운전자법규위반,안전운전 의무 불이행,교차로,교차로내,승합차,보행자,941837,1944718,126.8419783,37.49989502,초등학교,오류초등학교,서울특별시 구로구 경인로19길 39,,37.49752903,126.8420281,서울특별시 구로구청,구로경찰서,Y,,,2019-10-28,3160000,서울특별시 구로구,0,96
2018,20181121,주,수,1,1,0,0,0,서울,서초구,차대사람,기타,운전자법규위반,안전운전 의무 불이행,교차로,교차로횡단보도내,건설기계,보행자,958161,1943306,127.0267318,37.48805249,어린이집,푸르니서초어린이집,서울특별시 서초구 효령로67길 4,서울특별시 서초구 서초1동 1607-5,37.4873913,127.0237173,서울시 서초구,서초경찰서,Y,1,1,2019-06-03,3210000,서울특별시 서초구,0,8
2018,20180726,야,목,1,1,0,0,0,서울,양천구,차대차,기타,운전자법규위반,안전운전 의무 불이행,단일로,기타단일로,승용차,화물차,941251,1948001,126.8350866,37.5294477,어린이집,곰달래어린이집,서울특별시 양천구 남부순환로65길 2,서울특별시 양천구 신월1동 217-1,37.5277047,126.834015,서울특별시 양천구청,양천경찰서,Y,2,6,2020-06-01,3140000,서울특별시 양천구,0,8
2018,20180726,야,목,1,1,0,0,0,서울,양천구,차대차,기타,운전자법규위반,안전운전 의무 불이행,단일로,기타단일로,승용차,화물차,941251,1948001,126.8350866,37.5294477,어린이집,세진어린이집,서울특별시 양천구 곰달래로 28,서울특별시 양천구 신월1동 226-7,37.5297015,126.835746,서울특별시 양천구청,양천경찰서,Y,3,7,2020-06-01,3140000,서울특별시 양천구,0,8
2018,20180726,야,목,1,1,0,0,0,서울,양천구,차대차,기타,운전자법규위반,안전운전 의무 불이행,단일로,기타단일로,승용차,화물차,941251,1948001,126.8350866,37.5294477,어린이집,성결어린이집,서울특별시 양천구 월정로19길 11,서울특별시 양천구 신월1동 234-1,37.528832,126.837666,서울특별시 양천구청,양천경찰서,Y,2,5,2020-06-01,3140000,서울특별시 양천구,0,11
2018,20180726,야,목,1,1,0,0,0,서울,양천구,차대차,기타,운전자법규위반,안전운전 의무 불이행,단일로,기타단일로,승용차,화물차,941251,1948001,126.8350866,37.5294477,학원,리틀플래닛학원,서울특별시 양천구 곰달래로9길 12,서울특별시 양천구 신월1동 121-1,37.53090097,126.8358401,서울특별시 양천구청,양천경찰서,Y,2,6,2020-06-01,3140000,서울특별시 양천구,0,0
2018,20180609,야,토,1,1,0,0,0,서울,노원구,차량단독,공작물충돌,운전자법규위반,안전운전 의무 불이행,단일로,기타단일로,화물차,없음,961183,1959465,127.0600591,37.63383052,유치원,연지유치원,서울특별시 노원구 월계로55길 16,서울특별시 노원구 월계동 320-9,37.63295597,127.0604882,노원구청,노원경찰서,Y,2,6~20,2020-07-14,3100000,서울특별시 노원구,0,98
2018,20180609,야,토,1,1,0,0,0,서울,노원구,차량단독,공작물충돌,운전자법규위반,안전운전 의무 불이행,단일로,기타단일로,화물차,없음,961183,1959465,127.0600591,37.63383052,초등학교,연지초교,서울특별시 노원구 월계로55길 48,서울특별시 노원구 월계동 271,37.63319071,127.0595368,노원구청,노원경찰서,Y,4,6~20,2020-07-14,3100000,서울특별시 노원구,0,98
2018,20180613,야,수,1,2,0,0,1,서울,노원구,차대사람,횡단중,운전자법규위반,안전운전 의무 불이행,단일로,지하차도(도로)내,승용차,보행자,961985,1959488,127.0691473,37.63407136,초등학교,연촌초교,서울특별시 노원구 공릉로58길 36,서울특별시 노원구 하계1동 152,37.634416,127.0725121,노원구청,노원경찰서,Y,3,7~15,2020-07-14,3100000,서울특별시 노원구,0,96
2018,20180613,야,수,1,2,0,0,1,서울,노원구,차대사람,횡단중,운전자법규위반,안전운전 의무 불이행,단일로,지하차도(도로)내,승용차,보행자,961985,1959488,127.0691473,37.63407136,어린이집,청솔창의어린이집,서울특별시 노원구 공릉로59가길 13,서울특별시 노원구 하계동 135-7,37.634028,127.0709619,노원구청,노원경찰서,Y,2,5.6,2020-07-14,3100000,서울특별시 노원구,0,17
2018,20180613,야,수,1,2,0,0,1,서울,노원구,차대사람,횡단중,운전자법규위반,안전운전 의무 불이행,단일로,지하차도(도로)내,승용차,보행자,961985,1959488,127.0691473,37.63407136,유치원,연촌병설유치원,서울특별시 노원구 공릉로58길 36,서울특별시 노원구 하계1동 152,37.634416,127.0725121,노원구청,노원경찰서,Y,3,7~15,2020-07-14,3100000,서울특별시 노원구,0,96
2018,20180613,야,수,1,2,0,0,1,서울,노원구,차대사람,횡단중,운전자법규위반,안전운전 의무 불이행,단일로,지하차도(도로)내,승용차,보행자,961985,1959488,127.0691473,37.63407136,유치원,선덕유치원,서울특별시 노원구 섬밭로 190,서울특별시 노원구 하계2동 273,37.6330641,127.0671226,노원구청,노원경찰서,Y,1,7.5~19.5,2020-07-14,3100000,서울특별시 노원구,0,8
2018,20180227,주,화,1,1,0,0,0,서울,노원구,차대차,측면충돌,운전자법규위반,안전거리 미확보,단일로,지하차도(도로)내,자전거,건설기계,961887,1962117,127.0678994,37.65776297,초등학교,상계초교,서울특별시 노원구 상계로9길 39,서울특별시 노원구 상계2동 402-1,37.65962546,127.0664937,노원구청,노원경찰서,Y,3,8.5~30,2020-07-14,3100000,서울특별시 노원구,0,95
2018,20180712,야,목,1,1,0,0,0,서울,용산구,차량단독,공작물충돌,운전자법규위반,안전운전 의무 불이행,단일로,터널안,이륜차,없음,954743,1949755,126.9876727,37.54601793,초등학교,용암초교,서울특벽시 용산구 서울특별시 용산구 녹사평대로60길 39,서울특별시 용산구 용산동2가 5-2147,37.54530443,126.9894356,용산구청,용산경찰서,Y,,4~6,2020-02-18,3020000,서울특별시 용산구,0,98
2018,20181024,주,수,1,1,0,0,0,서울,용산구,차대차,기타,운전자법규위반,신호위반,교차로,교차로횡단보도내,승용차,자전거,955065,1947423,126.9914605,37.52501478,어린이집,동빙고어린이집,서울특벽시 용산구 녹사평대로14길 7,서울특별시 용산구 동빙고동 7-40,37.52360144,126.9940089,용산구청,용산경찰서,Y,,6~8,2020-02-18,3020000,서울특별시 용산구,0,6
2018,20180531,야,목,1,1,0,0,0,서울,용산구,차대사람,차도통행중,운전자법규위반,안전운전 의무 불이행,단일로,기타단일로,이륜차,보행자,951856,1947699,126.9551269,37.52734047,어린이집,이촌어린이집,서울특벽시 용산구 이촌로14길 11-22,서울특별시 용산구 이촌동 206-1,37.52695898,126.9545216,용산구청,용산경찰서,Y,,8~9,2020-02-18,3020000,서울특별시 용산구,0,6
2018,20180619,주,화,1,1,0,0,0,서울,성북구,차대차,측면충돌,운전자법규위반,안전운전 의무 불이행,교차로,교차로내,승용차,이륜차,957808,1953542,127.0221506,37.58029657,초등학교,대광초등학교,서울특별시 성북구 안암로 5,서울특별시 성북구 보문동7가 111,37.57915122,127.0234479,서울특별시 성북구청,서울특별시 성북경찰서,Y,1,,2020-02-28,3070000,서울특별시 성북구,0,95
2018,20180619,주,화,1,1,0,0,0,서울,성북구,차대차,측면충돌,운전자법규위반,안전운전 의무 불이행,교차로,교차로내,승용차,이륜차,957808,1953542,127.0221506,37.58029657,유치원,영암유치원,서울특별시 성북구 안암로7길 66,,37.58236597,127.0234341,서울특별시 성북구청,서울특별시 성북경찰서,Y,1,6,2020-02-28,3070000,서울특별시 성북구,0,8
2018,20180410,야,화,1,1,0,0,0,서울,강북구,차대사람,기타,운전자법규위반,안전운전 의무 불이행,교차로,교차로부근,승용차,보행자,956819,1960804,127.0105211,37.6457043,유치원,유안유치원(인수유치원 중복),서울특별시 강북구 인수봉로 297,서울특별시 강북구 수유동 560-17,37.64528,127.01048,강북구청,강북경찰서,Y,2,20,2019-05-10,3080000,서울특별시 강북구,0,96
2018,20180410,야,화,1,1,0,0,0,서울,강북구,차대사람,기타,운전자법규위반,안전운전 의무 불이행,교차로,교차로부근,승용차,보행자,956819,1960804,127.0105211,37.6457043,어린이집,백운교회어린이집,서울특별시 강북구 인수봉로77길 10,서울특별시 강북구 수유동 542-6,37.64463,127.01019,강북구청,강북경찰서,Y,2,7,2019-05-10,3080000,서울특별시 강북구,0,7
2018,20181029,주,월,1,2,0,1,0,서울,영등포구,차대차,정면충돌,운전자법규위반,신호위반,교차로,교차로내,이륜차,승합차,947466,1947515,126.9054582,37.52544239,유치원,영중초등학교병설유치원,서울특별시 영등포구 양산로 185,서울특별시 영등포구 영등포동7가 53,37.52414258,126.9036935,영등포구청,영등포경찰서,Y,1,6~9,2020-06-30,3180000,서울특별시 영등포구,0,95
2018,20181029,주,월,1,2,0,1,0,서울,영등포구,차대차,정면충돌,운전자법규위반,신호위반,교차로,교차로내,이륜차,승합차,947466,1947515,126.9054582,37.52544239,초등학교,영중초등학교,서울특별시 영등포구 양산로 185,서울특별시 영등포구 영등포동7가 53,37.52414258,126.9036935,영등포구청,영등포경찰서,Y,7,6~9,2020-06-30,3180000,서울특별시 영등포구,0,95
2018,20181029,주,월,1,2,0,1,0,서울,영등포구,차대차,정면충돌,운전자법규위반,신호위반,교차로,교차로내,이륜차,승합차,947466,1947515,126.9054582,37.52544239,초등학교,영동초등학교,서울특별시 영등포구 국회대로53길 20,서울특별시 영등포구 당산동 121-22,37.527007,126.907704,영등포구청,영등포경찰서,Y,2,5~6.3,2020-06-30,3180000,서울특별시 영등포구,0,95
2018,20180315,야,목,1,1,0,0,0,서울,영등포구,차대사람,횡단중,운전자법규위반,과속,단일로,기타단일로,화물차,보행자,946973,1945371,126.9000338,37.50608998,유치원,우성유치원,서울특별시 영등포구 도신로 68-1,서울특별시 영등포구 신길동 365,37.505742,126.900623,영등포구청,영등포경찰서,Y,1,18,2020-06-30,3180000,서울특별시 영등포구,0,8
2018,20180703,주,화,1,1,0,0,0,서울,금천구,차대사람,차도통행중,운전자법규위반,안전운전 의무 불이행,교차로,교차로내,건설기계,보행자,946899,1940771,126.8995285,37.46462504,유치원,독산유치원,서울특별시 금천구 시흥대로 98길 45,서울특별시 금천구 독산동 1051-20,37.46434175,126.900288,서울특별시 금천구청,금천경찰서,Y,1,6~8,2020-02-20,3170000,서울특별시 금천구,0,95
2018,20180703,주,화,1,1,0,0,0,서울,금천구,차대사람,차도통행중,운전자법규위반,안전운전 의무 불이행,교차로,교차로내,건설기계,보행자,946899,1940771,126.8995285,37.46462504,초등학교,독산초등학교,서울특별시 금천구 시흥대로 104길 31,서울특별시 금천구 독산동 1034,37.46565673,126.8997128,서울특별시 금천구청,금천경찰서,Y,1,4~8,2020-02-20,3170000,서울특별시 금천구,0,95
2018,20180703,주,화,1,1,0,0,0,서울,금천구,차대사람,차도통행중,운전자법규위반,안전운전 의무 불이행,교차로,교차로내,건설기계,보행자,946899,1940771,126.8995285,37.46462504,어린이집,해솔예술어린이집,서울특별시 금천구 시흥대로 90길 63,서울특별시 금천구 독산동 1062-10,37.46300863,126.9007427,서울특별시 금천구청,금천경찰서,Y,1,6~8,2020-02-20,3170000,서울특별시 금천구,0,13
2018,20180726,야,목,1,1,0,0,0,서울,성동구,차량단독,공작물충돌,운전자법규위반,안전운전 의무 불이행,단일로,기타단일로,이륜차,없음,959131,1952237,127.0372067,37.56859398,유치원,마장병설유치원,서울특별시 성동구 마장로34나길 31,서울특별시 성동구 마장동 556,37.56812375,127.0351078,서울특별시 성동구,성동경찰서,Y,1,8,2020-06-17,3030000,서울특별시 성동구,0,97
2018,20180726,야,목,1,1,0,0,0,서울,성동구,차량단독,공작물충돌,운전자법규위반,안전운전 의무 불이행,단일로,기타단일로,이륜차,없음,959131,1952237,127.0372067,37.56859398,초등학교,동명초등학교,서울특별시 성동구 마장로29길 29,서울특별시 성동구 마장동 556,37.56812375,127.0351078,서울특별시 성동구,성동경찰서,Y,7,7,2020-06-17,3030000,서울특별시 성동구,2017-10-17,95
2018,20180726,야,목,1,1,0,0,0,서울,성동구,차량단독,공작물충돌,운전자법규위반,안전운전 의무 불이행,단일로,기타단일로,이륜차,없음,959131,1952237,127.0372067,37.56859398,초등학교,마장초등학교,서울특별시 성동구 마장로34나길 31,서울특별시 성동구 마장동 556,37.56812375,127.0351078,서울특별시 성동구,성동경찰서,Y,2,8~10,2020-06-17,3030000,서울특별시 성동구,2017-12-12,97
2018,20180913,주,목,1,1,0,0,0,서울,성동구,차대사람,횡단중,운전자법규위반,보행자 보호의무 위반,교차로,교차로내,화물차,보행자,960632,1948791,127.0543883,37.53759951,어린이집,아이세계어린이집,서울특별시 광진구 동일로4가길 2 (자양동),서울특별시 광진구 자양4동 197-6,37.536087,127.053441,서울특별시청,광진경찰서,Y,2,,2019-02-20,3040000,서울특별시 광진구,0,8
2018,20181223,야,일,1,1,0,0,0,서울,강남구,차대사람,횡단중,운전자법규위반,신호위반,단일로,기타단일로,승용차,보행자,960781,1947051,127.0561677,37.52192263,어린이집,튼튼영재어린이집,"서울특별시 강남구 학동로101길 26, 삼익상가3층",,37.52244507,127.0576206,서울특별시 강남구청,강남경찰서,Y,3,6,2020-06-24,3220000,서울특별시 강남구,0,11
2018,20180320,야,화,1,1,0,0,0,서울,강남구,차대사람,횡단중,운전자법규위반,안전운전 의무 불이행,단일로,기타단일로,승용차,보행자,959059,1945762,127.0367526,37.51022959,유치원,성결유치원,서울특별시 강남구 언주로121길 5,,37.511421,127.035354,서울특별시 강남구청,강남경찰서,Y,4,6,2020-06-24,3220000,서울특별시 강남구,0,7
2018,20180122,주,월,1,1,0,0,0,서울,강동구,차대사람,기타,운전자법규위반,안전운전 의무 불이행,단일로,기타단일로,승용차,보행자,966981,1949761,127.1262083,37.54659183,어린이집,자연어린이집,서울특별시 강동구 상암로4길 98,서울특별시 강동구 천호2동 321-63,37.5465048,127.124518,서울특별시 강동구청,강동경찰서,Y,1,5.5,2019-12-06,3240000,서울특별시 강동구,0,10
2018,20181029,주,월,1,1,0,0,0,서울,성북구,차대사람,차도통행중,운전자법규위반,과속,기타,기타,승용차,보행자,959003,1955243,127.035589,37.5956821,초등학교,숭례초등학교,서울특별시 성북구 종암로5길 14,서울특별시 성북구 종암동 22-1,37.59452281,127.0352968,서울특별시 성북구청,서울특별시 종암경찰서,Y,1,,2020-02-28,3070000,서울특별시 성북구,2016-11-10,96
2018,20181029,주,월,1,1,0,0,0,서울,성북구,차대사람,차도통행중,운전자법규위반,과속,기타,기타,승용차,보행자,959003,1955243,127.035589,37.5956821,유치원,빛나라유치원,서울특별시 성북구 종암로9길 78,서울특별시 성북구 종암동 131-3,37.5973443,127.032956,서울특별시 성북구청,서울특별시 종암경찰서,Y,1,,2020-02-28,3070000,서울특별시 성북구,0,10
2018,20181029,주,월,1,1,0,0,0,서울,성북구,차대사람,차도통행중,운전자법규위반,과속,기타,기타,승용차,보행자,959003,1955243,127.035589,37.5956821,유치원,숭례병설유치원,서울특별시 성북구 종암로5길 14,서울특별시 성북구 종암동 22-1,37.59452281,127.0352968,서울특별시 성북구청,서울특별시 종암경찰서,Y,1,,2020-02-28,3070000,서울특별시 성북구,0,96
2018,20181029,주,월,1,1,0,0,0,서울,성북구,차대사람,차도통행중,운전자법규위반,과속,기타,기타,승용차,보행자,959003,1955243,127.035589,37.5956821,유치원,영재유치원,서울특별시 성북구 종암로15길 1,,37.59743497,127.0347683,서울특별시 성북구청,서울특별시 종암경찰서,Y,1,,2020-02-28,3070000,서울특별시 성북구,0,8
2018,20180604,주,월,1,1,0,0,0,서울,성북구,차대사람,횡단중,운전자법규위반,안전운전 의무 불이행,교차로,교차로내,승합차,보행자,960042,1956595,127.0472846,37.60791371,초등학교,월곡초등학교,서울특별시 성북구 장월로3길 42,,37.61002333,127.0460816,서울특별시 성북구청,서울특별시 종암경찰서,Y,1,,2020-02-28,3070000,서울특별시 성북구,0,96
2018,20180807,야,화,1,1,0,0,0,서울,노원구,차대사람,횡단중,운전자법규위반,안전운전 의무 불이행,기타,기타,승용차,보행자,962415,1958597,127.0740665,37.62605828,초등학교,공연초교,서울특별시 노원구 동일로192가길 16,서울특별시 노원구 공릉1동 371,37.62754924,127.0745082,노원구청,노원경찰서,Y,5,4~21,2020-07-14,3100000,서울특별시 노원구,0,95
2018,20180719,야,목,1,1,0,0,0,서울,노원구,차대사람,횡단중,운전자법규위반,안전운전 의무 불이행,단일로,기타단일로,승용차,보행자,962250,1958729,127.0721899,37.62724126,초등학교,공연초교,서울특별시 노원구 동일로192가길 16,서울특별시 노원구 공릉1동 371,37.62754924,127.0745082,노원구청,노원경찰서,Y,5,4~21,2020-07-14,3100000,서울특별시 노원구,0,95
2018,20180719,야,목,1,1,0,0,0,서울,노원구,차대사람,횡단중,운전자법규위반,안전운전 의무 불이행,단일로,기타단일로,승용차,보행자,962250,1958729,127.0721899,37.62724126,유치원,사라유치원,서울특별시 노원구 동일로198가길 13,서울특별시 노원구 공릉3동 714,37.629848,127.0726209,노원구청,노원경찰서,Y,1,10~28,2020-07-14,3100000,서울특별시 노원구,0,6
2018,20180425,야,수,1,1,0,0,0,서울,노원구,차대사람,횡단중,운전자법규위반,안전운전 의무 불이행,교차로,교차로내,승용차,보행자,962790,1963101,127.0780865,37.66666899,초등학교,신상계초교,서울특별시 노원구 상계로 267,서울특별시 노원구 상계4동 111,37.667474,127.075791,노원구청,노원경찰서,Y,2,"7,30",2020-07-14,3100000,서울특별시 노원구,0,95
2018,20180425,야,수,1,1,0,0,0,서울,노원구,차대사람,횡단중,운전자법규위반,안전운전 의무 불이행,교차로,교차로내,승용차,보행자,962790,1963101,127.0780865,37.66666899,유치원,무지개유치원,서울특별시 노원구 덕릉로94가길 54,서울특별시 노원구 상계3동 1275-3,37.664554,127.0787161,노원구청,노원경찰서,Y,1,5.6~11.5,2020-07-14,3100000,서울특별시 노원구,0,8
2018,20180425,야,수,1,1,0,0,0,서울,노원구,차대사람,횡단중,운전자법규위반,안전운전 의무 불이행,교차로,교차로내,승용차,보행자,962790,1963101,127.0780865,37.66666899,유치원,신상계병설유치원,서울특별시 노원구 상계로 267,서울특별시 노원구 상계4동 111,37.667474,127.075791,노원구청,노원경찰서,Y,2,"7,30",2020-07-14,3100000,서울특별시 노원구,0,95
2018,20180425,야,수,1,1,0,0,0,서울,노원구,차대사람,횡단중,운전자법규위반,안전운전 의무 불이행,교차로,교차로내,승용차,보행자,962790,1963101,127.0780865,37.66666899,유치원,동화나라유치원,서울특별시 노원구 덕릉로 780,서울특별시 노원구 상계3동 1285,37.66669216,127.0791264,노원구청,노원경찰서,Y,2,7.5,2020-07-14,3100000,서울특별시 노원구,0,8
2018,20180425,야,수,1,1,0,0,0,서울,노원구,차대사람,횡단중,운전자법규위반,안전운전 의무 불이행,교차로,교차로내,승용차,보행자,962790,1963101,127.0780865,37.66666899,초등학교,덕암초교,서울특별시 노원구 덕릉로112길 68,서울특별시 노원구 상계3동 1200-74,37.6666221,127.081468,노원구청,노원경찰서,Y,2,5.6~11.5,2020-07-14,3100000,서울특별시 노원구,0,3
2018,20180813,주,월,1,1,0,0,0,서울,강남구,차대사람,보도통행중,운전자법규위반,기타(운전자법규위반),단일로,기타단일로,화물차,보행자,962385,1943233,127.0745147,37.48757625,초등학교,일원초등학교,서울특별시 강남구 영동대로4길 20,,37.48978925,127.0763251,서울특별시 강남구청,수서경찰서,Y,3,7.6,2020-06-24,3220000,서울특별시 강남구,0,12
2018,20180813,주,월,1,1,0,0,0,서울,강남구,차대사람,보도통행중,운전자법규위반,기타(운전자법규위반),단일로,기타단일로,화물차,보행자,962385,1943233,127.0745147,37.48757625,어린이집,개포어린이집,서울특별시 강남구 영동대로3길,,37.487954,127.073674,서울특별시 강남구청,수서경찰서,Y,1,12,2020-06-24,3220000,서울특별시 강남구,0,12
2018,20181208,야,토,1,1,0,0,0,서울,강남구,차대차,기타,운전자법규위반,안전운전 의무 불이행,단일로,기타단일로,자전거,화물차,964678,1943323,127.1004472,37.48847802,유치원,반디유치원,서울특별시 강남구 광평로47길 17,,37.48790982,127.0981867,서울특별시 강남구청,수서경찰서,Y,2,9.6,2020-06-24,3220000,서울특별시 강남구,0,7
2018,20181208,야,토,1,1,0,0,0,서울,강남구,차대차,기타,운전자법규위반,안전운전 의무 불이행,단일로,기타단일로,자전거,화물차,964678,1943323,127.1004472,37.48847802,어린이집,수서어린이집,서울특별시 강남구 광평로 242,,37.486135,127.099054,서울특별시 강남구청,수서경찰서,Y,1,8,2020-06-24,3220000,서울특별시 강남구,0,12
2018,20180413,야,금,1,1,0,0,0,서울,서대문구,차대사람,횡단중,운전자법규위반,안전운전 의무 불이행,단일로,기타단일로,승용차,보행자,951633,1955275,126.9521033,37.5956125,초등학교,홍은초등학교,서울특별시 서대문구 세검정로 105,서울특별시 서대문구 홍제3동 286-5,37.597265,126.949721,서울특별시 서대문구청,서울특별시 서대문경찰서,Y,5,6~27,2019-03-04,3120000,서울특별시 서대문구,2017-04-28,98
2018,20180103,주,수,2,2,0,0,0,서울,용산구,차대사람,보도통행중,운전자법규위반,안전운전 의무 불이행,단일로,기타단일로,화물차,보행자,952818,1948859,126.9659394,37.53784554,초등학교,남정초교(병설유치원),서울특벽시 용산구 원효로64길 17-10,서울특별시 용산구 원효로2가 54-1,37.53567338,126.9648033,용산구청,용산경찰서,Y,,6~8,2020-02-18,3020000,서울특별시 용산구,0,96
2018,20180209,야,금,1,1,0,0,0,서울,용산구,차량단독,전도,운전자법규위반,안전운전 의무 불이행,단일로,기타단일로,승용차,없음,951107,1948480,126.9465984,37.53434037,유치원,일민유치원,서울특벽시 용산구 효창원로 17,서울특별시 용산구 신천동 193,37.5348611,126.9486162,용산구청,용산경찰서,Y,,15,2020-02-18,3020000,서울특별시 용산구,0,10
2018,20181101,주,목,1,1,0,0,0,서울,강북구,차대사람,기타,운전자법규위반,신호위반,교차로,교차로내,승용차,보행자,956835,1960802,127.0107026,37.64568703,유치원,유안유치원(인수유치원 중복),서울특별시 강북구 인수봉로 297,서울특별시 강북구 수유동 560-17,37.64528,127.01048,강북구청,강북경찰서,Y,2,20,2019-05-10,3080000,서울특별시 강북구,0,96
2018,20181101,주,목,1,1,0,0,0,서울,강북구,차대사람,기타,운전자법규위반,신호위반,교차로,교차로내,승용차,보행자,956835,1960802,127.0107026,37.64568703,어린이집,백운교회어린이집,서울특별시 강북구 인수봉로77길 10,서울특별시 강북구 수유동 542-6,37.64463,127.01019,강북구청,강북경찰서,Y,2,7,2019-05-10,3080000,서울특별시 강북구,0,7
2018,20180401,야,일,1,1,0,0,0,서울,동대문구,차대사람,기타,운전자법규위반,안전운전 의무 불이행,교차로,교차로부근,승용차,보행자,962100,1952641,127.0708053,37.57236236,어린이집,별밭어린이집,서울특별시 동대문구 답십리로66길 3,서울특별시 동대문구 장안동 388,37.57234503,127.0685733,서울특별시 동대문구청,동대문경찰서,Y,1,,2019-11-25,3050000,서울특별시 동대문구,0,11
2018,20180401,야,일,1,1,0,0,0,서울,동대문구,차대사람,기타,운전자법규위반,안전운전 의무 불이행,교차로,교차로부근,승용차,보행자,962100,1952641,127.0708053,37.57236236,어린이집,삼성어린이집,서울특별시 동대문구 한천로26길 43,서울특별시 동대문구 장안동 389-4,37.57128823,127.0682469,서울특별시 동대문구청,동대문경찰서,Y,1,,2019-11-25,3050000,서울특별시 동대문구,0,16
2018,20180401,야,일,1,1,0,0,0,서울,동대문구,차대사람,기타,운전자법규위반,안전운전 의무 불이행,교차로,교차로부근,승용차,보행자,962100,1952641,127.0708053,37.57236236,어린이집,중곡샛별어린이집,서울특별시 광진구 동일로 458 (중곡동),서울특별시 광진구 중곡3동 587-8,37.570926,127.071484,서울특별시청,광진경찰서,Y,1,,2019-02-20,3040000,서울특별시 광진구,0,7
2018,20180406,주,금,1,1,0,0,0,서울,동대문구,차대차,측면충돌,운전자법규위반,서행 및 일시정지위반,교차로,교차로내,승용차,이륜차,960377,1953845,127.0512288,37.58314179,유치원,백주유치원,서울특별시 동대문구 서울시립대로18길 17,서울특별시 동대문구 전농1동 209-27,37.58070593,127.0526528,서울특별시 동대문구청,동대문경찰서,Y,1,,2019-11-25,3050000,서울특별시 동대문구,0,98
2018,20180308,야,목,1,1,0,0,0,서울,중랑구,차대사람,차도통행중,운전자법규위반,안전운전 의무 불이행,단일로,기타단일로,화물차,보행자,962590,1955259,127.0762204,37.59597919,유치원,동원초등학교병설유치원,서울특별시 중랑구 서울특별시 중랑구 송림길 114,서울특별시 중랑구 망우본동 216,37.594978,127.07657,서울특별시 중랑구청,중랑경찰서,Y,,,2020-03-04,3060000,서울특별시 중랑구,0,97
2018,20180308,야,목,1,1,0,0,0,서울,중랑구,차대사람,차도통행중,운전자법규위반,안전운전 의무 불이행,단일로,기타단일로,화물차,보행자,962590,1955259,127.0762204,37.59597919,유치원,수산유치원,서울특별시 중랑구 중랑역로 35-1,서울특별시 중랑구 중화2동 316-30,37.59752737,127.0759685,서울특별시 중랑구청,중랑경찰서,Y,,,2020-03-04,3060000,서울특별시 중랑구,0,9
2018,20180307,야,수,1,1,0,0,0,서울,관악구,차대사람,횡단중,운전자법규위반,보행자 보호의무 위반,교차로,교차로횡단보도내,승합차,보행자,948172,1942190,126.9138232,37.47748709,초등학교,미성초등학교,서울특별시 관악구 문성로 79,,37.47833862,126.9123944,서울특별시 관악구청,서울관악경찰서,Y,4,6~20,2020-05-31,3200000,서울특별시 관악구,0,95
2018,20180307,야,수,1,1,0,0,0,서울,관악구,차대사람,횡단중,운전자법규위반,보행자 보호의무 위반,교차로,교차로횡단보도내,승합차,보행자,948172,1942190,126.9138232,37.47748709,유치원,한별유치원,서울특별시 관악구 남부순환로144길 65,,37.47841871,126.9134662,서울특별시 관악구청,서울관악경찰서,Y,1,6,2020-05-31,3200000,서울특별시 관악구,0,98
2018,20181204,주,화,1,1,0,0,0,서울,강서구,차대사람,횡단중,운전자법규위반,안전운전 의무 불이행,교차로,교차로내,특수차,보행자,942636,1950482,126.850567,37.55189622,유치원,동그라미유치원,서울특별시 강서구 화곡로52길 14 (화곡동),,37.5501136,126.8491643,서울특별시 강서구청,강서경찰서,Y,1,6,2020-01-01,3150000,서울특별시 강서구,0,98
2018,20180108,야,월,1,1,0,0,0,서울,송파구,차대사람,기타,운전자법규위반,안전운전 의무 불이행,단일로,기타단일로,승용차,보행자,966474,1947980,127.1205502,37.53052064,어린이집,사랑어린이집,서울특별시 송파구 토성로19길 35-1,서울특별시 송파구 풍납2동 503-1,37.53150614,127.1193467,서울특별시 송파구청,송파경찰서,Y,2,6~9,2020-02-20,3230000,서울특별시 송파구,0,6
2018,20180108,야,월,1,1,0,0,0,서울,송파구,차대사람,기타,운전자법규위반,안전운전 의무 불이행,단일로,기타단일로,승용차,보행자,966474,1947980,127.1205502,37.53052064,초등학교,성내초등학교,서울특별시 강동구 성내로3길 19,서울특별시 강동구 성내1동 300-3,37.53135876,127.1225001,서울특별시 강동구청,강동경찰서,Y,3,6,2019-12-06,3240000,서울특별시 강동구,0,95
2018,20180921,야,금,1,1,0,0,0,서울,서초구,차대사람,횡단중,운전자법규위반,과속,단일로,기타단일로,승용차,보행자,956540,1942240,127.0084592,37.47836938,초등학교,신중초등학교,서울특별시 서초구 남부순환로317길 15,서울특별시 서초구 서초3동 1466-5,37.4801745,127.0098006,서울시 서초구,서초경찰서,Y,1,4,2019-06-03,3210000,서울특별시 서초구,0,96
2018,20180508,야,화,1,1,0,0,0,서울,서초구,차대차,측면충돌,운전자법규위반,신호위반,교차로,교차로내,이륜차,승합차,956987,1945601,127.0133181,37.50868417,어린이집,사랑의어린이집,서울특별시 서초구 신반포로33길 22,서울특별시 서초구 잠원동 60-5,37.5098757,127.0109679,서울시 서초구,서초경찰서,Y,1,1,2019-06-03,3210000,서울특별시 서초구,0,16
2018,20180508,야,화,1,1,0,0,0,서울,서초구,차대차,측면충돌,운전자법규위반,신호위반,교차로,교차로내,이륜차,승합차,956987,1945601,127.0133181,37.50868417,초등학교,원촌초등학교,서울특별시 서초구 사평대로45길 26,서울특별시 서초구 반포1동 21,37.5061857,127.0124612,서울시 서초구,서초경찰서,Y,1,1,2019-06-03,3210000,서울특별시 서초구,0,95
2018,20180912,야,수,1,1,0,0,0,서울,양천구,차량단독,기타,운전자법규위반,안전운전 의무 불이행,단일로,기타단일로,이륜차,없음,941362,1947647,126.8363711,37.52626416,어린이집,곰달래어린이집,서울특별시 양천구 남부순환로65길 2,서울특별시 양천구 신월1동 217-1,37.5277047,126.834015,서울특별시 양천구청,양천경찰서,Y,2,6,2020-06-01,3140000,서울특별시 양천구,0,8
2018,20181120,주,화,1,1,0,0,0,서울,양천구,차대사람,횡단중,운전자법규위반,보행자 보호의무 위반,교차로,교차로횡단보도내,건설기계,보행자,942056,1946964,126.8442787,37.52015212,유치원,신일유치원,서울특별시 양천구 오목로 57,서울특별시 양천구 신월2동 490-15,37.5226148,126.8441064,서울특별시 양천구청,양천경찰서,Y,2,6,2020-06-01,3140000,서울특별시 양천구,0,99
2018,20181120,주,화,1,1,0,0,0,서울,양천구,차대사람,횡단중,운전자법규위반,보행자 보호의무 위반,교차로,교차로횡단보도내,건설기계,보행자,942056,1946964,126.8442787,37.52015212,어린이집,이화어린이집,서울특별시 양천구 신월로 226,서울특별시 양천구 신월2동 608-2,37.52182291,126.846909,서울특별시 양천구청,양천경찰서,Y,2,5,2020-06-01,3140000,서울특별시 양천구,0,8
2018,20181225,야,화,1,1,0,0,0,서울,양천구,차대사람,차도통행중,운전자법규위반,안전운전 의무 불이행,단일로,기타단일로,건설기계,보행자,941006,1947532,126.8323516,37.52520495,유치원,이화유치원,서울특별시 양천구 지양로15길 9,서울특별시 양천구 신월7동 912-6,37.52300136,126.8310059,서울특별시 양천구청,양천경찰서,Y,4,6,2020-06-01,3140000,서울특별시 양천구,0,8
2018,20180122,주,월,1,2,0,1,0,서울,노원구,차대차,측면충돌,운전자법규위반,교차로 통행방법 위반,교차로,교차로내,건설기계,승용차,960903,1958935,127.0569141,37.62904165,유치원,두솔유치원,서울특별시 노원구 초안산로 19,서울특별시 노원구 월계동 582,37.629541,127.054129,노원구청,노원경찰서,Y,1,5.8~25,2020-07-14,3100000,서울특별시 노원구,0,10
2018,20181011,주,목,1,1,0,0,0,서울,도봉구,차대사람,기타,운전자법규위반,안전운전 의무 불이행,교차로,교차로횡단보도내,승합차,보행자,959379,1961975,127.039474,37.65637552,유치원,솔샘,서울특별시 도봉구 해등로 169,,37.6571082,127.0377335,도봉구청,도봉경찰서,Y,0,20,2019-09-05,3090000,서울특별시 도봉구,0,97
2018,20181011,주,목,1,1,0,0,0,서울,도봉구,차대사람,기타,운전자법규위반,안전운전 의무 불이행,교차로,교차로횡단보도내,승합차,보행자,959379,1961975,127.039474,37.65637552,유치원,다솜,서울특별시 도봉구 해등로 169,,37.6571082,127.0377335,도봉구청,도봉경찰서,Y,1,20,2019-09-05,3090000,서울특별시 도봉구,0,97
2018,20181011,주,목,1,1,0,0,0,서울,도봉구,차대사람,기타,운전자법규위반,안전운전 의무 불이행,교차로,교차로횡단보도내,승합차,보행자,959379,1961975,127.039474,37.65637552,어린이집,세인,서울특별시 도봉구 방학로3길 100,,37.6588094,127.0389515,도봉구청,도봉경찰서,Y,1,6~8,2019-09-05,3090000,서울특별시 도봉구,0,9
2018,20181011,주,목,1,1,0,0,0,서울,도봉구,차대사람,기타,운전자법규위반,안전운전 의무 불이행,교차로,교차로횡단보도내,승합차,보행자,959379,1961975,127.039474,37.65637552,어린이집,창2동,서울특별시 도봉구 도봉로134길 6,,37.6573644,127.0404264,도봉구청,도봉경찰서,Y,1,6,2019-09-05,3090000,서울특별시 도봉구,0,11
2018,20181011,주,목,1,1,0,0,0,서울,도봉구,차대사람,기타,운전자법규위반,안전운전 의무 불이행,교차로,교차로횡단보도내,승합차,보행자,959379,1961975,127.039474,37.65637552,어린이집,신세인,서울특별시 도봉구 도봉로134길 5,,37.6575153,127.0405866,도봉구청,도봉경찰서,Y,1,6,2019-09-05,3090000,서울특별시 도봉구,0,12
2018,20181011,주,목,1,1,0,0,0,서울,도봉구,차대사람,기타,운전자법규위반,안전운전 의무 불이행,교차로,교차로횡단보도내,승합차,보행자,959379,1961975,127.039474,37.65637552,어린이집,이화,서울특별시 도봉구 도봉로 134길,,37.6573827,127.0404858,도봉구청,도봉경찰서,Y,1,6,2019-09-05,3090000,서울특별시 도봉구,0,14
2018,20181011,주,목,1,1,0,0,0,서울,도봉구,차대사람,기타,운전자법규위반,안전운전 의무 불이행,교차로,교차로횡단보도내,승합차,보행자,959379,1961975,127.039474,37.65637552,어린이집,햇살마루,서울특별시 도봉구 도봉로 134길,,37.6575017,127.0408123,도봉구청,도봉경찰서,Y,1,6,2019-09-05,3090000,서울특별시 도봉구,0,14
2018,20180227,야,화,1,1,0,0,0,서울,서초구,차대사람,기타,운전자법규위반,안전운전 의무 불이행,단일로,기타단일로,승용차,보행자,954153,1942263,126.9814613,37.47846129,초등학교,이수초등학교,서울특별시 서초구 방배천로4길 23,서울특별시 서초구 방배2동 468-6,37.4783196,126.9845727,서울시 서초구,방배경찰서,Y,1,3,2019-06-03,3210000,서울특별시 서초구,0,98
