발생년,발생년월일,주야,요일,사망자수,부상자수,중상자수,경상자수,부상신고자,발생지시도,발생지시군,사고유형_,사고유형__1,사고유형,가해자법규,도로형태_,도로형태,가해자_당,피해자_당,발생위치X_,발생위치Y_,경도,위도,시설종류,대상시설명,소재지도로,소재지지번,위도_2,경도_2,관리기관명,관할경찰서,CCTV설치여,CCTV설치대,보호구역도,데이터기준,제공기관코,제공기관명,옐로카펫_,보호구역_
2019,20190102,주,수,1,0,0,0,0,서울,중구,차대사람,횡단중,횡단중,안전운전 의무 불이행,단일로,기타단일로,건설기계,보행자,955430.0,1952240.0,126.9952985,37.56844929,,,,,,,,,,,,,,,,
2019,20190103,주,목,1,1,0,1,0,서울,노원구,차대사람,기타,기타,안전운전 의무 불이행,단일로,기타단일로,화물차,보행자,962122.0,1962574.0,127.0705398,37.66189171,초등학교,계상초교,서울특별시 노원구 한글비석로41가길 24,서울특별시 노원구 상계5동 447-1,37.66219741,127.06867659999999,노원구청,노원경찰서,Y,2.0,8~19,2020-07-14,3100000.0,서울특별시 노원구,0,2.0
2019,20190103,주,목,1,0,0,0,0,서울,중구,차대사람,횡단중,횡단중,안전운전 의무 불이행,단일로,기타단일로,승합차,보행자,954851.0,1951572.0,126.9887834,37.56240025,,,,,,,,,,,,,,,,
2019,20190108,야,화,1,0,0,0,0,서울,강서구,차대사람,횡단중,횡단중,안전운전 의무 불이행,교차로,교차로내,승용차,보행자,944117.0,1950716.0,126.86731499999999,37.5540963,초등학교,염창초등학교,서울특별시 강서구 양천로 646-28 (염창동),,37.55322433,126.86760020000001,서울특별시 강서구청,강서경찰서,Y,2.0,8,2020-01-01,3150000.0,서울특별시 강서구,0,97.0
2019,20190114,주,월,1,0,0,0,0,서울,구로구,차대사람,횡단중,횡단중,안전운전 의무 불이행,교차로,교차로내,승용차,보행자,945828.0,1943562.0,126.8872128,37.48971867,유치원,도현유치원,서울특별시 구로구 구로동로28길 55,,37.490942,126.887203,서울특별시 구로구청,구로경찰서,Y,,,2019-10-28,3160000.0,서울특별시 구로구,0,98.0
2019,20190116,야,수,1,0,0,0,0,서울,성동구,차량단독,기타,기타,안전운전 의무 불이행,교차로,교차로부근,승용차,없음,957987.0,1949576.0,127.0244051,37.54455817,유치원,옥수병설유치원,서울특별시 성동구 금호로1길 25,서울특별시 성동구 금호동4가 440-12,37.54552993,127.0218712,서울특별시 성동구,성동경찰서,Y,1.0,4~13,2020-06-17,3030000.0,서울특별시 성동구,0,97.0
2019,20190116,야,수,1,0,0,0,0,서울,성동구,차량단독,기타,기타,안전운전 의무 불이행,교차로,교차로부근,승용차,없음,957987.0,1949576.0,127.0244051,37.54455817,초등학교,옥수초등학교,서울특별시 성동구 금호로1길 25,서울특별시 성동구 금호동4가 440-12,37.54552993,127.0218712,서울특별시 성동구,성동경찰서,Y,3.0,6~6,2020-06-17,3030000.0,서울특별시 성동구,2017-12-12,97.0
2019,20190116,야,수,1,0,0,0,0,서울,강남구,차대사람,횡단중,횡단중,안전운전 의무 불이행,단일로,기타단일로,승용차,보행자,961407.0,1945530.0,127.0633317,37.50823968,,,,,,,,,,,,,,,,
2019,20190117,야,목,1,0,0,0,0,서울,강동구,차대사람,횡단중,횡단중,과속,교차로,교차로횡단보도내,승용차,보행자,969058.0,1948101.0,127.14979050000001,37.5317016,,,,,,,,,,,,,,,,
2019,20190117,주,목,1,4,2,2,0,서울,동작구,차대차,추돌,추돌,과속,교차로,교차로내,승용차,승용차,953853.0,1942637.0,126.9780449,37.48181733,,,,,,,,,,,,,,,,
2019,20190118,야,금,1,0,0,0,0,서울,구로구,차대사람,기타,기타,안전운전 의무 불이행,교차로,교차로내,승용차,보행자,943085.0,1943620.0,126.85618159999999,37.49007643,유치원,개봉초병설유치원,서울특별시 구로구 개봉로16길 30-11,,37.48952311,126.8579748,서울특별시 구로구청,구로경찰서,Y,,,2019-10-28,3160000.0,서울특별시 구로구,0,95.0
2019,20190118,야,금,1,0,0,0,0,서울,구로구,차대사람,기타,기타,안전운전 의무 불이행,교차로,교차로내,승용차,보행자,943085.0,1943620.0,126.85618159999999,37.49007643,초등학교,개봉초등학교,서울특별시 구로구 개봉로16길 30-11,,37.48952311,126.8579748,서울특별시 구로구청,구로경찰서,Y,,,2019-10-28,3160000.0,서울특별시 구로구,0,95.0
2019,20190118,야,금,1,0,0,0,0,서울,구로구,차대사람,기타,기타,안전운전 의무 불이행,교차로,교차로내,승용차,보행자,943085.0,1943620.0,126.85618159999999,37.49007643,유치원,미림유치원,서울특별시 구로구 개봉로18길 37,,37.490828,126.857951,서울특별시 구로구청,구로경찰서,Y,,,2019-10-28,3160000.0,서울특별시 구로구,0,9.0
2019,20190118,주,금,1,2,0,2,0,서울,도봉구,차량단독,기타,기타,안전운전 의무 불이행,단일로,기타단일로,이륜차,없음,958964.0,1959934.0,127.034884,37.63796123,초등학교,서울수송초등학교,서울특별시 강북구 한천로 124길 14,서울특별시 강북구 번동 456,37.63732,127.03320520000001,강북구청,강북경찰서,Y,9.0,25,2019-05-10,3080000.0,서울특별시 강북구,0,1.0
2019,20190119,주,토,1,0,0,0,0,서울,구로구,차대차,기타,기타,안전거리 미확보,단일로,기타단일로,이륜차,승용차,946338.0,1944412.0,126.8929196,37.49740965,어린이집,해태어린이집,서울특별시 영등포구 가마산로 316,서울특별시 영등포구 대림3동 777,37.49804915,126.89484499999999,영등포구청,영등포경찰서,Y,1.0,6.5~8.5,2020-06-30,3180000.0,서울특별시 영등포구,0,7.0
2019,20190121,야,월,1,0,0,0,0,서울,구로구,차대차,측면충돌,측면충돌,신호위반,교차로,교차로내,승용차,이륜차,943093.0,1943401.0,126.85628899999999,37.48810305,유치원,개봉초병설유치원,서울특별시 구로구 개봉로16길 30-11,,37.48952311,126.8579748,서울특별시 구로구청,구로경찰서,Y,,,2019-10-28,3160000.0,서울특별시 구로구,0,95.0
2019,20190121,야,월,1,0,0,0,0,서울,구로구,차대차,측면충돌,측면충돌,신호위반,교차로,교차로내,승용차,이륜차,943093.0,1943401.0,126.85628899999999,37.48810305,초등학교,개봉초등학교,서울특별시 구로구 개봉로16길 30-11,,37.48952311,126.8579748,서울특별시 구로구청,구로경찰서,Y,,,2019-10-28,3160000.0,서울특별시 구로구,0,95.0
2019,20190121,주,월,1,0,0,0,0,서울,금천구,차대사람,횡단중,횡단중,보행자 보호의무 위반,기타,기타,화물차,보행자,945810.0,1941615.0,126.88715259999998,37.47216896,,,,,,,,,,,,,,,,
2019,20190122,주,화,1,1,1,0,0,서울,강남구,차대차,기타,기타,안전운전 의무 불이행,단일로,기타단일로,이륜차,화물차,959104.0,1945529.0,127.0372747,37.50813147,,,,,,,,,,,,,,,,
2019,20190122,야,화,1,0,0,0,0,서울,금천구,차대사람,기타,기타,안전운전 의무 불이행,교차로,교차로내,승용차,보행자,947696.5,1939261.9,126.90865339999999,37.45106862,어린이집,시흥5동 어린이집,서울특별시 금천구 독산로 10길 24,서울특별시 금천구 시흥동 919-15,37.449855,126.907253,서울특별시 금천구청,금천경찰서,Y,1.0,6~10,2020-02-20,3170000.0,서울특별시 금천구,0,6.0
2019,20190123,야,수,1,0,0,0,0,서울,종로구,차대사람,기타,기타,안전운전 의무 불이행,단일로,기타단일로,화물차,보행자,955745.0,1954622.0,126.99872140000002,37.58993392,초등학교,혜화초등학교,서울특별시 종로구 혜화로 32,서울특별시 종로구 명륜동1가 1-27,37.5888137,127.00002490000001,종로구청,혜화경찰서,Y,2.0,15,2019-01-14,3000000.0,서울특별시 종로구,2017-04-14,97.0
2019,20190123,야,수,1,0,0,0,0,서울,종로구,차대사람,기타,기타,안전운전 의무 불이행,단일로,기타단일로,화물차,보행자,955745.0,1954622.0,126.99872140000002,37.58993392,유치원,한아름유치원,서울특별시 종로구 혜화로6길 80,서울특별시 종로구 혜화동 109-2,37.590282,127.00115120000001,종로구청,혜화경찰서,Y,1.0,6,2019-01-14,3000000.0,서울특별시 종로구,0,13.0
2019,20190124,야,목,1,0,0,0,0,서울,성동구,차대사람,횡단중,횡단중,안전운전 의무 불이행,단일로,기타단일로,승용차,보행자,959688.0,1950590.0,127.04360449999999,37.55377364,,,,,,,,,,,,,,,,
2019,20190125,야,금,1,1,1,0,0,서울,도봉구,차량단독,기타,기타,안전운전 의무 불이행,단일로,기타단일로,이륜차,없음,960281.0,1965423.0,127.04951200000001,37.68749225,초등학교,누원초등학교,서울특별시 도봉구 마들로 859-44,,37.6869304,127.04906940000001,도봉구청,도봉경찰서,Y,2.0,6~20,2019-09-05,3090000.0,서울특별시 도봉구,2017-10-20,96.0
2019,20190125,야,금,1,0,0,0,0,서울,도봉구,차대사람,기타,기타,안전운전 의무 불이행,단일로,기타단일로,승용차,보행자,958977.0,1961402.0,127.0349488,37.65119311,어린이집,쌍문삼성,서울특별시 도봉구 노해로 238,,37.6509601,127.03449140000001,도봉구청,도봉경찰서,Y,1.0,20,2019-09-05,3090000.0,서울특별시 도봉구,0,6.0
2019,20190129,야,화,1,0,0,0,0,서울,중구,차대사람,기타,기타,안전운전 의무 불이행,단일로,기타단일로,화물차,보행자,955908.0,1952047.0,127.0007227,37.56673275,,,,,,,,,,,,,,,,
2019,20190130,야,수,1,0,0,0,0,서울,용산구,차대사람,횡단중,횡단중,안전운전 의무 불이행,단일로,기타단일로,승용차,보행자,953317.0,1948358.0,126.9716193,37.53335531,초등학교,용산초교,서울특벽시 용산구 한강대로57길 33,서울특별시 용산구 한강로2가 1,37.53521031,126.97166909999999,용산구청,용산경찰서,Y,,6~10,2020-02-18,3020000.0,서울특별시 용산구,0,97.0
2019,20190130,주,수,1,0,0,0,0,서울,은평구,차대사람,횡단중,횡단중,보행자 보호의무 위반,교차로,교차로횡단보도내,화물차,보행자,948778.0,1957704.0,126.9195936,37.61735061,유치원,성균관(갈현초교 중복),서울특별시 은평구 연서로27길 23,서울특별시 은평구 연서로27길 23,37.6183134,126.9169211,서울특별시 은평구,은평경찰서,Y,1.0,4,2019-07-31,3110000.0,서울특별시 은평구,0,95.0
2019,20190130,야,수,1,0,0,0,0,서울,양천구,차대사람,차도통행중,차도통행중,안전운전 의무 불이행,단일로,기타단일로,화물차,보행자,941204.0,1948103.0,126.8345465,37.53036403,어린이집,곰달래어린이집,서울특별시 양천구 남부순환로65길 2,서울특별시 양천구 신월1동 217-1,37.5277047,126.834015,서울특별시 양천구청,양천경찰서,Y,2.0,6,2020-06-01,3140000.0,서울특별시 양천구,0,8.0
2019,20190130,야,수,1,0,0,0,0,서울,양천구,차대사람,차도통행중,차도통행중,안전운전 의무 불이행,단일로,기타단일로,화물차,보행자,941204.0,1948103.0,126.8345465,37.53036403,어린이집,세진어린이집,서울특별시 양천구 곰달래로 28,서울특별시 양천구 신월1동 226-7,37.5297015,126.835746,서울특별시 양천구청,양천경찰서,Y,3.0,7,2020-06-01,3140000.0,서울특별시 양천구,0,8.0
2019,20190130,야,수,1,0,0,0,0,서울,양천구,차대사람,차도통행중,차도통행중,안전운전 의무 불이행,단일로,기타단일로,화물차,보행자,941204.0,1948103.0,126.8345465,37.53036403,학원,리틀플래닛학원,서울특별시 양천구 곰달래로9길 12,서울특별시 양천구 신월1동 121-1,37.53090097,126.83584009999998,서울특별시 양천구청,양천경찰서,Y,2.0,6,2020-06-01,3140000.0,서울특별시 양천구,0,0.0
2019,20190131,야,목,1,2,1,1,0,서울,구로구,차대사람,횡단중,횡단중,안전운전 의무 불이행,교차로,교차로횡단보도내,승용차,보행자,940264.0,1943538.0,126.8242793,37.48915915,유치원,동정성모유치원,서울특별시 구로구 경인로2길 11,,37.48985001,126.8273989,서울특별시 구로구청,구로경찰서,Y,,,2019-10-28,3160000.0,서울특별시 구로구,0,95.0
2019,20190131,야,목,1,2,1,1,0,서울,구로구,차대사람,횡단중,횡단중,안전운전 의무 불이행,교차로,교차로횡단보도내,승용차,보행자,940264.0,1943538.0,126.8242793,37.48915915,초등학교,오정초등학교,서울특별시 구로구 경인로2길 10,,37.49016576,126.82643929999999,서울특별시 구로구청,구로경찰서,Y,,,2019-10-28,3160000.0,서울특별시 구로구,0,95.0
2019,20190131,야,목,1,2,1,1,0,서울,구로구,차대사람,횡단중,횡단중,안전운전 의무 불이행,교차로,교차로횡단보도내,승용차,보행자,940264.0,1943538.0,126.8242793,37.48915915,특수학교,성베드로학교,서울특별시 구로구 연동로 320,,37.4875236,126.82616499999999,서울특별시 구로구청,구로경찰서,Y,,,2019-10-28,3160000.0,서울특별시 구로구,0,97.0
2019,20190203,주,일,1,2,2,0,0,서울,영등포구,차대차,기타,기타,신호위반,단일로,기타단일로,승용차,승용차,946793.0,1945276.0,126.89800420000002,37.50522336,유치원,파란나라유치원,서울특별시 영등포구 도신로8길 17,서울특별시 영등포구 대림동 652,37.50321946,126.8972605,영등포구청,영등포경찰서,Y,1.0,6~9,2020-06-30,3180000.0,서울특별시 영등포구,0,8.0
2019,20190203,주,일,1,2,2,0,0,서울,영등포구,차대차,기타,기타,신호위반,단일로,기타단일로,승용차,승용차,946793.0,1945276.0,126.89800420000002,37.50522336,유치원,큰나무유치원,서울특별시 영등포구 도신로 31,서울특별시 영등포구 대림3동 608-1,37.506234,126.89515300000001,영등포구청,영등포경찰서,Y,1.0,3~5,2020-06-30,3180000.0,서울특별시 영등포구,0,8.0
2019,20190203,주,일,1,2,2,0,0,서울,영등포구,차대차,기타,기타,신호위반,단일로,기타단일로,승용차,승용차,946793.0,1945276.0,126.89800420000002,37.50522336,유치원,우성유치원,서울특별시 영등포구 도신로 68-1,서울특별시 영등포구 신길동 365,37.505742,126.900623,영등포구청,영등포경찰서,Y,1.0,18,2020-06-30,3180000.0,서울특별시 영등포구,0,8.0
2019,20190206,야,수,1,0,0,0,0,서울,송파구,차대사람,횡단중,횡단중,신호위반,기타,기타,원동기장치자전거,보행자,966177.0,1943929.0,127.1173753,37.49399631,,,,,,,,,,,,,,,,
2019,20190207,야,목,1,0,0,0,0,서울,구로구,차대사람,횡단중,횡단중,과속,단일로,기타단일로,승용차,보행자,944957.0,1943163.0,126.8773906,37.48607091,어린이집,LG전자구로어린이집,서울특별시 구로구 가마산로 95,,37.486014000000004,126.8769045,서울특별시 구로구청,구로경찰서,Y,,,2019-10-28,3160000.0,서울특별시 구로구,0,13.0
2019,20190208,주,금,1,0,0,0,0,서울,마포구,차대사람,횡단중,횡단중,안전운전 의무 불이행,교차로,교차로내,승용차,보행자,952512.0,1950360.0,126.9623787,37.55135863,,,,,,,,,,,,,,,,
2019,20190211,야,월,1,0,0,0,0,서울,종로구,차대사람,차도통행중,차도통행중,안전운전 의무 불이행,단일로,기타단일로,승용차,보행자,952632.0,1955433.0,126.9634092,37.59708856,,,,,,,,,,,,,,,,
2019,20190212,야,화,1,0,0,0,0,서울,강남구,차대차,기타,기타,안전운전 의무 불이행,단일로,기타단일로,승용차,이륜차,958931.0,1942954.0,127.0354612,37.48491434,초등학교,언주초등학교,서울특별시 강남구 남부순환로363길 19,,37.48632308,127.036781,서울특별시 강남구청,수서경찰서,Y,5.0,7.7,2020-06-24,3220000.0,서울특별시 강남구,0,97.0
2019,20190212,야,화,1,0,0,0,0,서울,강남구,차대차,측면충돌,측면충돌,기타,단일로,기타단일로,승용차,승용차,960592.0,1947218.0,127.0540199,37.5234198,,,,,,,,,,,,,,,,
2019,20190213,야,수,1,0,0,0,0,서울,강남구,차대사람,차도통행중,차도통행중,과속,단일로,기타단일로,승용차,보행자,959294.0,1944810.0,127.03946429999999,37.50165926,,,,,,,,,,,,,,,,
2019,20190215,야,금,1,0,0,0,0,서울,성북구,차대사람,횡단중,횡단중,보행자 보호의무 위반,단일로,기타단일로,승용차,보행자,957045.0,1955925.0,127.0133696,37.60173973,초등학교,숭덕초등학교,서울특별시 성북구 정릉로 279,,37.60381836,127.01329059999999,서울특별시 성북구청,서울특별시 성북경찰서,Y,1.0,,2020-02-28,3070000.0,서울특별시 성북구,2017-10-20,95.0
2019,20190215,야,금,1,0,0,0,0,서울,성북구,차대사람,횡단중,횡단중,보행자 보호의무 위반,단일로,기타단일로,승용차,보행자,957045.0,1955925.0,127.0133696,37.60173973,유치원,새싹유치원,서울특별시 성북구 정릉로 280,,37.60298573,127.01423270000001,서울특별시 성북구청,서울특별시 성북경찰서,Y,1.0,5,2020-02-28,3070000.0,서울특별시 성북구,0,10.0
2019,20190219,야,화,1,0,0,0,0,서울,영등포구,차량단독,기타,기타,안전운전 의무 불이행,기타,기타,승용차,없음,945626.0,1946803.0,126.8846882,37.51891839,초등학교,영문초등학교,서울특별시 영등포구 문래로 56,서울특별시 영등포구 문래동6가 13,37.51980714,126.88759089999999,영등포구청,영등포경찰서,Y,2.0,7~11,2020-06-30,3180000.0,서울특별시 영등포구,0,5.0
2019,20190224,주,일,1,0,0,0,0,서울,구로구,차량단독,공작물충돌,공작물충돌,기타,단일로,기타단일로,승용차,없음,941822.0,1945176.0,126.84177240000001,37.50402205,유치원,매봉초병설유치원,서울특별시 구로구 고척로21길 55,,37.50491677,126.844375,서울특별시 구로구청,구로경찰서,Y,,,2019-10-28,3160000.0,서울특별시 구로구,0,95.0
2019,20190224,주,일,1,0,0,0,0,서울,구로구,차량단독,공작물충돌,공작물충돌,기타,단일로,기타단일로,승용차,없음,941822.0,1945176.0,126.84177240000001,37.50402205,초등학교,매봉초등학교,서울특별시 구로구 고척로21길 55,,37.50491677,126.844375,서울특별시 구로구청,구로경찰서,Y,,,2019-10-28,3160000.0,서울특별시 구로구,0,95.0
2019,20190225,주,월,1,0,0,0,0,서울,성북구,차대차,측면충돌,측면충돌,안전운전 의무 불이행,교차로,교차로내,건설기계,자전거,960330.0,1957666.0,127.0504893,37.61757933,초등학교,장곡초등학교,서울특별시 성북구 장월로23길 16,서울특별시 성북구 장위동 235,37.61683038,127.0481563,서울특별시 성북구청,서울특별시 종암경찰서,Y,1.0,,2020-02-28,3070000.0,서울특별시 성북구,0,95.0
2019,20190225,주,월,1,0,0,0,0,서울,성북구,차대차,측면충돌,측면충돌,안전운전 의무 불이행,교차로,교차로내,건설기계,자전거,960330.0,1957666.0,127.0504893,37.61757933,어린이집,장위3동어린이집,서울특별시 성북구 돌곶이로32길 43,서울특별시 성북구 장위동 77-64,37.61675603,127.0534217,서울특별시 성북구청,서울특별시 종암경찰서,Y,1.0,,2020-02-28,3070000.0,서울특별시 성북구,0,10.0
2019,20190227,주,수,1,2,0,2,0,서울,송파구,차대차,측면충돌,측면충돌,중앙선 침범,단일로,기타단일로,이륜차,승용차,968450.0,1942527.0,127.14314840000002,37.48143985,,,,,,,,,,,,,,,,
2019,20190301,야,금,1,0,0,0,0,서울,영등포구,차대사람,기타,기타,안전운전 의무 불이행,단일로,기타단일로,화물차,보행자,945654.0,1950281.0,126.8847476,37.55026757,,,,,,,,,,,,,,,,
2019,20190303,야,일,1,0,0,0,0,서울,종로구,차대차,기타,기타,안전운전 의무 불이행,교차로,교차로부근,승용차,이륜차,955187.0,1953276.0,126.99248349999999,37.57777517,,,,,,,,,,,,,,,,
2019,20190304,야,월,1,0,0,0,0,서울,광진구,차대사람,횡단중,횡단중,보행자 보호의무 위반,교차로,교차로횡단보도내,화물차,보행자,961464.0,1949282.0,127.0637797,37.54206021,초등학교,성수초등학교,서울특별시 성동구 아차산로17길 21,서울특별시 성동구 성수동2가 277-32,37.54431493,127.06315729999999,서울특별시 성동구,성동경찰서,Y,3.0,5~8,2020-06-17,3030000.0,서울특별시 성동구,2018-04-26,96.0
2019,20190304,야,월,1,0,0,0,0,서울,광진구,차대사람,횡단중,횡단중,보행자 보호의무 위반,교차로,교차로횡단보도내,화물차,보행자,961464.0,1949282.0,127.0637797,37.54206021,유치원,윤진유치원,서울특별시 광진구 아차산로 21길 15 (화양동),서울특별시 광진구 화양동 42-21,37.542766,127.06271799999999,서울특별시청,광진경찰서,Y,2.0,,2019-02-20,3040000.0,서울특별시 광진구,0,9.0
2019,20190306,야,수,1,0,0,0,0,서울,관악구,차대사람,기타,기타,안전운전 의무 불이행,교차로,교차로내,화물차,보행자,950651.0,1942653.0,126.94182849999999,37.481796,초등학교,관악초등학교,서울특별시 관악구 청룡4길 49,,37.48102412,126.94255600000001,서울특별시 관악구청,서울관악경찰서,Y,4.0,6~20,2020-05-31,3200000.0,서울특별시 관악구,0,95.0
2019,20190306,야,수,1,0,0,0,0,서울,관악구,차대사람,기타,기타,안전운전 의무 불이행,교차로,교차로내,화물차,보행자,950651.0,1942653.0,126.94182849999999,37.481796,유치원,관악병설유치원,서울특별시 관악구 청룡4길 49,,37.48102412,126.94255600000001,서울특별시 관악구청,서울관악경찰서,Y,1.0,6~20,2020-05-31,3200000.0,서울특별시 관악구,0,95.0
2019,20190309,주,토,1,0,0,0,0,서울,용산구,차대사람,횡단중,횡단중,과속,단일로,지하차도(도로)내,승용차,보행자,953420.0,1948464.0,126.9727783,37.53431593,초등학교,용산초교,서울특벽시 용산구 한강대로57길 33,서울특별시 용산구 한강로2가 1,37.53521031,126.97166909999999,용산구청,용산경찰서,Y,,6~10,2020-02-18,3020000.0,서울특별시 용산구,0,97.0
2019,20190310,야,일,1,0,0,0,0,서울,동작구,차대사람,횡단중,횡단중,안전운전 의무 불이행,단일로,기타단일로,승용차,보행자,951882.0,1944172.6,126.955652,37.49555753,,,,,,,,,,,,,,,,
2019,20190312,야,화,1,1,0,0,1,서울,은평구,차대차,측면충돌,측면충돌,신호위반,교차로,교차로내,이륜차,승합차,948807.0,1958371.0,126.9198754,37.62336391,,,,,,,,,,,,,,,,
2019,20190313,야,수,1,0,0,0,0,서울,성동구,차대사람,기타,기타,안전운전 의무 불이행,단일로,기타단일로,화물차,보행자,958555.0,1951579.0,127.0307216,37.56263749,어린이집,구립왕십리하나어린이집,서울특별시 성동구 무학봉16길 9-3,서울특별시 성동구 하왕십리동 976-13,37.560837,127.0320321,서울특별시 성동구,성동경찰서,Y,1.0,7,2020-06-17,3030000.0,서울특별시 성동구,0,10.0
2019,20190313,야,수,1,0,0,0,0,서울,성동구,차대사람,기타,기타,안전운전 의무 불이행,단일로,기타단일로,화물차,보행자,958555.0,1951579.0,127.0307216,37.56263749,유치원,무학유치원,서울특별시 성동구 무학봉15가길 4,서울특별시 성동구 하왕십리동 986-95,37.5614705,127.0306547,서울특별시 성동구,성동경찰서,Y,1.0,4,2020-06-17,3030000.0,서울특별시 성동구,0,97.0
2019,20190313,야,수,1,0,0,0,0,서울,성동구,차대사람,기타,기타,안전운전 의무 불이행,단일로,기타단일로,화물차,보행자,958555.0,1951579.0,127.0307216,37.56263749,초등학교,무학초등학교,서울특별시 성동구 무학봉15길 21,서울특별시 성동구 하왕십리동 950-1,37.5632029,127.0296455,서울특별시 성동구,성동경찰서,Y,8.0,5,2020-06-17,3030000.0,서울특별시 성동구,2018-04-26,97.0
2019,20190314,야,목,1,0,0,0,0,서울,금천구,차량단독,공작물충돌,공작물충돌,안전운전 의무 불이행,단일로,기타단일로,이륜차,없음,945367.0,1943057.0,126.8820358,37.48513987,어린이집,예뜰어린이집,서울특별시 구로구 구로동로7길 27,,37.48599142,126.884695,서울특별시 구로구청,구로경찰서,Y,,,2019-10-28,3160000.0,서울특별시 구로구,0,16.0
2019,20190314,야,목,1,0,0,0,0,서울,금천구,차량단독,공작물충돌,공작물충돌,안전운전 의무 불이행,단일로,기타단일로,이륜차,없음,945367.0,1943057.0,126.8820358,37.48513987,초등학교,영일초등학교,서울특별시 구로구 남부순환로105길 218,,37.48564457,126.8838114,서울특별시 구로구청,구로경찰서,Y,,,2019-10-28,3160000.0,서울특별시 구로구,0,96.0
2019,20190314,야,목,1,0,0,0,0,서울,서대문구,차대차,측면충돌,측면충돌,안전운전 의무 불이행,단일로,기타단일로,승용차,승용차,949527.0,1953237.0,126.9283883,37.57713067,,,,,,,,,,,,,,,,
2019,20190315,야,금,1,0,0,0,0,서울,강서구,차대사람,기타,기타,안전운전 의무 불이행,교차로,교차로부근,승합차,보행자,943718.2,1951051.1,126.86277450000001,37.55709228,,,,,,,,,,,,,,,,
2019,20190315,주,금,1,0,0,0,0,서울,중랑구,차대차,기타,기타,중앙선 침범,단일로,기타단일로,기타,승용차,962291.2,1954883.2,127.0728551,37.592579799999996,,,,,,,,,,,,,,,,
2019,20190318,야,월,1,0,0,0,0,서울,노원구,차대사람,횡단중,횡단중,안전운전 의무 불이행,단일로,기타단일로,승합차,보행자,962416.0,1962513.0,127.07387630000001,37.66135399,,,,,,,,,,,,,,,,
2019,20190319,야,화,1,0,0,0,0,서울,관악구,차대사람,기타,기타,안전운전 의무 불이행,기타,기타,승용차,보행자,952162.0,1941717.0,126.9589791,37.47343905,,,,,,,,,,,,,,,,
2019,20190320,주,수,1,0,0,0,0,서울,중랑구,차대사람,횡단중,횡단중,안전운전 의무 불이행,교차로,교차로횡단보도내,건설기계,보행자,963688.0,1953557.0,127.0887426,37.58068256,,,,,,,,,,,,,,,,
2019,20190320,주,수,1,0,0,0,0,서울,강서구,차대사람,기타,기타,안전운전 의무 불이행,단일로,기타단일로,화물차,보행자,943258.0,1948345.0,126.8577736,37.53267389,유치원,새싹유치원,서울특별시 강서구 곰달래로49길 10 (화곡동),,37.53221274,126.85803870000001,서울특별시 강서구청,강서경찰서,Y,1.0,9,2020-01-01,3150000.0,서울특별시 강서구,0,98.0
2019,20190320,주,수,1,0,0,0,0,서울,강서구,차대사람,기타,기타,안전운전 의무 불이행,단일로,기타단일로,화물차,보행자,943258.0,1948345.0,126.8577736,37.53267389,어린이집,으뜸어린이집,서울특별시 강서구 곰달래로53길 30-20 (화곡동),,37.53365332,126.860173,서울특별시 강서구청,강서경찰서,N,,,2020-01-01,3150000.0,서울특별시 강서구,0,9.0
2019,20190321,야,목,1,2,0,0,2,서울,강남구,차대차,기타,기타,과속,단일로,기타단일로,화물차,승합차,960453.0,1947768.0,127.0524173,37.52837119,,,,,,,,,,,,,,,,
2019,20190323,주,토,1,1,0,0,1,서울,강북구,차대차,추돌,추돌,안전운전 의무 불이행,교차로,교차로내,이륜차,화물차,957069.0,1961328.0,127.01332409999999,37.65043889,,,,,,,,,,,,,,,,
2019,20190325,야,월,1,0,0,0,0,서울,동대문구,차대사람,횡단중,횡단중,안전운전 의무 불이행,단일로,기타단일로,승용차,보행자,960482.0,1952060.0,127.0525143,37.5670576,,,,,,,,,,,,,,,,
2019,20190326,야,화,1,1,0,1,0,서울,종로구,차대사람,횡단중,횡단중,안전운전 의무 불이행,단일로,기타단일로,이륜차,보행자,956930.4,1952620.8,127.01226570000001,37.57195294,,,,,,,,,,,,,,,,
2019,20190327,주,수,1,0,0,0,0,서울,강남구,차대사람,기타,기타,안전운전 의무 불이행,단일로,기타단일로,승합차,보행자,958006.0,1947460.0,127.0247412,37.52548689,초등학교,신구초등학교,서울특별시 강남구 압구정로18길 28,,37.5233613,127.02399150000001,서울특별시 강남구청,강남경찰서,Y,8.0,5.5,2020-06-24,3220000.0,서울특별시 강남구,0,96.0
2019,20190331,야,일,1,0,0,0,0,서울,용산구,차대사람,기타,기타,안전운전 의무 불이행,단일로,기타단일로,화물차,보행자,955310.0,1947062.0,126.9942551,37.52177289,초등학교,서빙고초교(병설유치원),서울특벽시 용산구 서빙고로51길 14,서울특별시 용산구 서빙고동 235-1,37.52206964,126.9922986,용산구청,용산경찰서,Y,,4~15,2020-02-18,3020000.0,서울특별시 용산구,0,95.0
2019,20190331,야,일,1,0,0,0,0,서울,용산구,차대사람,기타,기타,안전운전 의무 불이행,단일로,기타단일로,화물차,보행자,955310.0,1947062.0,126.9942551,37.52177289,어린이집,동빙고어린이집,서울특벽시 용산구 녹사평대로14길 7,서울특별시 용산구 동빙고동 7-40,37.52360144,126.99400890000001,용산구청,용산경찰서,Y,,6~8,2020-02-18,3020000.0,서울특별시 용산구,0,6.0
2019,20190401,주,월,1,2,1,1,0,서울,중구,차대차,정면충돌,정면충돌,신호위반,교차로,교차로내,승용차,승합차,953456.0,1950944.0,126.9730284,37.55667052,,,,,,,,,,,,,,,,
2019,20190401,주,월,1,0,0,0,0,서울,양천구,차대사람,횡단중,횡단중,신호위반,교차로,교차로횡단보도내,자전거,보행자,943060.0,1946808.0,126.85565190000001,37.51880861,초등학교,양명초교,서울특별시 양천구 중앙로 204,서울특별시 양천구 신정1동 543,37.51637504,126.8566344,서울특별시 양천구청,양천경찰서,Y,3.0,7,2020-06-01,3140000.0,서울특별시 양천구,0,97.0
2019,20190401,주,월,1,0,0,0,0,서울,양천구,차대사람,횡단중,횡단중,신호위반,교차로,교차로횡단보도내,자전거,보행자,943060.0,1946808.0,126.85565190000001,37.51880861,어린이집,해바라기어린이집,서울특별시 양천구 목동동로1길 33,서울특별시 양천구 신정1동 310-11,37.51716063,126.856553,서울특별시 양천구청,양천경찰서,Y,1.0,7,2020-06-01,3140000.0,서울특별시 양천구,0,10.0
2019,20190407,야,일,1,0,0,0,0,서울,성북구,차량단독,전도,전도,안전운전 의무 불이행,단일로,기타단일로,이륜차,없음,957974.0,1956496.0,127.02386100000001,37.60692919,어린이집,다솔어린이집,서울특별시 성북구 삼양로8가길 32,,37.6088152,127.02474850000002,서울특별시 성북구청,서울특별시 종암경찰서,Y,1.0,,2020-02-28,3070000.0,서울특별시 성북구,0,10.0
2019,20190407,야,일,1,0,0,0,0,서울,강서구,차대사람,기타,기타,안전운전 의무 불이행,단일로,기타단일로,승용차,보행자,942301.0,1948231.0,126.84695159999998,37.531587,유치원,신영유치원,서울특별시 강서구 곰달래로25길 4 (화곡동),,37.530958,126.849217,서울특별시 강서구청,강서경찰서,Y,1.0,8,2020-01-01,3150000.0,서울특별시 강서구,0,97.0
2019,20190407,야,일,1,0,0,0,0,서울,강서구,차대사람,기타,기타,안전운전 의무 불이행,단일로,기타단일로,승용차,보행자,942301.0,1948231.0,126.84695159999998,37.531587,유치원,새화곡유치원,서울특별시 강서구 강서로15길 40 (화곡동),,37.5323019,126.84381499999999,서울특별시 강서구청,강서경찰서,Y,1.0,6,2020-01-01,3150000.0,서울특별시 강서구,0,96.0
2019,20190407,야,일,1,0,0,0,0,서울,양천구,차량단독,공작물충돌,공작물충돌,안전운전 의무 불이행,단일로,기타단일로,화물차,없음,943307.0,1947948.0,126.85835890000001,37.52909872,어린이집,으뜸어린이집,서울특별시 양천구 신정중앙로 911-6,서울특별시 양천구 신정4동 911-6,37.526814,126.85831599999999,서울특별시 양천구청,양천경찰서,Y,1.0,14,2020-06-01,3140000.0,서울특별시 양천구,0,10.0
2019,20190407,야,일,1,0,0,0,0,서울,양천구,차량단독,공작물충돌,공작물충돌,안전운전 의무 불이행,단일로,기타단일로,화물차,없음,943307.0,1947948.0,126.85835890000001,37.52909872,어린이집,어깨동무어린이집,서울특별시 양천구 신정중앙로21길 38,서울특별시 양천구 신정4동 884-19,37.527432,126.85911599999999,서울특별시 양천구청,양천경찰서,Y,3.0,5,2020-06-01,3140000.0,서울특별시 양천구,0,11.0
2019,20190407,야,일,1,0,0,0,0,서울,양천구,차대차,측면충돌,측면충돌,신호위반,단일로,기타단일로,승합차,이륜차,940154.0,1949090.0,126.82258290000001,37.53919228,초등학교,양원초교,서울특별시 양천구 화곡로 16,서울특별시 양천구 신월3동 40-1,37.5382167,126.82310559999999,서울특별시 양천구청,양천경찰서,Y,5.0,6,2020-06-01,3140000.0,서울특별시 양천구,0,96.0
2019,20190407,야,일,1,0,0,0,0,서울,양천구,차대차,측면충돌,측면충돌,신호위반,단일로,기타단일로,승합차,이륜차,940154.0,1949090.0,126.82258290000001,37.53919228,유치원,광영유치원,서울특별시 양천구 남부순환로30길 17,서울특별시 양천구 신월3동 43-2,37.53719702,126.8232754,서울특별시 양천구청,양천경찰서,Y,0.0,6,2020-06-01,3140000.0,서울특별시 양천구,0,10.0
2019,20190409,야,화,1,0,0,0,0,서울,동작구,차대사람,횡단중,횡단중,안전운전 의무 불이행,단일로,기타단일로,승용차,보행자,950187.2,1945038.2,126.93642129999999,37.50326948,,,,,,,,,,,,,,,,
2019,20190409,주,화,1,0,0,0,0,서울,관악구,차대차,측면충돌,측면충돌,안전운전 의무 불이행,교차로,교차로내,화물차,이륜차,948730.0,1943290.0,126.92005729999998,37.48743278,,,,,,,,,,,,,,,,
2019,20190411,야,목,1,0,0,0,0,서울,서대문구,차대사람,횡단중,횡단중,안전운전 의무 불이행,단일로,기타단일로,승합차,보행자,950612.0,1955197.0,126.9405433,37.59485522,,,,,,,,,,,,,,,,
2019,20190412,야,금,1,0,0,0,0,서울,강서구,차대차,측면충돌,측면충돌,안전거리 미확보,단일로,기타단일로,화물차,이륜차,942351.0,1950198.0,126.8473629,37.54931874,초등학교,우장초등학교,서울특별시 강서구 화곡로 263 (화곡동),,37.54963737,126.8459831,서울특별시 강서구청,강서경찰서,Y,1.0,4,2020-01-01,3150000.0,서울특별시 강서구,2017-10-19,96.0
2019,20190412,야,금,1,0,0,0,0,서울,강서구,차대차,측면충돌,측면충돌,안전거리 미확보,단일로,기타단일로,화물차,이륜차,942351.0,1950198.0,126.8473629,37.54931874,유치원,동그라미유치원,서울특별시 강서구 화곡로52길 14 (화곡동),,37.5501136,126.8491643,서울특별시 강서구청,강서경찰서,Y,1.0,6,2020-01-01,3150000.0,서울특별시 강서구,0,98.0
2019,20190412,야,금,1,0,0,0,0,서울,강서구,차대차,측면충돌,측면충돌,안전거리 미확보,단일로,기타단일로,화물차,이륜차,942351.0,1950198.0,126.8473629,37.54931874,유치원,강서유치원,서울특별시 강서구 까치산로 116 (화곡동),,37.54821183,126.85003909999999,서울특별시 강서구청,강서경찰서,N,,,2020-01-01,3150000.0,서울특별시 강서구,0,9.0
2019,20190414,야,일,1,0,0,0,0,서울,강북구,차대사람,횡단중,횡단중,안전운전 의무 불이행,단일로,기타단일로,이륜차,보행자,958539.0,1960370.0,127.0300422,37.64187187,유치원,상아유치원,서울특별시 강북구 한천로132길 27,서울특별시 강북구 번동 463-10,37.64014,127.02916,강북구청,강북경찰서,Y,2.0,8,2019-05-10,3080000.0,서울특별시 강북구,0,97.0
2019,20190420,야,토,1,0,0,0,0,서울,성동구,차량단독,공작물충돌,공작물충돌,안전운전 의무 불이행,단일로,기타단일로,이륜차,없음,961379.0,1949340.0,127.0628145,37.54257943,초등학교,성수초등학교,서울특별시 성동구 아차산로17길 21,서울특별시 성동구 성수동2가 277-32,37.54431493,127.06315729999999,서울특별시 성동구,성동경찰서,Y,3.0,5~8,2020-06-17,3030000.0,서울특별시 성동구,2018-04-26,96.0
2019,20190420,야,토,1,0,0,0,0,서울,성동구,차량단독,공작물충돌,공작물충돌,안전운전 의무 불이행,단일로,기타단일로,이륜차,없음,961379.0,1949340.0,127.0628145,37.54257943,유치원,윤진유치원,서울특별시 광진구 아차산로 21길 15 (화양동),서울특별시 광진구 화양동 42-21,37.542766,127.06271799999999,서울특별시청,광진경찰서,Y,2.0,,2019-02-20,3040000.0,서울특별시 광진구,0,9.0
2019,20190421,야,일,1,5,1,4,0,서울,영등포구,차량단독,공작물충돌,공작물충돌,안전운전 의무 불이행,단일로,기타단일로,승합차,없음,948495.0,1946726.0,126.9171585,37.51838904,,,,,,,,,,,,,,,,
2019,20190424,야,수,1,0,0,0,0,서울,중랑구,차대사람,횡단중,횡단중,안전운전 의무 불이행,단일로,기타단일로,승용차,보행자,964253.0,1955542.0,127.0950446,37.59859609,,,,,,,,,,,,,,,,
2019,20190501,주,수,1,0,0,0,0,서울,성동구,차대사람,횡단중,횡단중,신호위반,교차로,교차로횡단보도내,승용차,보행자,960015.0,1951910.0,127.0472345,37.56568544,어린이집,마장어린이집,서울특별시 성동구 마장로44길 10,서울특별시 성동구 마장동 780,37.566426,127.0455793,서울특별시 성동구,성동경찰서,Y,1.0,24,2020-06-17,3030000.0,서울특별시 성동구,0,97.0
2019,20190501,주,수,1,0,0,0,0,서울,성동구,차대사람,횡단중,횡단중,신호위반,교차로,교차로횡단보도내,승용차,보행자,960015.0,1951910.0,127.0472345,37.56568544,유치원,세인유치원,서울특별시 성동구 마장로42길 26,서울특별시 성동구 마장동 785-2,37.56525103,127.04652490000001,서울특별시 성동구,성동경찰서,Y,1.0,24,2020-06-17,3030000.0,서울특별시 성동구,0,98.0
2019,20190502,주,목,1,0,0,0,0,서울,서대문구,차대차,측면충돌,측면충돌,안전운전 의무 불이행,단일로,기타단일로,승용차,이륜차,950621.0,1954779.0,126.94067340000002,37.59108823,,,,,,,,,,,,,,,,
2019,20190503,야,금,1,0,0,0,0,서울,광진구,차대사람,기타,기타,안전운전 의무 불이행,단일로,교량위,승용차,보행자,962010.0,1948874.0,127.06998130000001,37.53840544,,,,,,,,,,,,,,,,
2019,20190504,야,토,1,2,0,2,0,서울,양천구,차대차,추돌,추돌,과속,교차로,교차로부근,승용차,화물차,941066.0,1946411.0,126.8331205,37.51510519,초등학교,강월초교,서울특별시 양천구 신월로 97,서울특별시 양천구 신월7동 987-3,37.516341,126.8334325,서울특별시 양천구청,양천경찰서,Y,5.0,8,2020-06-01,3140000.0,서울특별시 양천구,0,97.0
2019,20190504,야,토,1,2,0,2,0,서울,양천구,차대차,추돌,추돌,과속,교차로,교차로부근,승용차,화물차,941066.0,1946411.0,126.8331205,37.51510519,초등학교,신은초교,서울특별시 양천구 신정이펜2로 30,서울특별시 양천구 신정3동781-14,37.5139921,126.83217109999998,서울특별시 양천구청,양천경찰서,Y,6.0,7,2020-06-01,3140000.0,서울특별시 양천구,0,11.0
2019,20190504,야,토,1,2,0,2,0,서울,양천구,차대차,추돌,추돌,과속,교차로,교차로부근,승용차,화물차,941066.0,1946411.0,126.8331205,37.51510519,유치원,신정유치원,서울특별시 양천구 신정로7길 81-4,서울특별시 양천구 신정3동 1319-3,37.51356942,126.83337079999998,서울특별시 양천구청,양천경찰서,Y,2.0,8,2020-06-01,3140000.0,서울특별시 양천구,0,16.0
2019,20190504,야,토,1,2,0,2,0,서울,양천구,차대차,추돌,추돌,과속,교차로,교차로부근,승용차,화물차,941066.0,1946411.0,126.8331205,37.51510519,어린이집,양문어린이집,서울특별시 양천구 신월로 109,서울특별시 양천구 신월7동 982-21,37.51621420000001,126.835967,서울특별시 양천구청,양천경찰서,Y,0.0,20,2020-06-01,3140000.0,서울특별시 양천구,0,10.0
2019,20190505,주,일,1,0,0,0,0,서울,강동구,차대차,추돌,추돌,기타,교차로,교차로내,승용차,자전거,967257.0,1948982.0,127.1293674,37.53958022,유치원,천호유치원,서울특별시 강동구 구천면로 238,서울특별시 강동구 천호3동 397-74,37.541638299999995,127.1308643,서울특별시 강동구청,강동경찰서,Y,1.0,15,2019-12-06,3240000.0,서울특별시 강동구,0,95.0
2019,20190505,주,일,1,0,0,0,0,서울,강동구,차대차,추돌,추돌,기타,교차로,교차로내,승용차,자전거,967257.0,1948982.0,127.1293674,37.53958022,어린이집,강동복지관어린이집,서울특별시 강동구 진황도로23길 7,서울특별시 강동구 천호3동 555,37.54004383,127.1297892,서울특별시 강동구청,강동경찰서,Y,1.0,6,2019-12-06,3240000.0,서울특별시 강동구,0,13.0
2019,20190506,야,월,1,0,0,0,0,서울,강서구,차대사람,횡단중,횡단중,과속,단일로,기타단일로,승용차,보행자,938879.0,1951303.0,126.8079673,37.55905423,어린이집,밤비니어린이집,서울특별시 강서구 남부순환로7길 39 (공항동),,37.558943,126.80958840000001,서울특별시 강서구청,강서경찰서,N,,,2020-01-01,3150000.0,서울특별시 강서구,0,14.0
2019,20190506,야,월,1,0,0,0,0,서울,강서구,차대사람,횡단중,횡단중,안전운전 의무 불이행,단일로,기타단일로,승용차,보행자,941665.0,1949326.0,126.8396666,37.54141622,초등학교,신월초등학교,서울특별시 강서구 강서로31길 48 (화곡동),,37.54036642,126.8394575,서울특별시 강서구청,강서경찰서,Y,1.0,6,2020-01-01,3150000.0,서울특별시 강서구,0,96.0
2019,20190507,주,화,1,0,0,0,0,서울,성동구,차대사람,횡단중,횡단중,보행자 보호의무 위반,교차로,교차로횡단보도내,승용차,보행자,959699.5,1949955.5,127.04376950000001,37.54805521,,,,,,,,,,,,,,,,
2019,20190507,주,화,1,3,1,2,0,서울,마포구,차대차,정면충돌,정면충돌,중앙선 침범,단일로,기타단일로,승용차,승용차,946655.0,1952092.0,126.8959476,37.56664875,,,,,,,,,,,,,,,,
2019,20190507,주,화,1,0,0,0,0,서울,강서구,차대사람,횡단중,횡단중,안전운전 의무 불이행,단일로,기타단일로,승합차,보행자,940275.0,1951398.0,126.8237645,37.56000204,초등학교,공진초등학교,서울특별시 강서구 마곡서로 33 (마곡동),,37.557821999999994,126.82261100000001,서울특별시 강서구청,강서경찰서,N,,,2020-01-01,3150000.0,서울특별시 강서구,0,97.0
2019,20190507,주,화,1,0,0,0,0,서울,강서구,차대사람,횡단중,횡단중,안전운전 의무 불이행,단일로,기타단일로,승합차,보행자,940275.0,1951398.0,126.8237645,37.56000204,유치원,공진초등학교병설유치원,서울특별시 강서구 마곡서로 33 (마곡동),,37.557821999999994,126.82261100000001,서울특별시 강서구청,강서경찰서,N,,,2020-01-01,3150000.0,서울특별시 강서구,0,97.0
2019,20190507,주,화,1,0,0,0,0,서울,종로구,차대차,기타,기타,안전운전 의무 불이행,단일로,기타단일로,자전거,화물차,953021.0,1952966.0,126.967974,37.57487308,유치원,세종유치원,서울특별시 종로구 사직로8길 9,서울특별시 종로구 필운동 278-4,37.575477,126.969952,종로구청,종로경찰서,Y,1.0,25,2019-01-14,3000000.0,서울특별시 종로구,0,9.0
2019,20190507,주,화,1,0,0,0,0,서울,종로구,차대차,기타,기타,안전운전 의무 불이행,단일로,기타단일로,자전거,화물차,953021.0,1952966.0,126.967974,37.57487308,특수학교,수도사랑의학교,서울특별시 종로구 사직로7길17,서울특별시 종로구 사직동 262-57,37.574721000000004,126.965217,종로구청,종로경찰서,Y,1.0,12,2019-01-14,3000000.0,서울특별시 종로구,0,6.0
2019,20190507,주,화,1,0,0,0,0,서울,종로구,차대차,기타,기타,안전운전 의무 불이행,단일로,기타단일로,자전거,화물차,953021.0,1952966.0,126.967974,37.57487308,초등학교,매동초등학교,서울특별시 종로구 사직로9길19,서울특별시 종로구 필운동 32,37.577234499999996,126.9668504,종로구청,종로경찰서,Y,3.0,6~12,2019-01-14,3000000.0,서울특별시 종로구,0,97.0
2019,20190507,주,화,1,0,0,0,0,서울,마포구,차대사람,횡단중,횡단중,신호위반,단일로,기타단일로,건설기계,보행자,950722.0,1949798.0,126.9421524,37.54619923,,,,,,,,,,,,,,,,
2019,20190507,주,화,1,0,0,0,0,서울,성동구,차대차,측면충돌,측면충돌,안전운전 의무 불이행,교차로,교차로내,원동기장치자전거,승용차,959719.3,1950347.7,127.04397209999999,37.55159109,,,,,,,,,,,,,,,,
2019,20190507,주,화,1,0,0,0,0,서울,강서구,차대사람,차도통행중,차도통행중,기타,단일로,기타단일로,승용차,보행자,939355.0,1951025.0,126.8133794,37.556580100000005,유치원,예지유치원,서울특별시 강서구 남부순환로11가길 89 (공항동),,37.5576234,126.8132178,서울특별시 강서구청,강서경찰서,Y,1.0,6,2020-01-01,3150000.0,서울특별시 강서구,0,97.0
2019,20190507,주,화,1,0,0,0,0,서울,강서구,차대사람,차도통행중,차도통행중,기타,단일로,기타단일로,승용차,보행자,939355.0,1951025.0,126.8133794,37.556580100000005,어린이집,프란체스코어린이집,서울특별시 강서구 방화대로5다길 22-12 (공항동),,37.5555119,126.8146107,서울특별시 강서구청,강서경찰서,N,,,2020-01-01,3150000.0,서울특별시 강서구,0,97.0
2019,20190509,주,목,1,0,0,0,0,서울,은평구,차대사람,기타,기타,안전운전 의무 불이행,단일로,기타단일로,화물차,보행자,948463.0,1954021.0,126.9162838,37.58413796,유치원,무지개나라유치원,서울특별시 은평구 가좌로7다길 13,서울특별시 은평구 가좌로7다길 13,37.584587,126.9180933,서울특별시 은평구,서부경찰서,Y,1.0,6,2019-07-31,3110000.0,서울특별시 은평구,0,7.0
2019,20190511,야,토,1,0,0,0,0,서울,서초구,차대사람,기타,기타,안전운전 의무 불이행,교차로,교차로부근,승용차,보행자,956591.0,1942817.0,127.00900190000002,37.48357248,,,,,,,,,,,,,,,,
2019,20190514,야,화,1,0,0,0,0,서울,송파구,차대차,측면충돌,측면충돌,중앙선 침범,단일로,기타단일로,원동기장치자전거,승용차,965899.0,1943616.0,127.114245,37.49116487,,,,,,,,,,,,,,,,
2019,20190514,주,화,1,2,0,2,0,서울,송파구,차대차,정면충돌,정면충돌,신호위반,교차로,교차로내,이륜차,승용차,965236.0,1946318.0,127.1066174,37.51549448,,,,,,,,,,,,,,,,
2019,20190514,주,화,1,0,0,0,0,서울,강서구,차대차,측면충돌,측면충돌,신호위반,단일로,기타단일로,승합차,자전거,941566.6,1948867.2,126.8385894,37.53727482,,,,,,,,,,,,,,,,
2019,20190516,주,목,1,2,0,2,0,서울,송파구,차대차,추돌,추돌,안전운전 의무 불이행,교차로,교차로부근,승용차,화물차,964435.0,1946416.0,127.0975489,37.51634726,,,,,,,,,,,,,,,,
2019,20190520,주,월,1,0,0,0,0,서울,성북구,차대사람,기타,기타,안전운전 의무 불이행,교차로,교차로횡단보도내,승합차,보행자,960894.0,1956911.0,127.05692040000001,37.61079852,초등학교,석관초등학교,서울특별시 성북구 돌곶이로22길 21,서울특별시 성북구 석관동 205,37.61102341,127.05835479999999,서울특별시 성북구청,서울특별시 종암경찰서,Y,1.0,,2020-02-28,3070000.0,서울특별시 성북구,0,95.0
2019,20190520,주,월,1,0,0,0,0,서울,성북구,차대사람,기타,기타,안전운전 의무 불이행,교차로,교차로횡단보도내,승합차,보행자,960894.0,1956911.0,127.05692040000001,37.61079852,유치원,석관병설유치원,서울특별시 성북구 돌곶이로22길 21,서울특별시 성북구 석관동 205,37.61102341,127.05835479999999,서울특별시 성북구청,서울특별시 종암경찰서,Y,1.0,,2020-02-28,3070000.0,서울특별시 성북구,0,95.0
2019,20190520,주,월,1,0,0,0,0,서울,성북구,차대사람,기타,기타,안전운전 의무 불이행,교차로,교차로횡단보도내,승합차,보행자,960894.0,1956911.0,127.05692040000001,37.61079852,유치원,은하유치원,서울특별시 성북구 돌곶이로 64,서울특별시 성북구 석관동 248-5,37.6094377,127.05865690000002,서울특별시 성북구청,서울특별시 종암경찰서,Y,1.0,,2020-02-28,3070000.0,서울특별시 성북구,0,95.0
2019,20190520,주,월,1,0,0,0,0,서울,성북구,차대사람,기타,기타,안전운전 의무 불이행,교차로,교차로횡단보도내,승합차,보행자,960894.0,1956911.0,127.05692040000001,37.61079852,어린이집,돌곶이어린이집,서울특별시 성북구 화랑로30길 19,서울특별시 성북구 석관동 343-61,37.6096369,127.05561780000001,서울특별시 성북구청,서울특별시 종암경찰서,Y,1.0,10,2020-02-28,3070000.0,서울특별시 성북구,0,12.0
2019,20190524,야,금,1,0,0,0,0,서울,노원구,차대사람,기타,기타,안전운전 의무 불이행,교차로,교차로부근,승합차,보행자,960514.0,1959666.0,127.0524662,37.63561364,,,,,,,,,,,,,,,,
2019,20190525,야,토,1,0,0,0,0,서울,서초구,차대차,기타,기타,안전운전 의무 불이행,단일로,기타단일로,이륜차,승용차,956812.0,1945542.0,127.0113416,37.50814421,어린이집,사랑의어린이집,서울특별시 서초구 신반포로33길 22,서울특별시 서초구 잠원동 60-5,37.5098757,127.0109679,서울시 서초구,서초경찰서,Y,1.0,1,2019-06-03,3210000.0,서울특별시 서초구,0,16.0
2019,20190525,야,토,1,0,0,0,0,서울,서초구,차대차,기타,기타,안전운전 의무 불이행,단일로,기타단일로,이륜차,승용차,956812.0,1945542.0,127.0113416,37.50814421,초등학교,원촌초등학교,서울특별시 서초구 사평대로45길 26,서울특별시 서초구 반포1동 21,37.5061857,127.01246119999999,서울시 서초구,서초경찰서,Y,1.0,1,2019-06-03,3210000.0,서울특별시 서초구,0,95.0
2019,20190528,야,화,1,1,1,0,0,서울,중랑구,차대차,정면충돌,정면충돌,중앙선 침범,단일로,기타단일로,승용차,화물차,966115.0,1956942.0,127.11607269999999,37.611285200000005,,,,,,,,,,,,,,,,
2019,20190601,야,토,1,0,0,0,0,서울,강남구,차대사람,기타,기타,안전운전 의무 불이행,단일로,기타단일로,승용차,보행자,959677.0,1948034.0,127.04362040000001,37.53073513,,,,,,,,,,,,,,,,
2019,20190603,주,월,1,0,0,0,0,서울,구로구,차대차,측면충돌,측면충돌,신호위반,교차로,교차로내,승용차,이륜차,946450.0,1944063.0,126.89421200000001,37.49427056,초등학교,동구로초등학교,서울특별시 구로구 구로중앙로14길 43,,37.49407207,126.8927814,서울특별시 구로구청,구로경찰서,Y,,,2019-10-28,3160000.0,서울특별시 구로구,0,95.0
2019,20190605,야,수,1,2,1,1,0,서울,영등포구,차대차,측면충돌,측면충돌,과속,단일로,기타단일로,이륜차,승용차,946530.0,1949314.0,126.8947348,37.54160317,초등학교,당산초등학교,서울특별시 영등포구 선유로55길 32,서울특별시 영등포구 양평동4가 323,37.54012002,126.8962413,영등포구청,영등포경찰서,Y,6.0,5~8.5,2020-06-30,3180000.0,서울특별시 영등포구,0,95.0
2019,20190605,야,수,1,0,0,0,0,서울,양천구,차대사람,차도통행중,차도통행중,보행자 보호의무 위반,교차로,교차로내,승합차,보행자,943355.0,1946352.0,126.8590252,37.51471681,초등학교,양명초교,서울특별시 양천구 중앙로 204,서울특별시 양천구 신정1동 543,37.51637504,126.8566344,서울특별시 양천구청,양천경찰서,Y,3.0,7,2020-06-01,3140000.0,서울특별시 양천구,0,97.0
2019,20190606,야,목,1,0,0,0,0,서울,강동구,차대사람,기타,기타,안전운전 의무 불이행,단일로,기타단일로,승용차,보행자,967904.0,1949038.0,127.1366885,37.54010773,초등학교,천동초등학교,서울특별시 강동구 성안로 200,서울특별시 강동구 길동 371-1,37.541015,127.13782759999998,서울특별시 강동구청,강동경찰서,Y,5.0,6,2019-12-06,3240000.0,서울특별시 강동구,0,95.0
2019,20190606,야,목,1,0,0,0,0,서울,강동구,차대사람,기타,기타,안전운전 의무 불이행,단일로,기타단일로,승용차,보행자,967904.0,1949038.0,127.1366885,37.54010773,어린이집,예은어린이집,서울특별시 강동구 성안로31마길 6,서울특별시 강동구 천호3동 186-7,37.5408215,127.1336179,서울특별시 강동구청,강동경찰서,Y,1.0,4.5,2019-12-06,3240000.0,서울특별시 강동구,0,10.0
2019,20190607,야,금,1,0,0,0,0,서울,성북구,차대사람,횡단중,횡단중,보행자 보호의무 위반,교차로,교차로횡단보도내,승용차,보행자,956632.0,1957000.0,127.0086272,37.61140951,어린이집,북악어린이집,서울특별시 성북구 솔샘로6마길 5,,37.60980502,127.00783419999999,서울특별시 성북구청,서울특별시 성북경찰서,Y,1.0,,2020-02-28,3070000.0,서울특별시 성북구,0,10.0
2019,20190607,야,금,1,0,0,0,0,서울,성북구,차대사람,횡단중,횡단중,보행자 보호의무 위반,교차로,교차로횡단보도내,승용차,보행자,956632.0,1957000.0,127.0086272,37.61140951,어린이집,꿈나래어린이집,서울특별시 성북구 보국문로 68-1,,37.61055770000001,127.0093532,서울특별시 성북구청,서울특별시 성북경찰서,Y,1.0,,2020-02-28,3070000.0,서울특별시 성북구,0,12.0
2019,20190609,야,일,1,0,0,0,0,서울,강서구,차대차,기타,기타,신호위반,교차로,교차로내,이륜차,승합차,940525.0,1951378.5,126.8265966,37.55984247,,,,,,,,,,,,,,,,
2019,20190610,야,월,1,1,0,0,1,서울,동대문구,차대사람,횡단중,횡단중,안전운전 의무 불이행,단일로,기타단일로,이륜차,보행자,959254.0,1953675.0,127.0385195,37.58156049,,,,,,,,,,,,,,,,
2019,20190612,주,수,1,0,0,0,0,서울,서대문구,차대사람,차도통행중,차도통행중,안전운전 의무 불이행,교차로,교차로부근,건설기계,보행자,950701.0,1954865.0,126.94157379999999,37.59186764,초등학교,홍제초등학교,서울특별시 서대문구 홍은중앙로13,서울특별시 서대문구 홍은1동 48,37.59292,126.94455500000001,서울특별시 서대문구청,서울특별시 서대문경찰서,Y,3.0,5~17,2019-03-04,3120000.0,서울특별시 서대문구,0,95.0
2019,20190612,주,수,1,0,0,0,0,서울,서대문구,차대사람,차도통행중,차도통행중,안전운전 의무 불이행,교차로,교차로부근,건설기계,보행자,950701.0,1954865.0,126.94157379999999,37.59186764,유치원,홍제성당유치원,서울특별시 서대문구 통일로40길 18,서울특별시 서대문구 홍제3동 301-6,37.590144,126.943955,서울특별시 서대문구청,서울특별시 서대문경찰서,Y,1.0,5~6,2019-03-04,3120000.0,서울특별시 서대문구,0,95.0
2019,20190612,주,수,1,0,0,0,0,서울,서대문구,차대사람,차도통행중,차도통행중,안전운전 의무 불이행,교차로,교차로부근,건설기계,보행자,950701.0,1954865.0,126.94157379999999,37.59186764,유치원,홍제초교(병설)유치원,서울특별시 서대문구 홍은중앙로13,서울특별시 서대문구 홍은1동 48,37.59292,126.94455500000001,서울특별시 서대문구청,서울특별시 서대문경찰서,Y,1.0,5~17,2019-03-04,3120000.0,서울특별시 서대문구,0,95.0
2019,20190614,주,금,1,0,0,0,0,서울,성동구,차대사람,보도통행중,보도통행중,신호위반,교차로,교차로횡단보도내,이륜차,보행자,957942.0,1951153.0,127.0238053,37.55877005,초등학교,금북초등학교,서울특별시 성동구 행당로1길 13,서울특별시 성동구 금호동1가 48-2,37.557465,127.023576,서울특별시 성동구,성동경찰서,Y,6.0,5~20,2020-06-17,3030000.0,서울특별시 성동구,2017-12-12,96.0
2019,20190614,야,금,1,0,0,0,0,서울,구로구,차대사람,횡단중,횡단중,신호위반,교차로,교차로내,승용차,보행자,943267.0,1945810.0,126.8580713,37.50982631,초등학교,계남초교,서울특별시 양천구 목동동로2길 54,서울특별시 양천구 신정7동 325-7,37.51016938,126.86001680000001,서울특별시 양천구청,양천경찰서,Y,5.0,7,2020-06-01,3140000.0,서울특별시 양천구,0,97.0
2019,20190615,주,토,1,0,0,0,0,서울,동대문구,차대차,기타,기타,신호위반,교차로,교차로내,이륜차,승용차,959236.0,1953298.0,127.0383366,37.5781617,,,,,,,,,,,,,,,,
2019,20190617,주,월,1,0,0,0,0,서울,중랑구,차대사람,차도통행중,차도통행중,안전운전 의무 불이행,단일로,기타단일로,자전거,보행자,963961.0,1953558.0,127.09183440000001,37.5807023,,,,,,,,,,,,,,,,
2019,20190617,야,월,1,0,0,0,0,서울,종로구,차대차,추돌,추돌,안전운전 의무 불이행,단일로,기타단일로,이륜차,승합차,955970.0,1952509.0,127.001397,37.57089982,초등학교,효제초등학교,서울특별시 종로구 대학로12,서울특별시 종로구 효제동 255-4,37.572882799999995,127.003257,종로구청,혜화경찰서,Y,4.0,20~25,2019-01-14,3000000.0,서울특별시 종로구,2017-04-12,97.0
2019,20190619,야,수,1,0,0,0,0,서울,동대문구,차량단독,공작물충돌,공작물충돌,안전운전 의무 불이행,교차로,교차로부근,이륜차,없음,959731.0,1952641.0,127.04397859999999,37.57226177,초등학교,신답초교,서울특별시 동대문구 천호대로 177,서울특별시 동대문구 답십리동 463-13,37.57270542,127.0429615,서울특별시 동대문구청,동대문경찰서,Y,3.0,,2019-11-25,3050000.0,서울특별시 동대문구,0,95.0
2019,20190619,야,수,1,0,0,0,0,서울,동대문구,차량단독,공작물충돌,공작물충돌,안전운전 의무 불이행,교차로,교차로부근,이륜차,없음,959731.0,1952641.0,127.04397859999999,37.57226177,어린이집,태양어린이집,서울특별시 동대문구 황물로 32,서울특별시 동대문구 답십리동557-1,37.57405193,127.04534450000001,서울특별시 동대문구청,동대문경찰서,Y,1.0,,2019-11-25,3050000.0,서울특별시 동대문구,0,9.0
2019,20190621,주,금,1,0,0,0,0,서울,서초구,차대사람,기타,기타,안전운전 의무 불이행,단일로,기타단일로,이륜차,보행자,954582.0,1941952.0,126.98633240000001,37.47567933,어린이집,서초중앙어린이집,서울특별시 서초구 남부순환로289길 35,서울특별시 서초구 방배3동 530-55,37.4767682,126.9890543,서울시 서초구,방배경찰서,Y,1.0,1,2019-06-03,3210000.0,서울특별시 서초구,0,8.0
2019,20190625,야,화,1,0,0,0,0,서울,강북구,차대차,정면충돌,정면충돌,중앙선 침범,단일로,기타단일로,자전거,승용차,958316.0,1959613.0,127.0275578,37.63503883,,,,,,,,,,,,,,,,
2019,20190626,야,수,1,0,0,0,0,서울,동대문구,차대사람,기타,기타,과속,단일로,기타단일로,승용차,보행자,958110.0,1952912.0,127.02560690000001,37.57463202,어린이집,청정원어린이집,서울특별시 동대문구 난계로30길 31,서울특별시 동대문구 신설동 103-13,37.574139,127.025153,서울특별시 동대문구청,동대문경찰서,Y,1.0,,2019-11-25,3050000.0,서울특별시 동대문구,0,19.0
2019,20190627,야,목,1,0,0,0,0,서울,영등포구,차대사람,횡단중,횡단중,안전운전 의무 불이행,단일로,기타단일로,승용차,보행자,947538.0,1946496.0,126.90634579999998,37.51626208,,,,,,,,,,,,,,,,
2019,20190630,야,일,1,0,0,0,0,서울,중랑구,차대사람,횡단중,횡단중,안전운전 의무 불이행,단일로,기타단일로,승용차,보행자,964415.0,1954525.0,127.09692920000002,37.58943584,,,,,,,,,,,,,,,,
2019,20190705,야,금,1,0,0,0,0,서울,광진구,차대사람,기타,기타,안전운전 의무 불이행,단일로,기타단일로,승합차,보행자,963085.0,1950840.0,127.0820503,37.55616937,초등학교,용마초등학교,서울특별시 광진구 천호대로 113길 10,서울특별시 광진구 중곡2동 135-1,37.557930999999996,127.08191000000001,서울특별시청,광진경찰서,Y,10.0,,2019-02-20,3040000.0,서울특별시 광진구,0,96.0
2019,20190705,야,금,1,0,0,0,0,서울,광진구,차대사람,기타,기타,안전운전 의무 불이행,단일로,기타단일로,승합차,보행자,963085.0,1950840.0,127.0820503,37.55616937,유치원,예일유치원,서울특별시 광진구 천호대로 111길 41,서울특별시 광진구 중곡2동 141-12,37.558236,127.08060400000001,서울특별시청,광진경찰서,Y,1.0,,2019-02-20,3040000.0,서울특별시 광진구,0,6.0
2019,20190705,야,금,1,0,0,0,0,서울,광진구,차대사람,기타,기타,안전운전 의무 불이행,단일로,기타단일로,승합차,보행자,963085.0,1950840.0,127.0820503,37.55616937,어린이집,키즈용맹(구.하은)어린이집,서울특별시 광진구 긴고랑로 148 (중곡동),서울특별시 광진구 중곡4동 76-58,37.55857,127.082342,서울특별시청,광진경찰서,Y,2.0,,2019-02-20,3040000.0,서울특별시 광진구,0,7.0
2019,20190709,야,화,1,0,0,0,0,서울,강동구,차대사람,횡단중,횡단중,과속,교차로,교차로내,승용차,보행자,967148.0,1947238.0,127.12821170000001,37.52385693,어린이집,성내참사랑어린이집,서울특별시 강동구 성내로18길 19,서울특별시 강동구 성내동 435-26,37.52601778,127.12914509999999,서울특별시 강동구청,강동경찰서,Y,1.0,15,2019-12-06,3240000.0,서울특별시 강동구,0,18.0
2019,20190713,주,토,1,0,0,0,0,서울,중랑구,차량단독,공작물충돌,공작물충돌,안전운전 의무 불이행,교차로,교차로부근,이륜차,없음,964097.0,1953602.0,127.09337250000002,37.58110421,,,,,,,,,,,,,,,,
2019,20190719,주,금,1,0,0,0,0,서울,송파구,차대사람,차도통행중,차도통행중,안전운전 의무 불이행,단일로,기타단일로,승용차,보행자,965129.0,1945375.0,127.10545139999999,37.50699077,유치원,기린유치원,서울특별시 송파구 백제고분로41길 20,서울특별시 송파구 송파1동 24,37.507711,127.107597,서울특별시 송파구청,송파경찰서,Y,1.0,6~10,2020-02-20,3230000.0,서울특별시 송파구,0,11.0
2019,20190719,주,금,1,0,0,0,0,서울,송파구,차대사람,차도통행중,차도통행중,안전운전 의무 불이행,단일로,기타단일로,승용차,보행자,965129.0,1945375.0,127.10545139999999,37.50699077,유치원,불광유치원,서울특별시 송파구 송파대로49길 23,서울특별시 송파구 석촌동 160-1,37.50691411,127.10210890000002,서울특별시 송파구청,송파경찰서,Y,1.0,5~8,2020-02-20,3230000.0,서울특별시 송파구,0,9.0
2019,20190720,야,토,1,7,5,2,0,서울,영등포구,차량단독,기타,기타,안전운전 의무 불이행,단일로,기타단일로,승합차,없음,947270.0,1948632.0,126.90315990000002,37.53549886,,,,,,,,,,,,,,,,
2019,20190722,야,월,1,0,0,0,0,서울,노원구,차대사람,차도통행중,차도통행중,과속,단일로,기타단일로,승용차,보행자,962829.4,1957778.0,127.0788043,37.61869329,유치원,미림유치원,서울특별시 중랑구 공릉로 65,서울특별시 중랑구 묵1동 162-1,37.61646036,127.0793223,서울특별시 중랑구청,중랑경찰서,Y,,,2020-03-04,3060000.0,서울특별시 중랑구,0,9.0
2019,20190724,주,수,1,1,0,1,0,서울,동대문구,차대차,추돌,추돌,안전운전 의무 불이행,단일로,교량위,이륜차,승용차,962157.0,1955875.0,127.07128370000001,37.60151365,어린이집,세화어린이집,서울특별시 중랑구 동일로123길 125,서울특별시 중랑구 중화2동 328-62,37.59993259,127.073783,서울특별시 중랑구청,중랑경찰서,Y,,,2020-03-04,3060000.0,서울특별시 중랑구,0,10.0
2019,20190724,주,수,1,1,0,1,0,서울,동대문구,차대차,추돌,추돌,안전운전 의무 불이행,단일로,교량위,이륜차,승용차,962157.0,1955875.0,127.07128370000001,37.60151365,유치원,서울유치원,서울특별시 동대문구 한천로58길 47,서울특별시 동대문구 이문2동 64,37.60075012,127.0687696,서울특별시 동대문구청,동대문경찰서,Y,1.0,,2019-11-25,3050000.0,서울특별시 동대문구,0,6.0
2019,20190726,야,금,1,3,2,1,0,서울,서초구,차대차,기타,기타,안전운전 의무 불이행,교차로,교차로내,승용차,승용차,957366.0,1944061.0,127.0176956,37.49482121,,,,,,,,,,,,,,,,
2019,20190726,야,금,1,0,0,0,0,서울,노원구,차대사람,횡단중,횡단중,안전운전 의무 불이행,교차로,교차로부근,승합차,보행자,961247.0,1961765.0,127.06066229999999,37.65456353,,,,,,,,,,,,,,,,
2019,20190727,야,토,1,0,0,0,0,서울,강동구,차대사람,횡단중,횡단중,과속,교차로,교차로내,승용차,보행자,969055.0,1948108.0,127.1497563,37.5317646,,,,,,,,,,,,,,,,
2019,20190729,야,월,1,0,0,0,0,서울,용산구,차량단독,공작물충돌,공작물충돌,안전운전 의무 불이행,단일로,기타단일로,승용차,없음,951118.0,1948476.0,126.94672309999999,37.53430489,유치원,일민유치원,서울특벽시 용산구 효창원로 17,서울특별시 용산구 신천동 193,37.5348611,126.9486162,용산구청,용산경찰서,Y,,15,2020-02-18,3020000.0,서울특별시 용산구,0,10.0
2019,20190729,주,월,1,0,0,0,0,서울,서초구,차대사람,횡단중,횡단중,안전운전 의무 불이행,단일로,지하차도(도로)내,건설기계,보행자,954244.0,1942048.0,126.98250390000001,37.47652793,초등학교,이수초등학교,서울특별시 서초구 방배천로4길 23,서울특별시 서초구 방배2동 468-6,37.4783196,126.9845727,서울시 서초구,방배경찰서,Y,1.0,3,2019-06-03,3210000.0,서울특별시 서초구,0,98.0
2019,20190729,야,월,1,0,0,0,0,서울,마포구,차대사람,기타,기타,안전운전 의무 불이행,교차로,교차로내,승용차,보행자,947429.0,1950937.0,126.90479440000001,37.55628316,,,,,,,,,,,,,,,,
2019,20190730,주,화,1,0,0,0,0,서울,용산구,차대차,측면충돌,측면충돌,안전거리 미확보,단일로,기타단일로,이륜차,화물차,952156.0,1948303.0,126.95848259999998,37.53280006,,,,,,,,,,,,,,,,
2019,20190730,야,화,1,0,0,0,0,서울,서대문구,차대차,측면충돌,측면충돌,안전운전 의무 불이행,교차로,교차로내,자전거,화물차,951002.0,1954861.0,126.9449834,37.59184767,초등학교,인왕초등학교,서울특별시 서대문구 세무서길 33-9,서울특별시 서대문구 홍제3동 245-1,37.590337,126.945194,서울특별시 서대문구청,서울특별시 서대문경찰서,Y,5.0,13~15,2019-03-04,3120000.0,서울특별시 서대문구,0,95.0
2019,20190730,야,화,1,0,0,0,0,서울,서대문구,차대차,측면충돌,측면충돌,안전운전 의무 불이행,교차로,교차로내,자전거,화물차,951002.0,1954861.0,126.9449834,37.59184767,초등학교,홍제초등학교,서울특별시 서대문구 홍은중앙로13,서울특별시 서대문구 홍은1동 48,37.59292,126.94455500000001,서울특별시 서대문구청,서울특별시 서대문경찰서,Y,3.0,5~17,2019-03-04,3120000.0,서울특별시 서대문구,0,95.0
2019,20190730,야,화,1,0,0,0,0,서울,서대문구,차대차,측면충돌,측면충돌,안전운전 의무 불이행,교차로,교차로내,자전거,화물차,951002.0,1954861.0,126.9449834,37.59184767,유치원,홍제성당유치원,서울특별시 서대문구 통일로40길 18,서울특별시 서대문구 홍제3동 301-6,37.590144,126.943955,서울특별시 서대문구청,서울특별시 서대문경찰서,Y,1.0,5~6,2019-03-04,3120000.0,서울특별시 서대문구,0,95.0
2019,20190730,야,화,1,0,0,0,0,서울,서대문구,차대차,측면충돌,측면충돌,안전운전 의무 불이행,교차로,교차로내,자전거,화물차,951002.0,1954861.0,126.9449834,37.59184767,유치원,인왕초교(병설)유치원,서울특별시 서대문구 세무서길 33-9,서울특별시 서대문구 홍제3동 245-1,37.590337,126.945194,서울특별시 서대문구청,서울특별시 서대문경찰서,Y,1.0,13~15,2019-03-04,3120000.0,서울특별시 서대문구,0,95.0
2019,20190730,야,화,1,0,0,0,0,서울,서대문구,차대차,측면충돌,측면충돌,안전운전 의무 불이행,교차로,교차로내,자전거,화물차,951002.0,1954861.0,126.9449834,37.59184767,유치원,홍제초교(병설)유치원,서울특별시 서대문구 홍은중앙로13,서울특별시 서대문구 홍은1동 48,37.59292,126.94455500000001,서울특별시 서대문구청,서울특별시 서대문경찰서,Y,1.0,5~17,2019-03-04,3120000.0,서울특별시 서대문구,0,95.0
2019,20190801,주,목,1,0,0,0,0,서울,금천구,차대차,기타,기타,안전운전 의무 불이행,교차로,교차로내,자전거,승용차,946591.0,1941158.0,126.89601780000001,37.468095399999996,,,,,,,,,,,,,,,,
2019,20190803,야,토,1,1,0,1,0,서울,용산구,차대사람,차도통행중,차도통행중,안전운전 의무 불이행,단일로,기타단일로,승용차,보행자,953271.0,1948256.0,126.9711051,37.53243363,,,,,,,,,,,,,,,,
2019,20190806,주,화,1,0,0,0,0,서울,용산구,차대사람,횡단중,횡단중,안전운전 의무 불이행,단일로,기타단일로,승합차,보행자,952014.0,1948720.0,126.95684820000001,37.53655119,유치원,도원유치원,서울특벽시 용산구 새창로12길 11-8,서울특별시 용산구 도원동 4-3,37.53877767,126.9576238,용산구청,용산경찰서,Y,,6~7,2020-02-18,3020000.0,서울특별시 용산구,0,10.0
2019,20190807,주,수,1,0,0,0,0,서울,강남구,차대사람,보도통행중,보도통행중,안전운전 의무 불이행,기타,기타,건설기계,보행자,958055.0,1945128.5,127.02542890000001,37.50447453,,,,,,,,,,,,,,,,
2019,20190807,야,수,1,0,0,0,0,서울,강북구,차대차,정면충돌,정면충돌,기타,단일로,기타단일로,자전거,화물차,958442.0,1960271.5,127.02894840000002,37.64097969,유치원,상아유치원,서울특별시 강북구 한천로132길 27,서울특별시 강북구 번동 463-10,37.64014,127.02916,강북구청,강북경찰서,Y,2.0,8,2019-05-10,3080000.0,서울특별시 강북구,0,97.0
2019,20190808,주,목,1,0,0,0,0,서울,양천구,차대사람,횡단중,횡단중,보행자 보호의무 위반,단일로,기타단일로,승용차,보행자,944496.0,1946466.0,126.871927,37.51581366,초등학교,신목초교,서울특별시 양천구 신목로5길 11-6,서울특별시 양천구 신정2동 281-1,37.51660963,126.87268459999999,서울특별시 양천구청,양천경찰서,Y,6.0,6,2020-06-01,3140000.0,서울특별시 양천구,0,97.0
2019,20190808,주,목,1,0,0,0,0,서울,양천구,차대사람,횡단중,횡단중,보행자 보호의무 위반,단일로,기타단일로,승용차,보행자,944496.0,1946466.0,126.871927,37.51581366,유치원,세화유치원,서울특별시 양천구 목동동로 130,서울특별시 양천구 신정6동 331,37.51500071,126.87123759999999,서울특별시 양천구청,양천경찰서,Y,2.0,6,2020-06-01,3140000.0,서울특별시 양천구,0,7.0
2019,20190808,주,목,1,0,0,0,0,서울,양천구,차대사람,횡단중,횡단중,보행자 보호의무 위반,단일로,기타단일로,승용차,보행자,944496.0,1946466.0,126.871927,37.51581366,어린이집,양천삼성어린이집,서울특별시 양천구 목동동로8길 36,서울특별시 양천구 신정6동 329-4,37.515519,126.87148799999999,서울특별시 양천구청,양천경찰서,Y,3.0,7,2020-06-01,3140000.0,서울특별시 양천구,0,97.0
2019,20190809,주,금,1,0,0,0,0,서울,서대문구,차대사람,기타,기타,안전운전 의무 불이행,기타,기타,화물차,보행자,951268.0,1952187.0,126.9481743,37.56776071,,,,,,,,,,,,,,,,
2019,20190810,야,토,1,0,0,0,0,서울,동대문구,차대사람,기타,기타,안전운전 의무 불이행,단일로,기타단일로,승용차,보행자,957890.0,1952725.0,127.02312620000001,37.57293651,어린이집,청정원어린이집,서울특별시 동대문구 난계로30길 31,서울특별시 동대문구 신설동 103-13,37.574139,127.025153,서울특별시 동대문구청,동대문경찰서,Y,1.0,,2019-11-25,3050000.0,서울특별시 동대문구,0,19.0
2019,20190813,주,화,1,0,0,0,0,서울,구로구,차대차,기타,기타,안전거리 미확보,교차로,교차로부근,승합차,자전거,946014.0,1944195.0,126.88927029999999,37.4954349,,,,,,,,,,,,,,,,
2019,20190814,주,수,1,0,0,0,0,서울,영등포구,차대사람,횡단중,횡단중,보행자 보호의무 위반,교차로,교차로횡단보도내,건설기계,보행자,947491.6,1947844.2,126.9057244,37.52841096,어린이집,남서울어린이집,서울특별시 영등포구 버드나루로14가길 35,서울특별시 영등포구 당산동 121-98,37.52867655,126.90838500000001,영등포구청,영등포경찰서,Y,1.0,5.5~13,2020-06-30,3180000.0,서울특별시 영등포구,0,7.0
2019,20190814,주,수,1,0,0,0,0,서울,영등포구,차대사람,횡단중,횡단중,보행자 보호의무 위반,교차로,교차로횡단보도내,건설기계,보행자,947491.6,1947844.2,126.9057244,37.52841096,유치원,영중유치원,서울특별시 영등포구 영중로 163,서울특별시 영등포구 영등포동8가 84,37.53107433,126.90523229999998,영등포구청,영등포경찰서,Y,1.0,5~26,2020-06-30,3180000.0,서울특별시 영등포구,0,95.0
2019,20190814,주,수,1,0,0,0,0,서울,영등포구,차대사람,횡단중,횡단중,보행자 보호의무 위반,교차로,교차로횡단보도내,건설기계,보행자,947491.6,1947844.2,126.9057244,37.52841096,유치원,한영교회유치원,서울특별시 영등포구 영중로41길 5,서울특별시 영등포구 영등포동8가 69,37.528458,126.904777,영등포구청,영등포경찰서,Y,1.0,7~17,2020-06-30,3180000.0,서울특별시 영등포구,0,97.0
2019,20190814,주,수,1,0,0,0,0,서울,영등포구,차대사람,횡단중,횡단중,보행자 보호의무 위반,교차로,교차로횡단보도내,건설기계,보행자,947491.6,1947844.2,126.9057244,37.52841096,초등학교,영동초등학교,서울특별시 영등포구 국회대로53길 20,서울특별시 영등포구 당산동 121-22,37.527007,126.90770400000001,영등포구청,영등포경찰서,Y,2.0,5~6.3,2020-06-30,3180000.0,서울특별시 영등포구,0,95.0
2019,20190817,야,토,1,0,0,0,0,서울,강동구,차대차,측면충돌,측면충돌,신호위반,교차로,교차로내,이륜차,승용차,970512.0,1951519.0,127.16610959999998,37.56255720000001,초등학교,고덕초등학교,서울특별시 강동구 아리수로82길 42,서울특별시 강동구 고덕2동 158,37.56129434,127.16607900000001,서울특별시 강동구청,강동경찰서,Y,2.0,6,2019-12-06,3240000.0,서울특별시 강동구,2017-06-14,95.0
2019,20190818,주,일,1,0,0,0,0,서울,양천구,차대사람,기타,기타,중앙선 침범,단일로,기타단일로,이륜차,보행자,943763.0,1947691.0,126.8635392,37.52681029,,,,,,,,,,,,,,,,
2019,20190819,야,월,1,0,0,0,0,서울,도봉구,차대사람,기타,기타,안전운전 의무 불이행,단일로,기타단일로,승용차,보행자,959740.0,1964896.0,127.0434053,37.68271875,,,,,,,,,,,,,,,,
2019,20190820,야,화,1,0,0,0,0,서울,송파구,차대차,측면충돌,측면충돌,안전운전 의무 불이행,단일로,기타단일로,화물차,승용차,968511.0,1946394.0,127.1436727,37.51629711,,,,,,,,,,,,,,,,
2019,20190821,주,수,1,0,0,0,0,서울,용산구,차대사람,보도통행중,보도통행중,기타,교차로,교차로부근,승용차,보행자,955559.0,1947984.0,126.997017,37.53009516,초등학교,보광초교,서울특벽시 용산구 우사단로 20,서울특별시 용산구 이태원동 15-13,37.53253948,126.99639309999999,용산구청,용산경찰서,Y,,10,2020-02-18,3020000.0,서울특별시 용산구,0,6.0
2019,20190825,주,일,1,0,0,0,0,서울,중랑구,차대차,정면충돌,정면충돌,중앙선 침범,단일로,기타단일로,건설기계,이륜차,962904.0,1954025.0,127.0798398,37.58486951,,,,,,,,,,,,,,,,
2019,20190826,주,월,1,0,0,0,0,서울,은평구,차대차,기타,기타,기타,교차로,교차로부근,자전거,화물차,948424.0,1955714.0,126.91572279999998,37.59939488,유치원,보람유치원,서울특별시 은평구 갈현로4길 42,서울특별시 은평구 갈현로4길 42,37.6000472,126.914225,서울특별시 은평구,서부경찰서,Y,1.0,6,2019-07-31,3110000.0,서울특별시 은평구,0,6.0
2019,20190826,주,월,1,0,0,0,0,서울,은평구,차대차,기타,기타,기타,교차로,교차로부근,자전거,화물차,948424.0,1955714.0,126.91572279999998,37.59939488,초등학교,역촌초등,서울특별시 은평구 은평로3길 25,서울특별시 은평구 은평로3길 25,37.6017363,126.91426570000002,서울특별시 은평구,은평경찰서,Y,7.0,10,2019-07-31,3110000.0,서울특별시 은평구,0,95.0
2019,20190827,야,화,1,0,0,0,0,서울,동대문구,차대차,정면충돌,정면충돌,신호위반,교차로,교차로내,승용차,이륜차,962184.0,1952636.0,127.0717568,37.57232074,초등학교,장평초교,서울특별시 동대문구 답십리로69길 27,서울특별시 동대문구 장안2동 323,37.57399475,127.07389340000002,서울특별시 동대문구청,동대문경찰서,Y,2.0,,2019-11-25,3050000.0,서울특별시 동대문구,0,95.0
2019,20190827,야,화,1,0,0,0,0,서울,동대문구,차대차,정면충돌,정면충돌,신호위반,교차로,교차로내,승용차,이륜차,962184.0,1952636.0,127.0717568,37.57232074,유치원,장평초교병설유치원,서울특별시 동대문구 답십리로69길 27,서울특별시 동대문구 장안2동 323,37.57399475,127.07389340000002,서울특별시 동대문구청,동대문경찰서,Y,0.0,,2019-11-25,3050000.0,서울특별시 동대문구,0,95.0
2019,20190827,야,화,1,0,0,0,0,서울,동대문구,차대차,정면충돌,정면충돌,신호위반,교차로,교차로내,승용차,이륜차,962184.0,1952636.0,127.0717568,37.57232074,어린이집,별밭어린이집,서울특별시 동대문구 답십리로66길 3,서울특별시 동대문구 장안동 388,37.57234503,127.0685733,서울특별시 동대문구청,동대문경찰서,Y,1.0,,2019-11-25,3050000.0,서울특별시 동대문구,0,11.0
2019,20190827,야,화,1,0,0,0,0,서울,동대문구,차대차,정면충돌,정면충돌,신호위반,교차로,교차로내,승용차,이륜차,962184.0,1952636.0,127.0717568,37.57232074,어린이집,이화어린이집,서울특별시 동대문구 장한로26다길 38,서울특별시 동대문구 장안동 341-5,37.57007078,127.0727032,서울특별시 동대문구청,동대문경찰서,Y,1.0,,2019-11-25,3050000.0,서울특별시 동대문구,0,11.0
2019,20190827,야,화,1,0,0,0,0,서울,동대문구,차대차,정면충돌,정면충돌,신호위반,교차로,교차로내,승용차,이륜차,962184.0,1952636.0,127.0717568,37.57232074,어린이집,중곡샛별어린이집,서울특별시 광진구 동일로 458 (중곡동),서울특별시 광진구 중곡3동 587-8,37.570926,127.07148400000001,서울특별시청,광진경찰서,Y,1.0,,2019-02-20,3040000.0,서울특별시 광진구,0,7.0
2019,20190827,야,화,1,0,0,0,0,서울,동대문구,차대차,정면충돌,정면충돌,신호위반,교차로,교차로내,승용차,이륜차,962184.0,1952636.0,127.0717568,37.57232074,어린이집,상명어린이집,서울특별시 광진구 동일로80길 30 (중곡동),서울특별시 광진구 중곡3동 175-98,37.569899,127.072668,서울특별시청,광진경찰서,Y,2.0,,2019-02-20,3040000.0,서울특별시 광진구,0,11.0
2019,20190829,주,목,1,0,0,0,0,서울,강서구,차대사람,차도통행중,차도통행중,안전운전 의무 불이행,단일로,기타단일로,승용차,보행자,943629.0,1950393.0,126.8618152,37.55115536,초등학교,백석초등학교,서울특별시 강서구 공항대로 491 (등촌동),,37.55364729,126.8624253,서울특별시 강서구청,강서경찰서,Y,1.0,6,2020-01-01,3150000.0,서울특별시 강서구,0,95.0
2019,20190829,주,목,1,0,0,0,0,서울,강서구,차대사람,차도통행중,차도통행중,안전운전 의무 불이행,단일로,기타단일로,승용차,보행자,943629.0,1950393.0,126.8618152,37.55115536,유치원,미도유치원,서울특별시 강서구 공항대로58가길 39 (등촌동),,37.550429,126.86097350000001,서울특별시 강서구청,강서경찰서,Y,1.0,6,2020-01-01,3150000.0,서울특별시 강서구,0,97.0
2019,20190829,주,목,1,1,0,1,0,서울,서대문구,차대사람,기타,기타,안전운전 의무 불이행,단일로,기타단일로,승용차,보행자,950966.0,1954836.0,126.9445774,37.59162043,초등학교,인왕초등학교,서울특별시 서대문구 세무서길 33-9,서울특별시 서대문구 홍제3동 245-1,37.590337,126.945194,서울특별시 서대문구청,서울특별시 서대문경찰서,Y,5.0,13~15,2019-03-04,3120000.0,서울특별시 서대문구,0,95.0
2019,20190829,주,목,1,1,0,1,0,서울,서대문구,차대사람,기타,기타,안전운전 의무 불이행,단일로,기타단일로,승용차,보행자,950966.0,1954836.0,126.9445774,37.59162043,초등학교,홍제초등학교,서울특별시 서대문구 홍은중앙로13,서울특별시 서대문구 홍은1동 48,37.59292,126.94455500000001,서울특별시 서대문구청,서울특별시 서대문경찰서,Y,3.0,5~17,2019-03-04,3120000.0,서울특별시 서대문구,0,95.0
2019,20190829,주,목,1,1,0,1,0,서울,서대문구,차대사람,기타,기타,안전운전 의무 불이행,단일로,기타단일로,승용차,보행자,950966.0,1954836.0,126.9445774,37.59162043,유치원,홍제성당유치원,서울특별시 서대문구 통일로40길 18,서울특별시 서대문구 홍제3동 301-6,37.590144,126.943955,서울특별시 서대문구청,서울특별시 서대문경찰서,Y,1.0,5~6,2019-03-04,3120000.0,서울특별시 서대문구,0,95.0
2019,20190829,주,목,1,1,0,1,0,서울,서대문구,차대사람,기타,기타,안전운전 의무 불이행,단일로,기타단일로,승용차,보행자,950966.0,1954836.0,126.9445774,37.59162043,유치원,인왕초교(병설)유치원,서울특별시 서대문구 세무서길 33-9,서울특별시 서대문구 홍제3동 245-1,37.590337,126.945194,서울특별시 서대문구청,서울특별시 서대문경찰서,Y,1.0,13~15,2019-03-04,3120000.0,서울특별시 서대문구,0,95.0
2019,20190829,주,목,1,1,0,1,0,서울,서대문구,차대사람,기타,기타,안전운전 의무 불이행,단일로,기타단일로,승용차,보행자,950966.0,1954836.0,126.9445774,37.59162043,유치원,홍제초교(병설)유치원,서울특별시 서대문구 홍은중앙로13,서울특별시 서대문구 홍은1동 48,37.59292,126.94455500000001,서울특별시 서대문구청,서울특별시 서대문경찰서,Y,1.0,5~17,2019-03-04,3120000.0,서울특별시 서대문구,0,95.0
2019,20190829,주,목,1,0,0,0,0,서울,강동구,차대차,기타,기타,신호위반,교차로,교차로내,원동기장치자전거,승용차,971530.0,1951894.0,127.1776216,37.56596927,초등학교,강일초등학교,서울특별시 강동구 아리수로98길 24,서울특별시 강동구 강일동 685,37.56525695,127.17721189999999,서울특별시 강동구청,강동경찰서,Y,2.0,25,2019-12-06,3240000.0,서울특별시 강동구,0,9.0
2019,20190830,야,금,1,0,0,0,0,서울,은평구,차대사람,횡단중,횡단중,안전운전 의무 불이행,단일로,기타단일로,화물차,보행자,947101.0,1953438.0,126.90090049999999,37.57880607,,,,,,,,,,,,,,,,
2019,20190902,야,월,1,0,0,0,0,서울,강동구,차대사람,횡단중,횡단중,신호위반,교차로,교차로내,화물차,보행자,969275.0,1948810.0,127.1522169,37.53809939,,,,,,,,,,,,,,,,
2019,20190902,주,월,1,0,0,0,0,서울,동대문구,차량단독,기타,기타,안전운전 의무 불이행,교차로,교차로내,자전거,없음,961169.0,1953007.0,127.0602432,37.57562241,유치원,새소리유치원,서울특별시 동대문구 사가정로 148,서울특별시 동대문구 전농동 10,37.57665796,127.06156570000002,서울특별시 동대문구청,동대문경찰서,Y,1.0,,2019-11-25,3050000.0,서울특별시 동대문구,0,16.0
2019,20190903,주,화,1,1,0,1,0,서울,노원구,차대사람,횡단중,횡단중,안전운전 의무 불이행,단일로,기타단일로,건설기계,보행자,962571.0,1962740.0,127.075622,37.66340632,,,,,,,,,,,,,,,,
2019,20190905,주,목,1,2,0,2,0,서울,금천구,차대차,정면충돌,정면충돌,중앙선 침범,교차로,교차로부근,승용차,화물차,946701.0,1939539.0,126.8973788,37.45350934,어린이집,꿈나래 어린이집,서울특별시 금천구 금하로3길 32,서울특별시 금천구 시흥동 118-90,37.45492907,126.8973672,서울특별시 금천구청,금천경찰서,Y,1.0,6~8,2020-02-20,3170000.0,서울특별시 금천구,0,9.0
2019,20190906,야,금,1,0,0,0,0,서울,중랑구,차대사람,횡단중,횡단중,과속,교차로,교차로횡단보도내,승합차,보행자,964032.0,1955482.0,127.09254399999999,37.59804667,,,,,,,,,,,,,,,,
2019,20190907,야,토,1,0,0,0,0,서울,강서구,차대사람,횡단중,횡단중,안전운전 의무 불이행,교차로,교차로내,화물차,보행자,939240.0,1950878.0,126.8120896,37.55524762,유치원,예지유치원,서울특별시 강서구 남부순환로11가길 89 (공항동),,37.5576234,126.8132178,서울특별시 강서구청,강서경찰서,Y,1.0,6,2020-01-01,3150000.0,서울특별시 강서구,0,97.0
2019,20190907,야,토,1,0,0,0,0,서울,강서구,차대사람,횡단중,횡단중,안전운전 의무 불이행,교차로,교차로내,화물차,보행자,939240.0,1950878.0,126.8120896,37.55524762,어린이집,프란체스코어린이집,서울특별시 강서구 방화대로5다길 22-12 (공항동),,37.5555119,126.8146107,서울특별시 강서구청,강서경찰서,N,,,2020-01-01,3150000.0,서울특별시 강서구,0,97.0
2019,20190910,주,화,1,0,0,0,0,서울,강북구,차대사람,횡단중,횡단중,안전운전 의무 불이행,교차로,교차로내,화물차,보행자,959418.0,1958883.0,127.04008799999998,37.62850856,초등학교,서울번동초등학교,서울특별시 강북구 오현로 204,서울특별시 강북구 번동 236,37.62903,127.04001000000001,강북구청,강북경찰서,Y,3.0,20,2019-05-10,3080000.0,서울특별시 강북구,0,97.0
2019,20190910,주,화,1,0,0,0,0,서울,강북구,차대사람,횡단중,횡단중,안전운전 의무 불이행,교차로,교차로내,화물차,보행자,959418.0,1958883.0,127.04008799999998,37.62850856,어린이집,자연어린이집,서울특별시 강북구 오현로28길 11,서울특별시 강북구 번동 155-5,37.62785,127.03922,강북구청,강북경찰서,Y,2.0,10,2019-05-10,3080000.0,서울특별시 강북구,0,7.0
2019,20190910,주,화,1,0,0,0,0,서울,강북구,차대사람,횡단중,횡단중,안전운전 의무 불이행,교차로,교차로내,화물차,보행자,959418.0,1958883.0,127.04008799999998,37.62850856,어린이집,꼬꼬마어린이집,서울특별시 강북구 한천로109길 57-15,서울특별시 강북구 번동 177-2,37.62764,127.04203999999999,강북구청,강북경찰서,Y,1.0,5,2019-05-10,3080000.0,서울특별시 강북구,0,10.0
2019,20190911,야,수,1,0,0,0,0,서울,중랑구,차대사람,횡단중,횡단중,과속,단일로,기타단일로,승용차,보행자,963595.0,1955734.0,127.0875811,37.60030083,어린이집,상봉어린이집,서울특별시 중랑구 상봉중앙로6길 57,서울특별시 중랑구 상봉1동 287-1,37.60202594,127.09015120000001,서울특별시 중랑구청,중랑경찰서,Y,,,2020-03-04,3060000.0,서울특별시 중랑구,0,96.0
2019,20190912,야,목,1,0,0,0,0,서울,서대문구,차대사람,횡단중,횡단중,안전운전 의무 불이행,단일로,기타단일로,승합차,보행자,951428.3,1953922.0,126.9498744,37.58340697,유치원,한양제일유치원,서울특별시 서대문구 통일로25길 30,서울특별시 서대문구 홍제2동 82,37.583436999999996,126.94723700000002,서울특별시 서대문구청,서울특별시 서대문경찰서,Y,1.0,15~19,2019-03-04,3120000.0,서울특별시 서대문구,0,7.0
2019,20190912,야,목,1,0,0,0,0,서울,서대문구,차대사람,횡단중,횡단중,안전운전 의무 불이행,단일로,기타단일로,승합차,보행자,951428.3,1953922.0,126.9498744,37.58340697,어린이집,새솔어린이집,서울특별시 서대문구 통일로34길 19,서울특별시 서대문구 홍제동 107-12,37.58582,126.94872,서울특별시 서대문구청,서울특별시 서대문경찰서,Y,1.0,3~15,2019-03-04,3120000.0,서울특별시 서대문구,0,18.0
2019,20190912,야,목,1,1,0,1,0,서울,서대문구,차대사람,횡단중,횡단중,안전운전 의무 불이행,단일로,기타단일로,승합차,보행자,948183.5,1952464.6,126.9132284,37.57009432,,,,,,,,,,,,,,,,
2019,20190912,야,목,1,0,0,0,0,서울,금천구,차대사람,길가장자리구역통행중,길가장자리구역통행중,안전운전 의무 불이행,단일로,기타단일로,승합차,보행자,946796.0,1941595.0,126.8983043,37.472046,,,,,,,,,,,,,,,,
2019,20190913,야,금,1,1,1,0,0,서울,용산구,차량단독,공작물충돌,공작물충돌,안전운전 의무 불이행,단일로,지하차도(도로)내,이륜차,없음,956187.0,1948949.0,127.0040669,37.53882303,초등학교,한남초교(병설유치원),서울특벽시 용산구 한남대로 112,서울특별시 용산구 한남동 726-1,37.5392032,127.0055986,용산구청,용산경찰서,Y,,10,2020-02-18,3020000.0,서울특별시 용산구,0,13.0
2019,20190917,야,화,1,0,0,0,0,서울,동작구,차량단독,기타,기타,안전운전 의무 불이행,단일로,고가도로위,이륜차,없음,947362.0,1943032.0,126.90460230000001,37.48503041,,,,,,,,,,,,,,,,
2019,20190920,주,금,1,0,0,0,0,서울,관악구,차대차,측면충돌,측면충돌,신호위반,교차로,교차로부근,승용차,이륜차,949975.0,1942997.0,126.9341594,37.48486019,,,,,,,,,,,,,,,,
2019,20190921,야,토,1,0,0,0,0,서울,동작구,차대차,측면충돌,측면충돌,안전거리 미확보,단일로,기타단일로,승용차,이륜차,952356.0,1945942.0,126.96089939999999,37.51153018,,,,,,,,,,,,,,,,
2019,20190921,주,토,1,3,3,0,0,서울,강동구,차대사람,기타,기타,기타,단일로,기타단일로,승용차,보행자,968700.0,1949504.0,127.1456788,37.54433537,유치원,반석유치원,서울특별시 강동구 양재대로124길 89-18,서울특별시 강동구 길동 79,37.54281992,127.1473249,서울특별시 강동구청,강동경찰서,Y,2.0,8,2019-12-06,3240000.0,서울특별시 강동구,0,12.0
2019,20190921,주,토,1,3,3,0,0,서울,강동구,차대사람,기타,기타,기타,단일로,기타단일로,승용차,보행자,968700.0,1949504.0,127.1456788,37.54433537,어린이집,한양어린이집,서울특별시 강동구 양재대로122가길 31,서울특별시 강동구 길동 335-8,37.5435458,127.14281470000002,서울특별시 강동구청,강동경찰서,Y,1.0,7,2019-12-06,3240000.0,서울특별시 강동구,0,7.0
2019,20190921,주,토,1,3,3,0,0,서울,강동구,차대사람,기타,기타,기타,단일로,기타단일로,승용차,보행자,968700.0,1949504.0,127.1456788,37.54433537,어린이집,반석어린이집,서울특별시 강동구 양재대로124길 89-18,서울특별시 강동구 길동 78-5,37.54281992,127.1473249,서울특별시 강동구청,강동경찰서,Y,1.0,8,2019-12-06,3240000.0,서울특별시 강동구,0,12.0
2019,20190922,주,일,1,0,0,0,0,서울,동대문구,차대사람,차도통행중,차도통행중,안전운전 의무 불이행,교차로,교차로부근,승용차,보행자,961395.0,1952121.0,127.0628492,37.56764614,어린이집,사군자어린이집,서울특별시 동대문구 장한로5길 45,서울특별시 동대문구 장안동 403-5,37.56510957,127.0638865,서울특별시 동대문구청,동대문경찰서,Y,1.0,,2019-11-25,3050000.0,서울특별시 동대문구,0,15.0
2019,20190922,주,일,1,0,0,0,0,서울,동대문구,차대사람,차도통행중,차도통행중,안전운전 의무 불이행,교차로,교차로부근,승용차,보행자,961395.0,1952121.0,127.0628492,37.56764614,어린이집,미예뜰어린이집,서울특별시 광진구 긴고랑로7길 69 (중곡동),서울특별시 광진구 중곡3동 191-60,37.566295000000004,127.063006,서울특별시청,광진경찰서,Y,1.0,,2019-02-20,3040000.0,서울특별시 광진구,0,7.0
2019,20190923,주,월,1,0,0,0,0,서울,서초구,차대사람,차도통행중,차도통행중,안전운전 의무 불이행,단일로,기타단일로,건설기계,보행자,957205.0,1943371.0,127.01591440000001,37.48859454,초등학교,교대부속초등학교,서울특별시 서초구 서초중앙로 96,서울특별시 서초구 서초1동 1650,37.4899286,127.01586529999999,서울시 서초구,서초경찰서,Y,1.0,3,2019-06-03,3210000.0,서울특별시 서초구,0,96.0
2019,20190923,주,월,1,0,0,0,0,서울,서초구,차대사람,보도통행중,보도통행중,보행자 보호의무 위반,교차로,교차로횡단보도내,건설기계,보행자,956187.0,1945328.0,127.00428290000002,37.50618589,초등학교,반원초등학교,서울특별시 서초구 잠원로3길 40,서울특별시 서초구 잠원동 72-3,37.508168700000006,127.00363190000002,서울시 서초구,서초경찰서,Y,1.0,4,2019-06-03,3210000.0,서울특별시 서초구,0,95.0
2019,20190925,야,수,1,0,0,0,0,서울,양천구,차대사람,횡단중,횡단중,안전운전 의무 불이행,교차로,교차로부근,승용차,보행자,945290.0,1948671.0,126.880747,37.53573498,유치원,원일유치원,서울특별시 양천구 목동동로 350,서울특별시 양천구 목5동 912,37.53515823,126.88187450000001,서울특별시 양천구청,양천경찰서,Y,2.0,6,2020-06-01,3140000.0,서울특별시 양천구,0,98.0
2019,20190927,야,금,1,0,0,0,0,서울,서초구,차대사람,횡단중,횡단중,안전운전 의무 불이행,단일로,기타단일로,승용차,보행자,954663.0,1941945.0,126.98724890000001,37.47562022,초등학교,방현초등학교,서울특별시 서초구 효령로4길 58,서울특별시 서초구 방배3동 산81-1,37.4763718,126.9901376,서울시 서초구,방배경찰서,Y,1.0,4,2019-06-03,3210000.0,서울특별시 서초구,0,96.0
2019,20190927,야,금,1,0,0,0,0,서울,서초구,차대사람,횡단중,횡단중,안전운전 의무 불이행,단일로,기타단일로,승용차,보행자,954663.0,1941945.0,126.98724890000001,37.47562022,어린이집,서초중앙어린이집,서울특별시 서초구 남부순환로289길 35,서울특별시 서초구 방배3동 530-55,37.4767682,126.9890543,서울시 서초구,방배경찰서,Y,1.0,1,2019-06-03,3210000.0,서울특별시 서초구,0,8.0
2019,20190927,주,금,1,0,0,0,0,서울,중랑구,차대차,측면충돌,측면충돌,안전운전 의무 불이행,단일로,기타단일로,자전거,승합차,963026.0,1955191.0,127.08116270000001,37.59538392,,,,,,,,,,,,,,,,
2019,20190929,주,일,1,0,0,0,0,서울,서대문구,차대차,측면충돌,측면충돌,안전거리 미확보,단일로,기타단일로,건설기계,이륜차,950798.8,1951572.8,126.9429027,37.56219988,초등학교,이대부속초등학교,서울특별시 서대문구 성산로 512-39,서울특별시 서대문구 대신동 20,37.560728999999995,126.94255700000001,서울특별시 서대문구청,서울특별시 서대문경찰서,Y,2.0,5~8,2019-03-04,3120000.0,서울특별시 서대문구,0,95.0
2019,20190929,주,일,1,0,0,0,0,서울,서대문구,차대차,측면충돌,측면충돌,안전거리 미확보,단일로,기타단일로,건설기계,이륜차,950798.8,1951572.8,126.9429027,37.56219988,어린이집,세브란스어린이집,서울특별시 서대문구 연대동문길 41,서울특별시 서대문구 대신동 84-4,37.564327,126.944251,서울특별시 서대문구청,서울특별시 서대문경찰서,Y,1.0,7~8,2019-03-04,3120000.0,서울특별시 서대문구,0,10.0
2019,20190929,주,일,1,0,0,0,0,서울,서대문구,차대차,측면충돌,측면충돌,안전거리 미확보,단일로,기타단일로,건설기계,이륜차,950798.8,1951572.8,126.9429027,37.56219988,유치원,이대부속유치원,서울특별시 서대문구 성산로 512-39,서울특별시 서대문구 대신동 20,37.560728999999995,126.94255700000001,서울특별시 서대문구청,서울특별시 서대문경찰서,Y,1.0,5~8,2019-03-04,3120000.0,서울특별시 서대문구,0,95.0
2019,20190929,야,일,1,0,0,0,0,서울,마포구,차량단독,기타,기타,안전운전 의무 불이행,단일로,기타단일로,개인형이동수단(PM),없음,950462.0,1949674.0,126.93921759999999,37.54506765,,,,,,,,,,,,,,,,
2019,20190930,야,월,1,0,0,0,0,서울,금천구,차대사람,횡단중,횡단중,신호위반,단일로,기타단일로,승용차,보행자,946703.0,1940747.0,126.897314,37.46439743,유치원,독산유치원,서울특별시 금천구 시흥대로 98길 45,서울특별시 금천구 독산동 1051-20,37.46434175,126.90028799999999,서울특별시 금천구청,금천경찰서,Y,1.0,6~8,2020-02-20,3170000.0,서울특별시 금천구,0,95.0
2019,20190930,야,월,1,0,0,0,0,서울,금천구,차대사람,횡단중,횡단중,신호위반,단일로,기타단일로,승용차,보행자,946703.0,1940747.0,126.897314,37.46439743,초등학교,독산초등학교,서울특별시 금천구 시흥대로 104길 31,서울특별시 금천구 독산동 1034,37.46565673,126.8997128,서울특별시 금천구청,금천경찰서,Y,1.0,4~8,2020-02-20,3170000.0,서울특별시 금천구,0,95.0
2019,20191001,야,화,1,0,0,0,0,서울,영등포구,차대차,추돌,추돌,안전운전 의무 불이행,기타,기타,화물차,자전거,950178.0,1947106.0,126.936177,37.5219065,초등학교,여의도초등학교,서울특별시 영등포구 여의대방로 439,서울특별시 영등포구 여의도동 40-3,37.52320626,126.93679499999999,영등포구청,영등포경찰서,Y,1.0,6~23.5,2020-06-30,3180000.0,서울특별시 영등포구,0,95.0
2019,20191001,주,화,1,2,0,2,0,서울,강서구,차대차,측면충돌,측면충돌,안전거리 미확보,단일로,기타단일로,이륜차,승용차,940604.0,1951746.0,126.8274612,37.56315983,,,,,,,,,,,,,,,,
2019,20191001,주,화,1,0,0,0,0,서울,금천구,차대사람,횡단중,횡단중,보행자 보호의무 위반,교차로,교차로내,화물차,보행자,946784.0,1941504.0,126.89817520000001,37.47122511,,,,,,,,,,,,,,,,
2019,20191001,주,화,1,0,0,0,0,서울,은평구,차대차,측면충돌,측면충돌,기타,교차로,교차로내,원동기장치자전거,승용차,949424.0,1957212.0,126.9269472,37.61295197,유치원,바다의별유치원,서울특별시 은평구 통일로 790-1,서울특별시 은평구 통일로 790-1,37.615361,126.9262062,서울특별시 은평구,은평경찰서,Y,1.0,5,2019-07-31,3110000.0,서울특별시 은평구,0,13.0
2019,20191001,주,화,1,0,0,0,0,서울,은평구,차대차,측면충돌,측면충돌,기타,교차로,교차로내,원동기장치자전거,승용차,949424.0,1957212.0,126.9269472,37.61295197,초등학교,대은초등,서울특별시 은평구 통일로69길 12-15,서울특별시 은평구 통일로69길 12-15,37.611831200000005,126.92615430000001,서울특별시 은평구,은평경찰서,Y,6.0,5,2019-07-31,3110000.0,서울특별시 은평구,0,96.0
2019,20191002,야,수,1,0,0,0,0,서울,서초구,차대차,측면충돌,측면충돌,신호위반,교차로,교차로내,승용차,이륜차,959453.0,1943015.0,127.0413621,37.48548723,어린이집,성아어린이집,서울특별시 강남구 논현로32길 16,,37.484041999999995,127.04358300000001,서울특별시 강남구청,수서경찰서,Y,1.0,6,2020-06-24,3220000.0,서울특별시 강남구,0,11.0
2019,20191003,야,목,1,0,0,0,0,서울,강남구,차대사람,기타,기타,안전운전 의무 불이행,단일로,기타단일로,승용차,보행자,959880.0,1944149.0,127.04613,37.49572707,어린이집,역삼가애어린이집,서울특별시 강남구 도곡로37길 15,,37.494809000000004,127.044725,서울특별시 강남구청,수서경찰서,Y,2.0,12,2020-06-24,3220000.0,서울특별시 강남구,0,13.0
2019,20191004,야,금,1,1,1,0,0,서울,동대문구,차대차,측면충돌,측면충돌,신호위반,교차로,교차로내,이륜차,승용차,961217.0,1953269.0,127.0607729,37.57798592,초등학교,전동초교,서울특별시 동대문구 전농로16길 61,서울특별시 동대문구 전농2동 45-41,37.57908644,127.06080690000002,서울특별시 동대문구청,동대문경찰서,Y,1.0,,2019-11-25,3050000.0,서울특별시 동대문구,0,96.0
2019,20191004,야,금,1,1,1,0,0,서울,동대문구,차대차,측면충돌,측면충돌,신호위반,교차로,교차로내,이륜차,승용차,961217.0,1953269.0,127.0607729,37.57798592,유치원,전동초교병설유치원,서울특별시 동대문구 전농로16길 61,서울특별시 동대문구 전농2동 45-41,37.57908644,127.06080690000002,서울특별시 동대문구청,동대문경찰서,Y,0.0,,2019-11-25,3050000.0,서울특별시 동대문구,0,96.0
2019,20191004,야,금,1,1,1,0,0,서울,동대문구,차대차,측면충돌,측면충돌,신호위반,교차로,교차로내,이륜차,승용차,961217.0,1953269.0,127.0607729,37.57798592,유치원,새소리유치원,서울특별시 동대문구 사가정로 148,서울특별시 동대문구 전농동 10,37.57665796,127.06156570000002,서울특별시 동대문구청,동대문경찰서,Y,1.0,,2019-11-25,3050000.0,서울특별시 동대문구,0,16.0
2019,20191005,야,토,1,0,0,0,0,서울,성동구,차대사람,차도통행중,차도통행중,안전운전 의무 불이행,단일로,기타단일로,화물차,보행자,959349.0,1950231.0,127.03978640000001,37.55052297,,,,,,,,,,,,,,,,
2019,20191006,주,일,1,0,0,0,0,서울,중구,차대사람,횡단중,횡단중,안전운전 의무 불이행,단일로,기타단일로,승합차,보행자,955680.0,1951987.0,126.9981446,37.56618101,,,,,,,,,,,,,,,,
2019,20191007,야,월,1,0,0,0,0,서울,송파구,차대사람,차도통행중,차도통행중,안전운전 의무 불이행,단일로,기타단일로,승용차,보행자,967439.0,1944561.0,127.1316235,37.49973821,초등학교,가동초등학교,서울특별시 송파구 중대로20길 47,서울특별시 송파구 가락2동 163,37.49741173,127.1300169,서울특별시 송파구청,송파경찰서,Y,3.0,9~12,2020-02-20,3230000.0,서울특별시 송파구,0,7.0
2019,20191008,주,화,1,0,0,0,0,서울,강동구,차대사람,횡단중,횡단중,보행자 보호의무 위반,단일로,기타단일로,승용차,보행자,968144.0,1950186.0,127.1393553,37.55046346,,,,,,,,,,,,,,,,
2019,20191009,주,수,1,0,0,0,0,서울,구로구,차대사람,기타,기타,과속,단일로,기타단일로,승용차,보행자,942083.0,1941991.0,126.84497590000001,37.47533177,,,,,,,,,,,,,,,,
2019,20191011,주,금,1,0,0,0,0,서울,금천구,차량단독,공작물충돌,공작물충돌,신호위반,교차로,교차로부근,승용차,없음,947210.3,1941437.8,126.90300079999999,37.47065289,,,,,,,,,,,,,,,,
2019,20191011,야,금,1,0,0,0,0,서울,동대문구,차대차,측면충돌,측면충돌,신호위반,교차로,교차로내,승용차,이륜차,958557.6,1952844.3,127.03067949999999,37.57404209,,,,,,,,,,,,,,,,
2019,20191012,주,토,1,0,0,0,0,서울,성동구,차대차,추돌,추돌,기타,교차로,교차로부근,승용차,자전거,960397.0,1948641.0,127.05173640000001,37.53623744,어린이집,아이세계어린이집,서울특별시 광진구 동일로4가길 2 (자양동),서울특별시 광진구 자양4동 197-6,37.536087,127.05344099999999,서울특별시청,광진경찰서,Y,2.0,,2019-02-20,3040000.0,서울특별시 광진구,0,8.0
2019,20191014,주,월,1,0,0,0,0,서울,서대문구,차량단독,기타,기타,안전운전 의무 불이행,단일로,기타단일로,승용차,없음,948388.0,1953894.0,126.91544329999999,37.5829891,유치원,무지개나라유치원,서울특별시 은평구 가좌로7다길 13,서울특별시 은평구 가좌로7다길 13,37.584587,126.9180933,서울특별시 은평구,서부경찰서,Y,1.0,6,2019-07-31,3110000.0,서울특별시 은평구,0,7.0
2019,20191017,야,목,1,2,1,1,0,서울,양천구,차대차,추돌,추돌,안전운전 의무 불이행,단일로,기타단일로,승용차,건설기계,940619.0,1947444.0,126.82797920000002,37.52438696,,,,,,,,,,,,,,,,
2019,20191018,야,금,1,0,0,0,0,서울,동대문구,차대차,정면충돌,정면충돌,안전운전 의무 불이행,교차로,교차로내,승용차,자전거,959327.0,1952949.0,127.03938659999999,37.57502009,어린이집,구청(직장)어린이집,서울특별시 동대문구 고산자로28길 13,서울특별시 동대문구 용두동 29-3,37.57530824,127.0391472,서울특별시 동대문구청,동대문경찰서,Y,1.0,,2019-11-25,3050000.0,서울특별시 동대문구,0,18.0
2019,20191021,주,월,1,0,0,0,0,서울,강남구,차량단독,공작물충돌,공작물충돌,안전운전 의무 불이행,단일로,기타단일로,이륜차,없음,962470.0,1944382.0,127.0754175,37.49793613,유치원,이화유치원,서울특별시 강남구 개포로109길 9,,37.495751,127.075096,서울특별시 강남구청,수서경찰서,Y,2.0,15,2020-06-24,3220000.0,서울특별시 강남구,0,97.0
2019,20191021,주,월,1,0,0,0,0,서울,강남구,차량단독,공작물충돌,공작물충돌,안전운전 의무 불이행,단일로,기타단일로,이륜차,없음,962470.0,1944382.0,127.0754175,37.49793613,초등학교,대진초등학교,서울특별시 강남구 개포로109길 74,,37.497027,127.07807849999999,서울특별시 강남구청,수서경찰서,Y,3.0,9,2020-06-24,3220000.0,서울특별시 강남구,0,97.0
2019,20191021,주,월,1,0,0,0,0,서울,강남구,차량단독,공작물충돌,공작물충돌,안전운전 의무 불이행,단일로,기타단일로,이륜차,없음,962470.0,1944382.0,127.0754175,37.49793613,어린이집,강남어린이집,서울특별시 강남구 개포로109길 9,,37.495751,127.075096,서울특별시 강남구청,수서경찰서,Y,1.0,20,2020-06-24,3220000.0,서울특별시 강남구,0,13.0
2019,20191023,야,수,1,0,0,0,0,서울,강서구,차대사람,횡단중,횡단중,과속,단일로,기타단일로,승용차,보행자,942318.0,1950122.0,126.8469953,37.54863168,초등학교,우장초등학교,서울특별시 강서구 화곡로 263 (화곡동),,37.54963737,126.8459831,서울특별시 강서구청,강서경찰서,Y,1.0,4,2020-01-01,3150000.0,서울특별시 강서구,2017-10-19,96.0
2019,20191023,야,수,1,0,0,0,0,서울,강서구,차대사람,횡단중,횡단중,과속,단일로,기타단일로,승용차,보행자,942318.0,1950122.0,126.8469953,37.54863168,유치원,문성유치원,서울특별시 강서구 우현로 8,,37.547055,126.844554,서울특별시 강서구청,강서경찰서,N,,,2020-01-01,3150000.0,서울특별시 강서구,0,97.0
2019,20191023,야,수,1,0,0,0,0,서울,강서구,차대사람,횡단중,횡단중,과속,단일로,기타단일로,승용차,보행자,942318.0,1950122.0,126.8469953,37.54863168,유치원,동그라미유치원,서울특별시 강서구 화곡로52길 14 (화곡동),,37.5501136,126.8491643,서울특별시 강서구청,강서경찰서,Y,1.0,6,2020-01-01,3150000.0,서울특별시 강서구,0,98.0
2019,20191023,야,수,1,0,0,0,0,서울,강서구,차대사람,횡단중,횡단중,과속,단일로,기타단일로,승용차,보행자,942318.0,1950122.0,126.8469953,37.54863168,유치원,강서유치원,서울특별시 강서구 까치산로 116 (화곡동),,37.54821183,126.85003909999999,서울특별시 강서구청,강서경찰서,N,,,2020-01-01,3150000.0,서울특별시 강서구,0,9.0
2019,20191023,주,수,1,0,0,0,0,서울,노원구,차대차,추돌,추돌,안전운전 의무 불이행,단일로,터널안,화물차,화물차,962883.0,1964606.0,127.07906440000001,37.68023755,,,,,,,,,,,,,,,,
2019,20191023,야,수,1,0,0,0,0,서울,성동구,차대사람,횡단중,횡단중,안전운전 의무 불이행,단일로,기타단일로,승용차,보행자,958875.0,1949679.0,127.0344514,37.5455266,,,,,,,,,,,,,,,,
2019,20191023,야,수,1,1,1,0,0,서울,강북구,차대차,측면충돌,측면충돌,신호위반,교차로,교차로내,이륜차,화물차,958871.0,1959659.0,127.03384540000002,37.63547845,초등학교,서울수송초등학교,서울특별시 강북구 한천로 124길 14,서울특별시 강북구 번동 456,37.63732,127.03320520000001,강북구청,강북경찰서,Y,9.0,25,2019-05-10,3080000.0,서울특별시 강북구,0,1.0
2019,20191023,야,수,1,1,1,0,0,서울,강북구,차대차,측면충돌,측면충돌,신호위반,교차로,교차로내,이륜차,화물차,958871.0,1959659.0,127.03384540000002,37.63547845,어린이집,번2동어린이집,서울특별시 강북구 덕릉로40길 48,서울특별시 강북구 번동 520,37.63375,127.03203,강북구청,강북경찰서,Y,2.0,7,2019-05-10,3080000.0,서울특별시 강북구,0,7.0
2019,20191023,야,수,1,1,1,0,0,서울,강북구,차대차,측면충돌,측면충돌,신호위반,교차로,교차로내,이륜차,화물차,958871.0,1959659.0,127.03384540000002,37.63547845,어린이집,예닮어린이집,서울특별시 강북구 한천로120길 3,서울특별시 강북구 번동 430-66,37.63491,127.03568999999999,강북구청,강북경찰서,Y,2.0,6,2019-05-10,3080000.0,서울특별시 강북구,0,7.0
2019,20191023,야,수,1,0,0,0,0,서울,송파구,차대사람,기타,기타,안전운전 의무 불이행,단일로,기타단일로,승용차,보행자,966274.0,1946295.0,127.11836399999999,37.51532571,초등학교,방이초등학교,서울특별시 송파구 위례성대로10길 4,서울특별시 송파구 방이1동 167,37.51343088,127.12049820000001,서울특별시 송파구청,송파경찰서,Y,6.0,6~15,2020-02-20,3230000.0,서울특별시 송파구,0,4.0
2019,20191023,야,수,1,0,0,0,0,서울,송파구,차대사람,기타,기타,안전운전 의무 불이행,단일로,기타단일로,승용차,보행자,966274.0,1946295.0,127.11836399999999,37.51532571,유치원,수정유치원,서울특별시 송파구 위례성대로 28,서울특별시 송파구 방이2동 45-4,37.51597328,127.1153126,서울특별시 송파구청,송파경찰서,Y,1.0,4~6,2020-02-20,3230000.0,서울특별시 송파구,0,9.0
2019,20191024,야,목,1,0,0,0,0,서울,영등포구,차대사람,기타,기타,과속,단일로,기타단일로,승용차,보행자,949231.0,1947566.0,126.92542879999999,37.52600092,,,,,,,,,,,,,,,,
2019,20191025,주,금,1,16,5,8,3,서울,송파구,차대차,측면충돌,측면충돌,신호위반,교차로,교차로내,승합차,승용차,968157.0,1945366.0,127.1397115,37.50701911,초등학교,거여초등학교,서울특별시 송파구 마천로25길 18,서울특별시 송파구 오금동 108-1,37.50516942,127.1409872,서울특별시 송파구청,송파경찰서,Y,3.0,7~12,2020-02-20,3230000.0,서울특별시 송파구,2017-06-23,10.0
2019,20191025,주,금,1,16,5,8,3,서울,송파구,차대차,측면충돌,측면충돌,신호위반,교차로,교차로내,승합차,승용차,968157.0,1945366.0,127.1397115,37.50701911,유치원,거여병설유치원,서울특별시 송파구 마천로25길 18,서울특별시 송파구 오금동 108-1,37.50516942,127.1409872,서울특별시 송파구청,송파경찰서,Y,4.0,7~12,2020-02-20,3230000.0,서울특별시 송파구,0,10.0
2019,20191026,주,토,1,0,0,0,0,서울,서대문구,차대사람,차도통행중,차도통행중,안전운전 의무 불이행,단일로,기타단일로,승합차,보행자,951056.0,1954390.0,126.94562659999998,37.58760538,,,,,,,,,,,,,,,,
2019,20191028,야,월,1,0,0,0,0,서울,강서구,차대사람,차도통행중,차도통행중,안전운전 의무 불이행,교차로,교차로부근,승용차,보행자,939579.0,1950568.0,126.81595300000001,37.55247591,,,,,,,,,,,,,,,,
2019,20191028,주,월,1,2,0,2,0,서울,강서구,차대차,측면충돌,측면충돌,과속,교차로,교차로내,승용차,승용차,938629.0,1952810.0,126.80501070000001,37.57262005,초등학교,개화초등학교,서울특별시 강서구 양천로 11 (방화동),,37.57394274,126.80466409999998,서울특별시 강서구청,강서경찰서,Y,2.0,20,2020-01-01,3150000.0,서울특별시 강서구,2017-10-20,97.0
2019,20191030,주,수,1,0,0,0,0,서울,중랑구,차대사람,횡단중,횡단중,안전운전 의무 불이행,교차로,교차로내,승합차,보행자,962858.0,1957313.0,127.07915190000001,37.61450329,유치원,미림유치원,서울특별시 중랑구 공릉로 65,서울특별시 중랑구 묵1동 162-1,37.61646036,127.0793223,서울특별시 중랑구청,중랑경찰서,Y,,,2020-03-04,3060000.0,서울특별시 중랑구,0,9.0
2019,20191030,야,수,1,0,0,0,0,서울,관악구,차대사람,횡단중,횡단중,안전운전 의무 불이행,교차로,교차로내,화물차,보행자,948187.0,1943020.3,126.9139344,37.48497161,유치원,건영유치원,서울특별시 관악구 조원로 114,,37.484844,126.91490800000001,서울특별시 관악구청,서울관악경찰서,Y,3.0,6~12,2020-05-31,3200000.0,서울특별시 관악구,0,97.0
2019,20191030,야,수,1,0,0,0,0,서울,관악구,차대사람,횡단중,횡단중,안전운전 의무 불이행,교차로,교차로내,화물차,보행자,948187.0,1943020.3,126.9139344,37.48497161,어린이집,구립새빛어린이집,서울특별시 관악구 신사로10길 29,,37.486319200000004,126.9151491,서울특별시 관악구청,서울관악경찰서,Y,2.0,6,2020-05-31,3200000.0,서울특별시 관악구,0,10.0
2019,20191101,주,금,1,0,0,0,0,서울,성북구,차량단독,공작물충돌,공작물충돌,안전운전 의무 불이행,교차로,교차로부근,건설기계,없음,956335.0,1957582.0,127.00522749999999,37.6166411,유치원,개동유치원,서울특별시 성북구 보국문로 143,서울특별시 성북구 정릉동 771-3,37.615795500000004,127.0049727,서울특별시 성북구청,서울특별시 성북경찰서,Y,1.0,,2020-02-28,3070000.0,서울특별시 성북구,0,10.0
2019,20191101,야,금,1,1,1,0,0,서울,강남구,차대차,추돌,추돌,안전운전 의무 불이행,단일로,기타단일로,이륜차,승용차,962801.0,1944513.0,127.0791554,37.49913029,초등학교,대진초등학교,서울특별시 강남구 개포로109길 74,,37.497027,127.07807849999999,서울특별시 강남구청,수서경찰서,Y,3.0,9,2020-06-24,3220000.0,서울특별시 강남구,0,97.0
2019,20191102,주,토,1,0,0,0,0,서울,서대문구,차대사람,횡단중,횡단중,안전운전 의무 불이행,단일로,기타단일로,승용차,보행자,951135.0,1954901.0,126.94648719999999,37.59221527,초등학교,인왕초등학교,서울특별시 서대문구 세무서길 33-9,서울특별시 서대문구 홍제3동 245-1,37.590337,126.945194,서울특별시 서대문구청,서울특별시 서대문경찰서,Y,5.0,13~15,2019-03-04,3120000.0,서울특별시 서대문구,0,95.0
2019,20191102,주,토,1,0,0,0,0,서울,서대문구,차대사람,횡단중,횡단중,안전운전 의무 불이행,단일로,기타단일로,승용차,보행자,951135.0,1954901.0,126.94648719999999,37.59221527,초등학교,홍제초등학교,서울특별시 서대문구 홍은중앙로13,서울특별시 서대문구 홍은1동 48,37.59292,126.94455500000001,서울특별시 서대문구청,서울특별시 서대문경찰서,Y,3.0,5~17,2019-03-04,3120000.0,서울특별시 서대문구,0,95.0
2019,20191102,주,토,1,0,0,0,0,서울,서대문구,차대사람,횡단중,횡단중,안전운전 의무 불이행,단일로,기타단일로,승용차,보행자,951135.0,1954901.0,126.94648719999999,37.59221527,유치원,인왕초교(병설)유치원,서울특별시 서대문구 세무서길 33-9,서울특별시 서대문구 홍제3동 245-1,37.590337,126.945194,서울특별시 서대문구청,서울특별시 서대문경찰서,Y,1.0,13~15,2019-03-04,3120000.0,서울특별시 서대문구,0,95.0
2019,20191102,주,토,1,0,0,0,0,서울,서대문구,차대사람,횡단중,횡단중,안전운전 의무 불이행,단일로,기타단일로,승용차,보행자,951135.0,1954901.0,126.94648719999999,37.59221527,유치원,홍제초교(병설)유치원,서울특별시 서대문구 홍은중앙로13,서울특별시 서대문구 홍은1동 48,37.59292,126.94455500000001,서울특별시 서대문구청,서울특별시 서대문경찰서,Y,1.0,5~17,2019-03-04,3120000.0,서울특별시 서대문구,0,95.0
2019,20191105,야,화,1,0,0,0,0,서울,강서구,차대사람,기타,기타,안전운전 의무 불이행,단일로,기타단일로,승합차,보행자,939423.0,1953653.0,126.81393200000001,37.58027052,,,,,,,,,,,,,,,,
2019,20191108,야,금,1,0,0,0,0,서울,구로구,차대사람,횡단중,횡단중,보행자 보호의무 위반,단일로,기타단일로,화물차,보행자,943379.0,1943955.0,126.85948130000001,37.49311389,유치원,미림유치원,서울특별시 구로구 개봉로18길 37,,37.490828,126.857951,서울특별시 구로구청,구로경찰서,Y,,,2019-10-28,3160000.0,서울특별시 구로구,0,9.0
2019,20191109,주,토,1,0,0,0,0,서울,관악구,차대사람,횡단중,횡단중,안전운전 의무 불이행,교차로,교차로부근,건설기계,보행자,949331.0,1943801.0,126.92681999999999,37.49207172,특수학교,새롬학교,서울특별시 관악구 보라매로 44,,37.493126000000004,126.92736699999999,서울특별시 관악구청,서울관악경찰서,Y,2.0,20,2020-05-31,3200000.0,서울특별시 관악구,0,98.0
2019,20191115,야,금,1,1,1,0,0,서울,서초구,차대사람,기타,기타,안전운전 의무 불이행,단일로,지하차도(도로)내,화물차,보행자,954521.0,1945254.0,126.9854384,37.505438299999994,,,,,,,,,,,,,,,,
2019,20191115,야,금,1,0,0,0,0,서울,송파구,차대차,기타,기타,안전운전 의무 불이행,단일로,기타단일로,승용차,승용차,966009.0,1947547.0,127.1153075,37.52660079,초등학교,풍성초등학교,서울특별시 송파구 강동대로 62,서울특별시 송파구 풍납2동 388-8,37.52655192,127.11441940000002,서울특별시 송파구청,송파경찰서,Y,3.0,20,2020-02-20,3230000.0,서울특별시 송파구,2017-06-21,10.0
2019,20191115,야,금,1,0,0,0,0,서울,송파구,차대차,기타,기타,안전운전 의무 불이행,단일로,기타단일로,승용차,승용차,966009.0,1947547.0,127.1153075,37.52660079,유치원,동화나라유치원,서울특별시 송파구 강동대로3길 23,서울특별시 송파구 풍납2동 238-2,37.52881786,127.115429,서울특별시 송파구청,송파경찰서,Y,1.0,7~8,2020-02-20,3230000.0,서울특별시 송파구,0,9.0
2019,20191115,야,금,1,0,0,0,0,서울,송파구,차대차,기타,기타,안전운전 의무 불이행,단일로,기타단일로,승용차,승용차,966009.0,1947547.0,127.1153075,37.52660079,어린이집,열매어린이집,서울특별시 송파구 올림픽로47길 9,서울특별시 송파구 풍납2동 401-1,37.52741692,127.1180409,서울특별시 송파구청,송파경찰서,Y,1.0,6,2020-02-20,3230000.0,서울특별시 송파구,0,6.0
2019,20191115,야,금,1,0,0,0,0,서울,송파구,차대차,기타,기타,안전운전 의무 불이행,단일로,기타단일로,승용차,승용차,966009.0,1947547.0,127.1153075,37.52660079,어린이집,풍납어린이집,서울특별시 송파구 토성로 60,서울특별시 송파구 풍납2동 403-4,37.5288075,127.11655400000001,서울특별시 송파구청,송파경찰서,Y,1.0,15~25,2020-02-20,3230000.0,서울특별시 송파구,0,6.0
2019,20191116,야,토,1,0,0,0,0,서울,송파구,차대차,기타,기타,신호위반,교차로,교차로내,이륜차,승용차,963997.0,1945891.0,127.0926184,37.51159822,,,,,,,,,,,,,,,,
2019,20191116,야,토,1,0,0,0,0,서울,강북구,차대차,기타,기타,신호위반,단일로,기타단일로,이륜차,승합차,958391.0,1959629.0,127.02840690000001,37.63518644,,,,,,,,,,,,,,,,
2019,20191121,야,목,1,1,0,1,0,서울,강남구,차대차,정면충돌,정면충돌,신호위반,교차로,교차로부근,이륜차,승용차,959598.3,1944870.8,127.04290359999999,37.50222064,,,,,,,,,,,,,,,,
2019,20191121,주,목,1,0,0,0,0,서울,영등포구,차대사람,기타,기타,신호위반,단일로,기타단일로,승용차,보행자,946823.0,1947955.0,126.89814969999999,37.5293713,,,,,,,,,,,,,,,,
2019,20191125,야,월,1,0,0,0,0,서울,송파구,차량단독,공작물충돌,공작물충돌,안전운전 의무 불이행,단일로,교량위,승용차,없음,963907.0,1947323.0,127.0915297,37.52450191,,,,,,,,,,,,,,,,
2019,20191127,야,수,1,0,0,0,0,서울,서초구,차대차,추돌,추돌,안전운전 의무 불이행,단일로,기타단일로,이륜차,화물차,957698.0,1942719.2,127.0215284,37.48274234,초등학교,서일초등학교,서울특별시 서초구 남부순환로339길 38,서울특별시 서초구 서초1동 1436-8,37.4851011,127.02227309999999,서울시 서초구,서초경찰서,Y,1.0,5,2019-06-03,3210000.0,서울특별시 서초구,2017-11-15,98.0
2019,20191201,야,일,1,1,0,1,0,서울,강동구,차대차,기타,기타,중앙선 침범,단일로,기타단일로,이륜차,승용차,966508.0,1949005.0,127.12088829999999,37.53976062,,,,,,,,,,,,,,,,
2019,20191201,야,일,1,0,0,0,0,서울,마포구,차대사람,차도통행중,차도통행중,과속,단일로,기타단일로,승용차,보행자,947974.0,1950059.0,126.91102679999999,37.54840059,,,,,,,,,,,,,,,,
2019,20191203,주,화,1,0,0,0,0,서울,동대문구,차대차,측면충돌,측면충돌,중앙선 침범,단일로,기타단일로,승용차,이륜차,961052.0,1955093.0,127.05880729999998,37.59441915,유치원,젬마유치원,서울특별시 동대문구 이문로12길 20,서울특별시 동대문구 이문동 321-31,37.59294179999999,127.0594186,서울특별시 동대문구청,동대문경찰서,Y,1.0,,2019-11-25,3050000.0,서울특별시 동대문구,0,6.0
2019,20191203,주,화,1,0,0,0,0,서울,동대문구,차대차,측면충돌,측면충돌,중앙선 침범,단일로,기타단일로,승용차,이륜차,961052.0,1955093.0,127.05880729999998,37.59441915,유치원,동안유치원,서울특별시 동대문구 회기로25길 67,서울특별시 동대문구 이문동 346-99,37.59253942,127.0568457,서울특별시 동대문구청,동대문경찰서,Y,1.0,,2019-11-25,3050000.0,서울특별시 동대문구,0,9.0
2019,20191203,야,화,1,0,0,0,0,서울,관악구,차대사람,차도통행중,차도통행중,안전운전 의무 불이행,단일로,기타단일로,승용차,보행자,949957.1,1943202.2,126.933943,37.48670874,어린이집,아뜰어린이집,서울특별시 관악구 봉천로23다길 23,서울특별시 관악구 봉천동 965-1,37.48750132,126.9369662,서울특별시 관악구청,서울관악경찰서,Y,1.0,6,2020-05-31,3200000.0,서울특별시 관악구,0,17.0
2019,20191203,야,화,1,0,0,0,0,서울,성동구,차대사람,기타,기타,안전운전 의무 불이행,단일로,기타단일로,승용차,보행자,960642.0,1950182.0,127.05442679999999,37.55013747,,,,,,,,,,,,,,,,
2019,20191204,주,수,1,0,0,0,0,서울,강서구,차대차,기타,기타,신호위반,교차로,교차로내,승합차,원동기장치자전거,939937.5,1950120.1,126.8200481,37.54846245,,,,,,,,,,,,,,,,
2019,20191207,야,토,1,0,0,0,0,서울,노원구,차대차,추돌,추돌,신호위반,교차로,교차로내,승용차,이륜차,962122.0,1960732.0,127.0706354,37.64528944,특수학교,동천학교,서울특별시 노원구 노원로18길 41,서울특별시 노원구 하계1동 288-1,37.64451398,127.07292530000001,노원구청,노원경찰서,Y,2.0,20,2020-07-14,3100000.0,서울특별시 노원구,0,97.0
2019,20191207,야,토,1,0,0,0,0,서울,노원구,차대차,추돌,추돌,신호위반,교차로,교차로내,승용차,이륜차,962122.0,1960732.0,127.0706354,37.64528944,어린이집,꿈동산어린이집,서울특별시 노원구 노원로22길 34,서울특별시 노원구 중계1동361-1,37.64735098,127.07177220000001,노원구청,노원경찰서,Y,1.0,12,2020-07-14,3100000.0,서울특별시 노원구,0,10.0
2019,20191207,야,토,1,0,0,0,0,서울,노원구,차대차,추돌,추돌,신호위반,교차로,교차로내,승용차,이륜차,962122.0,1960732.0,127.0706354,37.64528944,유치원,상원유치원,서울특별시 노원구 노원로19길 31,서울특별시 노원구 중계3동 511-2,37.64348576,127.06875459999999,노원구청,노원경찰서,Y,1.0,12~20,2020-07-14,3100000.0,서울특별시 노원구,0,96.0
2019,20191208,야,일,1,0,0,0,0,서울,서대문구,차량단독,전도,전도,안전운전 의무 불이행,단일로,기타단일로,이륜차,없음,950614.0,1955221.0,126.94056429999999,37.59507164,,,,,,,,,,,,,,,,
2019,20191209,야,월,1,0,0,0,0,서울,마포구,차대차,측면충돌,측면충돌,신호위반,단일로,기타단일로,화물차,이륜차,950533.0,1950075.0,126.9399942,37.54868575,,,,,,,,,,,,,,,,
2019,20191210,주,화,1,0,0,0,0,서울,성북구,차대사람,차도통행중,차도통행중,안전운전 의무 불이행,교차로,교차로부근,화물차,보행자,961353.0,1956989.0,127.06211670000002,37.61152096,,,,,,,,,,,,,,,,
2019,20191212,야,목,1,0,0,0,0,서울,용산구,차량단독,공작물충돌,공작물충돌,안전운전 의무 불이행,단일로,기타단일로,화물차,없음,955923.0,1947125.0,127.0011882,37.52237022,,,,,,,,,,,,,,,,
2019,20191212,주,목,1,0,0,0,0,서울,양천구,차대사람,기타,기타,과속,단일로,터널안,승용차,보행자,940873.0,1945447.0,126.83101429999999,37.50640427,,,,,,,,,,,,,,,,
2019,20191212,야,목,1,0,0,0,0,서울,서초구,차대사람,기타,기타,안전운전 의무 불이행,단일로,기타단일로,화물차,보행자,963540.0,1940474.0,127.08771589999999,37.46275441,,,,,,,,,,,,,,,,
2019,20191214,주,토,1,0,0,0,0,서울,성동구,차량단독,전도,전도,안전운전 의무 불이행,단일로,기타단일로,이륜차,없음,959661.0,1950828.0,127.04328570000001,37.55591763,,,,,,,,,,,,,,,,
2019,20191214,주,토,1,0,0,0,0,서울,성북구,차량단독,기타,기타,안전운전 의무 불이행,단일로,기타단일로,사륜오토바이(ATV),없음,959528.0,1957237.0,127.0414257,37.6136777,유치원,한마음유치원,서울특별시 성북구 월계로 124,,37.616168200000004,127.0411878,서울특별시 성북구청,서울특별시 종암경찰서,Y,1.0,,2020-02-28,3070000.0,서울특별시 성북구,0,97.0
2019,20191214,주,토,1,0,0,0,0,서울,성북구,차량단독,기타,기타,안전운전 의무 불이행,단일로,기타단일로,사륜오토바이(ATV),없음,959528.0,1957237.0,127.0414257,37.6136777,유치원,영천유치원,서울특별시 성북구 장위로 34,서울특별시 성북구 장위동 231-46,37.61412669,127.04045959999999,서울특별시 성북구청,서울특별시 종암경찰서,Y,1.0,,2020-02-28,3070000.0,서울특별시 성북구,0,10.0
2019,20191214,주,토,1,0,0,0,0,서울,성북구,차량단독,기타,기타,안전운전 의무 불이행,단일로,기타단일로,사륜오토바이(ATV),없음,959528.0,1957237.0,127.0414257,37.6136777,어린이집,도담어린이집,서울특별시 성북구 장위로20길 17-7,,37.6131154,127.04350120000001,서울특별시 성북구청,서울특별시 종암경찰서,Y,1.0,4,2020-02-28,3070000.0,서울특별시 성북구,0,10.0
2019,20191216,주,월,1,0,0,0,0,서울,강서구,차대차,기타,기타,신호위반,교차로,교차로부근,이륜차,승합차,944403.0,1950020.0,126.87060559999999,37.54784052,유치원,동연유치원,서울특별시 양천구 목동중앙북로7길 22,서울특별시 양천구 목3동 602-16,37.548809000000006,126.8677075,서울특별시 양천구청,양천경찰서,Y,3.0,6,2020-06-01,3140000.0,서울특별시 양천구,0,97.0
2019,20191216,주,월,1,0,0,0,0,서울,강서구,차대차,기타,기타,신호위반,교차로,교차로부근,이륜차,승합차,944403.0,1950020.0,126.87060559999999,37.54784052,유치원,신목유치원,서울특별시 양천구 목동중앙북로10길 7-10,서울특별시 양천구 목2동 504-12,37.546331,126.870203,서울특별시 양천구청,양천경찰서,Y,2.0,6,2020-06-01,3140000.0,서울특별시 양천구,0,97.0
2019,20191216,야,월,1,0,0,0,0,서울,관악구,차대차,측면충돌,측면충돌,신호위반,교차로,교차로내,이륜차,이륜차,951923.0,1943069.0,126.95618789999999,37.48561262,,,,,,,,,,,,,,,,
2019,20191217,야,화,1,0,0,0,0,서울,관악구,차대차,측면충돌,측면충돌,중앙선 침범,단일로,기타단일로,자전거,승용차,950385.0,1942872.0,126.93880520000002,37.48375565,어린이집,구립선봉어린이집,서울특별시 관악구 봉천로27길 20,,37.485147999999995,126.939675,서울특별시 관악구청,서울관악경찰서,Y,1.0,6,2020-05-31,3200000.0,서울특별시 관악구,0,97.0
2019,20191220,야,금,1,0,0,0,0,서울,구로구,차대사람,횡단중,횡단중,과속,단일로,기타단일로,승용차,보행자,942052.0,1944307.0,126.8444429,37.49620416,어린이집,세라핌어린이집,서울특별시 구로구 고척로18길 92,,37.497724,126.8450222,서울특별시 구로구청,구로경찰서,Y,,,2019-10-28,3160000.0,서울특별시 구로구,0,1.0
2019,20191220,야,금,1,0,0,0,0,서울,구로구,차대사람,횡단중,횡단중,과속,단일로,기타단일로,승용차,보행자,942052.0,1944307.0,126.8444429,37.49620416,초등학교,오류초등학교,서울특별시 구로구 경인로19길 39,,37.49752903,126.8420281,서울특별시 구로구청,구로경찰서,Y,,,2019-10-28,3160000.0,서울특별시 구로구,0,96.0
2019,20191220,야,금,1,0,0,0,0,서울,구로구,차대사람,횡단중,횡단중,과속,단일로,기타단일로,승용차,보행자,942052.0,1944307.0,126.8444429,37.49620416,유치원,준희유치원,서울특별시 구로구 경인로19길 8,,37.49605966,126.8428318,서울특별시 구로구청,구로경찰서,Y,,,2019-10-28,3160000.0,서울특별시 구로구,0,96.0
2019,20191220,야,금,1,0,0,0,0,서울,구로구,차대사람,횡단중,횡단중,과속,단일로,기타단일로,승용차,보행자,942052.0,1944307.0,126.8444429,37.49620416,어린이집,코레일오류동어린이집,서울특별시 구로구 경인로20가길 24,,37.49548271,126.84532990000001,서울특별시 구로구청,구로경찰서,Y,,,2019-10-28,3160000.0,서울특별시 구로구,0,96.0
2019,20191222,주,일,1,0,0,0,0,서울,서초구,차대사람,기타,기타,안전운전 의무 불이행,기타,기타,승용차,보행자,956366.0,1943685.0,127.0064056,37.49138547,,,,,,,,,,,,,,,,
2019,20191226,주,목,1,0,0,0,0,서울,은평구,차대차,측면충돌,측면충돌,신호위반,교차로,교차로내,승용차,이륜차,948775.0,1958970.0,126.91947079999998,37.62876092,,,,,,,,,,,,,,,,
2019,20191229,야,일,1,0,0,0,0,서울,동대문구,차대사람,횡단중,횡단중,과속,단일로,기타단일로,승용차,보행자,961409.9,1954638.0,127.0628854,37.5903332,,,,,,,,,,,,,,,,
2019,20191230,야,월,1,0,0,0,0,서울,관악구,차대사람,차도통행중,차도통행중,안전운전 의무 불이행,단일로,기타단일로,승용차,보행자,949345.0,1943932.0,126.9269693,37.49325322,특수학교,새롬학교,서울특별시 관악구 보라매로 44,,37.493126000000004,126.92736699999999,서울특별시 관악구청,서울관악경찰서,Y,2.0,20,2020-05-31,3200000.0,서울특별시 관악구,0,98.0
2019,20191231,야,화,1,0,0,0,0,서울,서초구,차대차,측면충돌,측면충돌,안전운전 의무 불이행,단일로,기타단일로,승용차,이륜차,954355.0,1944739.0,126.9835923,37.50078826,,,,,,,,,,,,,,,,
2019,20191231,야,화,1,0,0,0,0,서울,강남구,차대사람,차도통행중,차도통행중,안전운전 의무 불이행,교차로,교차로부근,화물차,보행자,964440.0,1943029.0,127.0977693,37.48581892,유치원,반디유치원,서울특별시 강남구 광평로47길 17,,37.48790982,127.09818670000001,서울특별시 강남구청,수서경찰서,Y,2.0,9.6,2020-06-24,3220000.0,서울특별시 강남구,0,7.0
2019,20191231,야,화,1,0,0,0,0,서울,강남구,차대사람,차도통행중,차도통행중,안전운전 의무 불이행,교차로,교차로부근,화물차,보행자,964440.0,1943029.0,127.0977693,37.48581892,어린이집,수서어린이집,서울특별시 강남구 광평로 242,,37.486135,127.09905400000001,서울특별시 강남구청,수서경찰서,Y,1.0,8,2020-06-24,3220000.0,서울특별시 강남구,0,12.0
