,연번,시도,지자체,설치위치(학교),설치일자,재원,구분,사업주체기관,유지보수일자,비고,학교이름,주소
0,1,서울특별시,성북구,길원초등학교(A),2015-03-30,삼성카드 열린나눔,국제아동인권센터,국제아동인권센터,,,길원초등학교,서울 성북구 길음로15길 55
1,2,서울특별시,성북구,길원초등학교(B),2015-03-31,삼성카드 열린나눔,국제아동인권센터,국제아동인권센터,,,길원초등학교,서울 성북구 길음로15길 55
2,7,서울특별시,성북구,개운초등학교,2015-09-08,바보의나눔 지정기탁사업,국제아동인권센터,국제아동인권센터,,,개운초등학교,서울 성북구 정릉로48길 52
3,8,서울특별시,중구,광희초등학교(A),2015-09-14,바보의나눔 지정기탁사업,국제아동인권센터,국제아동인권센터,,,광희초등학교,서울 중구 다산로 269
4,9,서울특별시,중구,광희초등학교(B),2015-09-14,바보의나눔 지정기탁사업,국제아동인권센터,국제아동인권센터,,,광희초등학교,서울 중구 다산로 269
5,10,서울특별시,중구,남산초등학교,2015-09-14,바보의나눔 지정기탁사업,국제아동인권센터,국제아동인권센터,,,남산초등학교,서울 중구 퇴계로22길 17
6,11,서울특별시,중구,덕수초등학교(A),2015-09-14,바보의나눔 지정기탁사업,국제아동인권센터,국제아동인권센터,2018-11-06,"DB손해보험, 서울남부지역본부",덕수초등학교,서울 중구 덕수궁길 140
7,12,서울특별시,중구,덕수초등학교(B),2015-09-14,바보의나눔 지정기탁사업,국제아동인권센터,국제아동인권센터,,,덕수초등학교,서울 중구 덕수궁길 140
8,13,서울특별시,중구,봉래초등학교,2015-09-14,바보의나눔 지정기탁사업,국제아동인권센터,국제아동인권센터,,,봉래초등학교,서울 중구 손기정로 73
9,14,서울특별시,중구,신당초등학교(A),2015-09-14,바보의나눔 지정기탁사업,국제아동인권센터,국제아동인권센터,2018-11-06,"DB손해보험, 서울남부지역본부",신당초등학교,서울 중구 난계로 141
10,15,서울특별시,중구,신당초등학교(B),2015-09-14,바보의나눔 지정기탁사업,국제아동인권센터,국제아동인권센터,2018-11-06,"DB손해보험, 서울남부지역본부",신당초등학교,서울 중구 난계로 141
11,16,서울특별시,중구,신당초등학교(C),2015-09-14,바보의나눔 지정기탁사업,국제아동인권센터,국제아동인권센터,,,신당초등학교,서울 중구 난계로 141
12,17,서울특별시,중구,장충초등학교,2015-09-14,바보의나눔 지정기탁사업,국제아동인권센터,국제아동인권센터,,,장충초등학교,서울 중구 청구로17길 40
13,18,서울특별시,중구,청구초등학교(A),2015-09-14,바보의나눔 지정기탁사업,국제아동인권센터,국제아동인권센터,2018-11-06,"DB손해보험, 서울남부지역본부",청구초등학교,서울 중구 다산로 170
14,19,서울특별시,중구,충무초등학교,2015-09-14,바보의나눔 지정기탁사업,국제아동인권센터,국제아동인권센터,,,충무초등학교,서울 중구 퇴계로50길 13
15,20,서울특별시,중구,흥인초등학교(A),2015-09-14,바보의나눔 지정기탁사업,국제아동인권센터,국제아동인권센터,2018-11-06,"DB손해보험, 서울남부지역본부",흥인초등학교,서울 중구 청구로6길 11
16,21,서울특별시,중구,흥인초등학교(B),2015-09-14,바보의나눔 지정기탁사업,국제아동인권센터,국제아동인권센터,2018-11-06,"DB손해보험, 서울남부지역본부",흥인초등학교,서울 중구 청구로6길 11
17,22,서울특별시,중구,청구초등학교(B),2015-09-14,바보의나눔 지정기탁사업,국제아동인권센터,국제아동인권센터,2018-11-06,"DB손해보험, 서울남부지역본부",청구초등학교,서울 중구 다산로 170
18,49,서울특별시,종로구,하비에르 국제학교,2016-05-02,정부보조금(서울특별시),국제아동인권센터,국제아동인권센터,,,하비에르,서울 종로구 비봉길 23
19,52,서울특별시,은평구,은명초등학교,2016-05-18,정부보조금(서울특별시),국제아동인권센터,국제아동인권센터,,,은명초등학교,서울 은평구 은평로4길 21-9
20,53,서울특별시,마포구,중동초등학교,2016-05-18,정부보조금(서울특별시),국제아동인권센터,국제아동인권센터,,,중동초등학교,서울 마포구 월드컵북로 152
21,54,서울특별시,영등포구,영원초등학교,2016-05-18,정부보조금(서울특별시),국제아동인권센터,국제아동인권센터,,,영원초등학교,서울 영등포구 도영로22길 31
22,55,서울특별시,송파구,문정초등학교,2016-05-18,정부보조금(서울특별시),국제아동인권센터,국제아동인권센터,,,문정초등학교,서울 송파구 문정로5길 20
23,56,서울특별시,동작구,삼일초등학교,2016-05-19,정부보조금(동작구청),국제아동인권센터,국제아동인권센터,,,삼일초등학교,서울 동작구 사당로23나길 27
24,57,서울특별시,동작구,남성초등학교,2016-05-20,정부보조금(동작구청),국제아동인권센터,국제아동인권센터,,,남성초등학교,서울 동작구 사당로23길 57-14
25,58,서울특별시,동작구,영본초등학교,2016-05-20,정부보조금(동작구청),국제아동인권센터,국제아동인권센터,,,영본초등학교,서울 동작구 만양로12가길 69
26,59,서울특별시,동작구,본동초등학교,2016-05-20,정부보조금(동작구청),국제아동인권센터,국제아동인권센터,,,본동초등학교,서울 동작구 노량진로26길 16-40
27,60,서울특별시,동작구,신길초등학교,2016-05-20,정부보조금(동작구청),국제아동인권센터,국제아동인권센터,,,신길초등학교,서울 동작구 알마타길 16
28,61,서울특별시,동작구,동작초등학교,2016-05-20,정부보조금(동작구청),국제아동인권센터,국제아동인권센터,,,동작초등학교,서울 동작구 동작대로29길 214
29,62,서울특별시,동작구,신남성초등학교,2016-05-20,정부보조금(동작구청),국제아동인권센터,국제아동인권센터,,,신남성초등학교,서울 동작구 사당로 146
30,63,서울특별시,동작구,보라매초등학교,2016-05-20,정부보조금(동작구청),국제아동인권센터,국제아동인권센터,,,보라매초등학교,서울 동작구 여의대방로16길 30
31,64,서울특별시,동작구,행림초등학교,2016-05-23,정부보조금(동작구청),국제아동인권센터,국제아동인권센터,,,행림초등학교,서울 동작구 솔밭로 47
32,65,서울특별시,동작구,은로초등학교,2016-05-23,정부보조금(동작구청),국제아동인권센터,국제아동인권센터,,,은로초등학교,서울 동작구 서달로 115
33,68,서울특별시,서초구,양재초등학교(A),2016-05-27,정부보조금(서울특별시),국제아동인권센터,국제아동인권센터,,,양재초등학교,서울 서초구 바우뫼로18길 14
34,69,서울특별시,서초구,양재초등학교(B),2016-05-27,기아자동차,국제아동인권센터,국제아동인권센터,,,양재초등학교,서울 서초구 바우뫼로18길 14
35,70,서울특별시,서초구,서래초등학교,2016-05-27,기아자동차,국제아동인권센터,국제아동인권센터,,,서래초등학교,서울 서초구 방배로 260
36,71,서울특별시,서초구,서일초등학교,2016-05-27,기아자동차,국제아동인권센터,국제아동인권센터,2018-11-15,"DB손해보험, 서울남부지역본부",서일초등학교,서울 서초구 남부순환로339길 38
37,72,서울특별시,강남구,도성초등학교,2016-05-27,기아자동차,국제아동인권센터,국제아동인권센터,2018-11-12,"DB손해보험, 서울남부지역본부",도성초등학교,서울 강남구 역삼로 313
38,73,서울특별시,강남구,개일초등학교,2016-05-27,기아자동차,국제아동인권센터,국제아동인권센터,,,개일초등학교,서울 강남구 개포로 401
39,74,서울특별시,강남구,언북초등학교,2016-05-27,기아자동차,국제아동인권센터,국제아동인권센터,2018-11-12,"DB손해보험, 서울남부지역본부",언북초등학교,서울 강남구 삼성로135길 42
40,79,서울특별시,광진구,구남초등학교,2016-06-07,정부보조금(서울특별시),국제아동인권센터,국제아동인권센터,2018-10-30,"DB손해보험, 서울남부지역본부",구남초등학교,서울 광진구 구의강변로 69
41,80,서울특별시,중랑구,중랑초등학교,2016-06-07,정부보조금(서울특별시),국제아동인권센터,국제아동인권센터,2018-11-13,"DB손해보험, 서울남부지역본부",중랑초등학교,서울 중랑구 봉우재로6길 26
42,81,서울특별시,서대문구,고은초등학교,2016-06-07,정부보조금(서울특별시),국제아동인권센터,국제아동인권센터,2018-11-18,"DB손해보험, 서울남부지역본부",고은초등학교,서울 서대문구 모래내로 441
43,82,서울특별시,양천구,계남초등학교,2016-06-07,정부보조금(서울특별시),국제아동인권센터,국제아동인권센터,2018-09-30,한국공항공사재원,계남초등학교,서울 양천구 목동동로2길 54
44,83,서울특별시,구로구,온수초등학교,2016-06-07,정부보조금(서울특별시),국제아동인권센터,국제아동인권센터,,,온수초등학교,서울 구로구 부일로 893
45,84,서울특별시,금천구,문교초등학교,2016-06-07,정부보조금(서울특별시),국제아동인권센터,국제아동인권센터,,,문교초등학교,서울 금천구 독산로54길 102
46,85,서울특별시,관악구,신우초등학교,2016-06-07,정부보조금(서울특별시),국제아동인권센터,국제아동인권센터,,,신우초등학교,서울 관악구 호암로 498
47,86,서울특별시,강남구,영희초등학교,2016-06-07,정부보조금(서울특별시),국제아동인권센터,국제아동인권센터,,,영희초등학교,서울 강남구 일원로 21
48,87,서울특별시,강동구,성일초등학교,2016-06-07,정부보조금(서울특별시),국제아동인권센터,국제아동인권센터,,,성일초등학교,서울 강동구 성내로15길 33
49,88,서울특별시,동대문구,홍파초등학교,2016-06-08,정부보조금(서울특별시),국제아동인권센터,국제아동인권센터,,,홍파초등학교,서울 동대문구 고산자로 518
50,89,서울특별시,금천구,금천초등학교,2016-06-08,기아자동차,국제아동인권센터,국제아동인권센터,,,금천초등학교,서울 금천구 탑골로5길 60
51,90,서울특별시,금천구,신흥초등학교,2016-06-08,기아자동차,국제아동인권센터,국제아동인권센터,,,신흥초등학교,서울 금천구 독산로36나길 21
52,91,서울특별시,금천구,백산초등학교,2016-06-08,기아자동차,국제아동인권센터,국제아동인권센터,,,백산초등학교,서울 금천구 시흥대로38길 78
53,92,서울특별시,도봉구,방학초등학교,2016-06-09,정부보조금(서울특별시),국제아동인권센터,국제아동인권센터,,,방학초등학교,서울 도봉구 도당로9길 34
54,93,서울특별시,강서구,탑산초등학교,2016-06-09,정부보조금(서울특별시),국제아동인권센터,국제아동인권센터,,,탑산초등학교,서울 강서구 허준로 109
55,95,서울특별시,성북구,정릉초등학교,2016-06-14,정부보조금(서울특별시),국제아동인권센터,국제아동인권센터,,,정릉초등학교,서울 성북구 솔샘로25가길 8
56,96,서울특별시,노원구,선곡초등학교,2016-06-14,정부보조금(서울특별시),국제아동인권센터,국제아동인권센터,,,선곡초등학교,서울 노원구 광운로2길 1
57,107,서울특별시,마포구,공덕초등학교,2016-07-11,정부보조금(마포구청),국제아동인권센터,국제아동인권센터,2016-10-20,3m 예산,공덕초등학교,서울 마포구 만리재옛길 13
58,108,서울특별시,성북구,안암초등학교,2016-07-15,DB손해보험,어린이재단,서울남부지역본부,,,안암초등학교,서울 성북구 고려대로7가길 39
59,116,서울특별시,서초구,서초초등학교,2016-09-05,DB손해보험,어린이재단,서울남부지역본부,2018-11-02,"DB손해보험, 서울남부지역본부",서초초등학교,서울 서초구 서운로 178
60,117,서울특별시,서초구,서원초등학교,2016-09-05,DB손해보험,어린이재단,서울남부지역본부,,,서원초등학교,서울 서초구 고무래로 63
61,118,서울특별시,서초구,잠원초등학교,2016-09-05,DB손해보험,어린이재단,서울남부지역본부,,,잠원초등학교,서울 서초구 신반포로16길 15-25
62,119,서울특별시,노원구,온곡초등학교,2016-09-12,DB손해보험,어린이재단,서울남부지역본부,,,온곡초등학교,서울 노원구 한글비석로52길 59
63,120,서울특별시,노원구,청계초등학교,2016-09-12,DB손해보험,어린이재단,서울남부지역본부,,,청계초등학교,서울 노원구 공릉로 431
64,121,서울특별시,노원구,한천초등학교,2016-09-12,DB손해보험,어린이재단,서울남부지역본부,,,한천초등학교,서울 노원구 마들로 45
65,123,서울특별시,성북구,안암초등학교,2016-09-21,DB손해보험,어린이재단,서울남부지역본부,,,안암초등학교,서울 성북구 고려대로7가길 39
66,124,서울특별시,성동구,금호초등학교,2016-09-21,DB손해보험,어린이재단,서울남부지역본부,,,금호초등학교,서울 성동구 무수막길 69
67,126,서울특별시,마포구,염리초등학교,2016-09-27,DB손해보험,어린이재단,서울남부지역본부,,,염리초등학교,서울 마포구 토정로37길 37
68,127,서울특별시,용산구,보광초등학교,2016-09-29,KDB생명,어린이재단,서울북부지역본부,,,보광초등학교,서울 용산구 우사단로 20
69,128,서울특별시,용산구,금양초등학교,2016-09-29,KDB생명,어린이재단,서울북부지역본부,,,금양초등학교,서울 용산구 효창원로 137
70,129,서울특별시,용산구,청파초등학교,2016-09-29,KDB생명,어린이재단,서울북부지역본부,,,청파초등학교,서울 용산구 효창원로 228
71,130,서울특별시,양천구,강신초등학교,2016-09-30,정부보조금(양천구청),국제아동인권센터,국제아동인권센터,,,강신초등학교,서울 양천구 월정로 280
72,134,서울특별시,양천구,갈산초등학교,2016-10-06,정부보조금(양천구청),국제아동인권센터,국제아동인권센터,,,갈산초등학교,서울 양천구 목동로 31
73,135,서울특별시,서대문구,금화초등학교,2016-10-07,다우케미컬,어린이재단,서울남부지역본부,,,금화초등학교,서울 서대문구 통일로 165
74,136,서울특별시,서대문구,홍연초등학교,2016-10-07,다우케미컬,어린이재단,서울남부지역본부,2018-11-15,"DB손해보험, 서울남부지역본부",홍연초등학교,서울 서대문구 백련사길 55
75,137,서울특별시,서대문구,안산초등학교,2016-10-07,다우케미컬,어린이재단,서울남부지역본부,,,안산초등학교,서울 서대문구 통일로 321
76,139,서울특별시,금천구,가산초등학교,2016-10-10,정부보조금(독산1동 주민센터),국제아동인권센터,국제아동인권센터,,,가산초등학교,서울 금천구 남부순환로 1304-11
77,140,서울특별시,금천구,두산초등학교,2016-10-10,정부보조금(독산1동 주민센터),국제아동인권센터,국제아동인권센터,2018-11-02,"DB손해보험, 서울남부지역본부",두산초등학교,서울 금천구 범안로11길 3
78,146,서울특별시,마포구,아현초등학교,2016-10-12,3M,국제아동인권센터,국제아동인권센터,,,아현초등학교,서울 마포구 굴레방로 6
79,150,서울특별시,은평구,증산초등학교,2016-10-17,DB손해보험,어린이재단,서울남부지역본부,,,증산초등학교,서울 은평구 증산서길 61
80,151,서울특별시,은평구,상신초등학교,2016-10-17,DB손해보험,어린이재단,서울남부지역본부,,,상신초등학교,서울 은평구 가좌로 361
81,152,서울특별시,은평구,연신초등학교,2016-10-17,DB손해보험,어린이재단,서울남부지역본부,,,연신초등학교,서울 은평구 연서로 347
82,154,서울특별시,도봉구,쌍문초등학교,2016-10-18,DB손해보험,어린이재단,서울남부지역본부,,,쌍문초등학교,서울 도봉구 우이천로 360
83,155,서울특별시,성북구,길음초등학교,2016-10-18,DB손해보험,어린이재단,서울남부지역본부,,,길음초등학교,서울 성북구 길음로 142
84,156,서울특별시,성북구,청덕초등학교(B),2016-10-19,지자체 및 InCRC,국제아동인권센터,국제아동인권센터,,,청덕초등학교,서울 성북구 정릉로9라길 11
85,157,서울특별시,강서구,등촌초등학교,2016-10-19,DB손해보험,어린이재단,서울남부지역본부,2018-11-02,"DB손해보험, 서울남부지역본부",등촌초등학교,서울 강서구 등촌로39길 71
86,158,서울특별시,도봉구,창도초등학교,2016-10-19,DB손해보험,어린이재단,서울남부지역본부,,,창도초등학교,서울 도봉구 방학로 32-28
87,159,서울특별시,성북구,청덕초등학교(A),2016-10-19,DB손해보험,어린이재단,서울남부지역본부,,,청덕초등학교,서울 성북구 정릉로9라길 11
88,162,서울특별시,송파구,오금초등학교,2016-10-20,DB손해보험,어린이재단,서울남부지역본부,,,오금초등학교,서울 송파구 위례성대로22길 11
89,163,서울특별시,송파구,석촌초등학교,2016-10-20,DB손해보험,어린이재단,서울남부지역본부,,,석촌초등학교,서울 송파구 가락로11길 26
90,164,서울특별시,은평구,서신초등학교,2016-10-20,DB손해보험,어린이재단,서울남부지역본부,,,서신초등학교,서울 은평구 은평터널로 150
91,189,서울특별시,강남구,논현초등학교,2016-11-09,DB손해보험,어린이재단,서울남부지역본부,,,논현초등학교,서울 강남구 강남대로120길 33
92,190,서울특별시,강남구,영희초등학교,2016-11-09,DB손해보험,어린이재단,서울남부지역본부,2018-11-02,"DB손해보험, 서울남부지역본부",영희초등학교,서울 강남구 일원로 21
93,191,서울특별시,강남구,대왕초등학교,2016-11-09,DB손해보험,어린이재단,서울남부지역본부,,,대왕초등학교,서울 강남구 헌릉로618길 8
94,192,서울특별시,종로구,상명대부속초등학교,2016-11-10,DB손해보험,어린이재단,서울남부지역본부,,,상명대부속초등학교,서울 종로구 홍지문2길 1
95,193,서울특별시,성북구,숭례초등학교,2016-11-10,DB손해보험,어린이재단,서울남부지역본부,,,숭례초등학교,서울 성북구 종암로5길 14
96,197,서울특별시,노원구,연지초등학교,2016-11-14,DB손해보험,어린이재단,서울남부지역본부,,,연지초등학교,서울 노원구 월계로55길 48
97,200,서울특별시,종로구,창신초등학교,2016-11-16,DB손해보험,어린이재단,서울남부지역본부,,,창신초등학교,서울 종로구 지봉로 73
98,201,서울특별시,노원구,상원초등학교,2016-11-17,DB손해보험,어린이재단,서울남부지역본부,,,상원초등학교,서울 노원구 한글비석로54길 119
99,205,서울특별시,도봉구,월천초등학교,2016-11-21,DB손해보험,어린이재단,서울남부지역본부,2018-11-14,"DB손해보험, 서울남부지역본부",월천초등학교,서울 도봉구 노해로70길 96
100,206,서울특별시,도봉구,창림초등학교,2016-11-23,DB손해보험,어린이재단,서울남부지역본부,,,창림초등학교,서울 도봉구 덕릉로63길 46
101,207,서울특별시,도봉구,신학초등학교,2016-11-23,DB손해보험,어린이재단,서울남부지역본부,,,신학초등학교,서울 도봉구 방학로 247-21
102,208,서울특별시,도봉구,초당초등학교,2016-11-23,DB손해보험,어린이재단,서울남부지역본부,2018-11-14,"DB손해보험, 서울남부지역본부",초당초등학교,서울 도봉구 해등로32길 11
103,209,서울특별시,관악구,청룡초등학교,2016-11-24,DB손해보험,어린이재단,서울남부지역본부,,,청룡초등학교,서울 관악구 관악로5길 61
104,210,서울특별시,성북구,정수초등학교,2016-11-25,DB손해보험,어린이재단,서울남부지역본부,,,정수초등학교,서울 성북구 정릉로24길 58
105,217,서울특별시,종로구,독립문초등학교,2017-04-12,DB손해보험,어린이재단,서울남부지역본부,,,독립문초등학교,서울 종로구 통일로12길 23
106,218,서울특별시,종로구,효제초등학교,2017-04-12,DB손해보험,어린이재단,서울남부지역본부,,,효제초등학교,서울 종로구 대학로 12
107,219,서울특별시,종로구,서울사대부초등학교,2017-04-13,DB손해보험,어린이재단,서울남부지역본부,,,서울사대부초등학교,서울 종로구 대학로 64
108,220,서울특별시,종로구,청운초등학교,2017-04-13,DB손해보험,어린이재단,서울남부지역본부,,,청운초등학교,서울 종로구 자하문로 105
109,221,서울특별시,종로구,운현초등학교,2017-04-13,DB손해보험,어린이재단,서울남부지역본부,,,운현초등학교,서울 종로구 삼일대로 460
110,225,서울특별시,종로구,명신초등학교,2017-04-14,DB손해보험,어린이재단,서울남부지역본부,,,명신초등학교,서울 종로구 낙산길 250
111,226,서울특별시,종로구,혜화초등학교,2017-04-14,DB손해보험,어린이재단,서울남부지역본부,,,혜화초등학교,서울 종로구 혜화로 32
112,227,서울특별시,종로구,세검정초등학교,2017-04-14,DB손해보험,어린이재단,서울남부지역본부,,,세검정초등학교,서울 종로구 세검정로9길 1
113,232,서울특별시,동대문구,이문초등학교,2017-04-27,DB손해보험,어린이재단,서울남부지역본부,,,이문초등학교,서울 동대문구 신이문로 16
114,233,서울특별시,동대문구,휘봉초등학교,2017-04-27,DB손해보험,어린이재단,서울남부지역본부,,,휘봉초등학교,서울 동대문구 장안벚꽃로 309
115,234,서울특별시,동대문구,전농초등학교,2017-04-28,정부보조금(서울특별시),국제아동인권센터,국제아동인권센터,,,전농초등학교,서울 동대문구 사가정로 66
116,235,서울특별시,서대문구,홍은초등학교,2017-04-28,정부보조금(서울특별시),국제아동인권센터,국제아동인권센터,,,홍은초등학교,서울 서대문구 세검정로 105
117,236,서울특별시,서대문구,연가초등학교,2017-04-28,DB손해보험,어린이재단,서울남부지역본부,,,연가초등학교,서울 서대문구 증가로12가길 49-50
118,237,서울특별시,서대문구,북가좌초등학교,2017-04-28,DB손해보험,어린이재단,서울남부지역본부,,,북가좌초등학교,서울 서대문구 거북골로19길 20
119,238,서울특별시,영등포구,영림초등학교,2017-05-16,정부보조금(서울특별시),국제아동인권센터,국제아동인권센터,,,영림초등학교,서울 영등포구 시흥대로173길 14
120,239,서울특별시,노원구,용원초등학교(A),2017-05-18,DB손해보험,어린이재단,서울남부지역본부,,,용원초등학교,서울 노원구 섬밭로 144
121,240,서울특별시,노원구,용원초등학교(B),2017-05-18,DB손해보험,어린이재단,서울남부지역본부,,,용원초등학교,서울 노원구 섬밭로 144
122,241,서울특별시,노원구,월계초등학교,2017-05-18,DB손해보험,어린이재단,서울남부지역본부,,,월계초등학교,서울 노원구 월계로45가길 10
123,243,서울특별시,노원구,불암초등학교(A),2017-05-19,정부보조금(서울특별시),국제아동인권센터,국제아동인권센터,,,불암초등학교,서울 노원구 중계로 178
124,244,서울특별시,노원구,불암초등학교(B),2017-05-19,DB손해보험,어린이재단,서울남부지역본부,,,불암초등학교,서울 노원구 중계로 178
125,245,서울특별시,노원구,불암초등학교(C),2017-05-19,DB손해보험,어린이재단,서울남부지역본부,,,불암초등학교,서울 노원구 중계로 178
126,246,서울특별시,노원구,수락초등학교,2017-05-22,DB손해보험,어린이재단,서울남부지역본부,,,수락초등학교,서울 노원구 동일로 1745
127,248,서울특별시,영등포구,대동초등학교,2017-05-25,DB손해보험,어린이재단,서울남부지역본부,,,대동초등학교,서울 영등포구 대림로21길 6
128,249,서울특별시,광진구,신양초등학교,2017-05-26,DB손해보험,어린이재단,서울남부지역본부,2018-10-30,"DB손해보험, 서울남부지역본부",신양초등학교,서울 광진구 능동로 42
129,250,서울특별시,광진구,동자초등학교,2017-05-26,DB손해보험,어린이재단,서울남부지역본부,,,동자초등학교,서울 광진구 뚝섬로 561
130,251,서울특별시,광진구,성자초등학교,2017-05-26,DB손해보험,어린이재단,서울남부지역본부,,,성자초등학교,서울 광진구 뚝섬로56길 7
131,252,서울특별시,광진구,양남초등학교,2017-05-29,DB손해보험,어린이재단,서울남부지역본부,2018-10-30,"DB손해보험, 서울남부지역본부",양남초등학교,서울 광진구 뚝섬로64길 71
132,253,서울특별시,광진구,세종초등학교,2017-05-29,DB손해보험,어린이재단,서울남부지역본부,2018-11-11,"DB손해보험, 서울남부지역본부",세종초등학교,서울 광진구 군자로 114
133,254,서울특별시,광진구,장안초등학교,2017-05-29,DB손해보험,어린이재단,서울남부지역본부,2018-11-11,"DB손해보험, 서울남부지역본부",장안초등학교,서울 광진구 군자로 74
134,256,서울특별시,용산구,서빙고초등학교,2017-05-30,DB손해보험,어린이재단,서울남부지역본부,,,서빙고초등학교,서울 용산구 서빙고로51길 14
135,257,서울특별시,은평구,은진초등학교,2017-05-30,이마트,어린이재단,서울북부지역본부,,,은진초등학교,서울 은평구 진관1로 21-20
136,261,서울특별시,용산구,신용산초등학교,2017-06-02,DB손해보험,어린이재단,서울남부지역본부,,,신용산초등학교,서울 용산구 이촌로 255
137,262,서울특별시,은평구,연신초등학교,2017-06-03,정부보조금(서울특별시),국제아동인권센터,국제아동인권센터,,,연신초등학교,서울 은평구 연서로 347
138,263,서울특별시,구로구,오류남초등학교,2017-06-05,DB손해보험,어린이재단,서울남부지역본부,,,오류남초등학교,서울 구로구 서해안로24길 22
139,277,서울특별시,마포구,성산초등학교,2017-06-13,DB손해보험,어린이재단,서울남부지역본부,,,성산초등학교,서울 마포구 양화로3길 94
140,280,서울특별시,강동구,고덕초등학교,2017-06-14,정부보조금(서울특별시),국제아동인권센터,국제아동인권센터,,,고덕초등학교,서울 강동구 아리수로82길 42
141,281,서울특별시,강동구,명덕초등학교,2017-06-14,DB손해보험,어린이재단,서울남부지역본부,,,명덕초등학교,서울 강동구 양재대로156길 11
142,282,서울특별시,서초구,매헌초등학교,2017-06-14,삼성전자,어린이재단,서울북부지역본부,,,매헌초등학교,서울 서초구 언남길 8
143,283,서울특별시,서초구,서이초등학교,2017-06-14,삼성전자,어린이재단,서울북부지역본부,,,서이초등학교,서울 서초구 서운로 35
144,284,서울특별시,서초구,우암초등학교,2017-06-14,삼성전자,어린이재단,서울북부지역본부,,,우암초등학교,서울 서초구 바우뫼로7길 38
145,290,서울특별시,마포구,성원초등학교,2017-06-15,DB손해보험,어린이재단,서울남부지역본부,,,성원초등학교,서울 마포구 월드컵로36길 34
146,291,서울특별시,은평구,예일초등학교(A),2017-06-15,이마트,어린이재단,서울북부지역본부,,,예일초등학교,서울 은평구 연서로 117
147,292,서울특별시,은평구,예일초등학교(B),2017-06-15,이마트,어린이재단,서울북부지역본부,,,예일초등학교,서울 은평구 연서로 117
148,293,서울특별시,은평구,구산초등학교(A),2017-06-15,이마트,어린이재단,서울북부지역본부,,,구산초등학교,서울 은평구 서오릉로15길 16
149,294,서울특별시,은평구,구현초등학교,2017-06-15,이마트,어린이재단,서울북부지역본부,,,구현초등학교,서울 은평구 갈현로15길 51
150,295,서울특별시,은평구,상신초등학교(A),2017-06-15,이마트,어린이재단,서울북부지역본부,,,상신초등학교,서울 은평구 가좌로 361
151,296,서울특별시,동작구,강남초등학교,2017-06-16,정부보조금(서울특별시),국제아동인권센터,국제아동인권센터,2018-11-12,"DB손해보험, 서울남부지역본부",강남초등학교,서울 동작구 강남초등길 15
152,302,서울특별시,강동구,한산초등학교(A),2017-06-20,DB손해보험,어린이재단,서울남부지역본부,2018-11-01,"DB손해보험, 서울남부지역본부",한산초등학교,서울 강동구 풍성로 261
153,303,서울특별시,강동구,한산초등학교(B),2017-06-20,DB손해보험,어린이재단,서울남부지역본부,,,한산초등학교,서울 강동구 풍성로 261
154,307,서울특별시,송파구,풍성초등학교,2017-06-21,DB손해보험,어린이재단,서울남부지역본부,,,풍성초등학교,서울 송파구 강동대로2길 13
155,308,서울특별시,송파구,신가초등학교,2017-06-22,정부보조금(서울특별시),국제아동인권센터,국제아동인권센터,,,신가초등학교,서울 송파구 송이로 75
156,309,서울특별시,송파구,문현초등학교(A),2017-06-22,DB손해보험,어린이재단,서울남부지역본부,,,문현초등학교,서울 송파구 충민로 137
157,310,서울특별시,송파구,문현초등학교(B),2017-06-22,DB손해보험,어린이재단,서울남부지역본부,,,문현초등학교,서울 송파구 충민로 137
158,311,서울특별시,강서구,가양초등학교,2017-06-22,DB손해보험,어린이재단,서울남부지역본부,,,가양초등학교,서울 강서구 허준로 186
159,312,서울특별시,은평구,연천초등학교,2017-06-22,이마트,어린이재단,서울북부지역본부,,,연천초등학교,서울 은평구 연서로34길 22
160,313,서울특별시,은평구,신도초등학교(A),2017-06-22,이마트,어린이재단,서울북부지역본부,,,신도초등학교,서울 은평구 진관1로 77-23
161,314,서울특별시,은평구,선일초등학교,2017-06-22,이마트,어린이재단,서울북부지역본부,,,선일초등학교,서울 은평구 갈현로29길 27
162,315,서울특별시,은평구,녹번초등학교,2017-06-22,이마트,어린이재단,서울북부지역본부,,,녹번초등학교,서울 은평구 녹번로1길 1
163,317,서울특별시,송파구,거여초등학교,2017-06-23,DB손해보험,어린이재단,서울남부지역본부,,,거여초등학교,서울 송파구 마천로25길 18
164,322,서울특별시,동작구,대림초등학교,2017-06-29,DB손해보험,어린이재단,서울남부지역본부,,,대림초등학교,서울 동작구 대방동1길 22
165,331,서울특별시,양천구,강서초등학교(A),2017-07-12,한국공항공사,어린이재단,서울지역본부,2018-09-30,,강서초등학교,서울 양천구 오목로 31
166,339,서울특별시,도봉구,창일초등학교,2017-07-13,DB손해보험,어린이재단,서울남부지역본부,,,창일초등학교,서울 도봉구 노해로66길 84
167,340,서울특별시,도봉구,창동초등학교,2017-07-13,DB손해보험,어린이재단,서울남부지역본부,,,창동초등학교,서울 도봉구 해등로16길 81
168,347,서울특별시,도봉구,신방학초등학교,2017-07-14,DB손해보험,어린이재단,서울남부지역본부,,,신방학초등학교,서울 도봉구 시루봉로 173
169,348,서울특별시,도봉구,신학초등학교,2017-07-14,DB손해보험,어린이재단,서울남부지역본부,,,신학초등학교,서울 도봉구 방학로 247-21
170,349,서울특별시,중랑구,묵동초등학교,2017-07-14,DB손해보험,어린이재단,서울남부지역본부,,,묵동초등학교,서울 중랑구 동일로138길 27
171,364,서울특별시,강서구,송화초등학교,2017-09-08,DB손해보험,어린이재단,서울지역본부,,,송화초등학교,서울 강서구 방화대로34길 2
172,369,서울특별시,강서구,신정초등학교,2017-09-13,DB손해보험,어린이재단,서울지역본부,2018-11-02,"DB손해보험, 서울남부지역본부",신정초등학교,서울 강서구 곰달래로31가길 27
173,370,서울특별시,양천구,신강초등학교,2017-09-13,한국공항공사,어린이재단,서울지역본부,,,신강초등학교,서울 양천구 중앙로55길 72
174,371,서울특별시,양천구,양명초등학교,2017-09-13,한국공항공사,어린이재단,서울지역본부,,,양명초등학교,서울 양천구 중앙로 204
175,376,서울특별시,강서구,송정초등학교,2017-09-14,DB손해보험,어린이재단,서울지역본부,,,송정초등학교,서울 강서구 공항대로3길 18
176,384,서울특별시,강서구,유석초등학교,2017-09-15,DB손해보험,어린이재단,서울지역본부,,,유석초등학교,서울 강서구 화곡로69길 9
177,385,서울특별시,구로구,덕의초등학교,2017-09-15,한국공항공사,어린이재단,서울지역본부,,,덕의초등학교,서울 구로구 고척로 213
178,386,서울특별시,구로구,구일초등학교,2017-09-15,한국공항공사,어린이재단,서울지역본부,,,구일초등학교,서울 구로구 구일로 68
179,389,서울특별시,성동구,경일초등학교,2017-09-16,이마트,어린이재단,서울북부지역본부,,,경일초등학교,서울 성동구 뚝섬로 332
180,395,서울특별시,강서구,수명초등학교,2017-09-19,DB손해보험,어린이재단,서울지역본부,,,수명초등학교,서울 강서구 수명로1길 84
181,409,서울특별시,강북구,송중초등학교(A),2017-09-22,DB손해보험,어린이재단,서울남부지역본부,,,송중초등학교,서울 강북구 오현로 9
182,410,서울특별시,강북구,송중초등학교(B),2017-09-22,DB손해보험,어린이재단,서울남부지역본부,,,송중초등학교,서울 강북구 오현로 9
183,411,서울특별시,강서구,양천초등학교,2017-09-22,DB손해보험,어린이재단,서울지역본부,,,양천초등학교,서울 강서구 양천로 329
184,419,서울특별시,강서구,화곡초등학교,2017-09-26,이마트,어린이재단,서울북부지역본부,,,화곡초등학교,서울 강서구 초록마을로 28
185,424,서울특별시,은평구,구산초등학교(재설치),2017-09-29,이마트,어린이재단,서울북부지역본부,,,구산초등학교,서울 은평구 서오릉로15길 16
186,432,서울특별시,은평구,진관초등학교(A),2017-10-13,이마트,어린이재단,서울북부지역본부,,,진관초등학교,서울 은평구 진관4로 78-16
187,433,서울특별시,은평구,진관초등학교(B),2017-10-13,이마트,어린이재단,서울북부지역본부,,,진관초등학교,서울 은평구 진관4로 78-16
188,434,서울특별시,성북구,장월초등학교,2017-10-16,정부보조금(서울특별시),국제아동인권센터,국제아동인권센터,,,장월초등학교,서울 성북구 한천로101길 66
189,435,서울특별시,성북구,동신초등학교,2017-10-16,DB손해보험,어린이재단,서울남부지역본부,2018-11-16,"DB손해보험, 서울남부지역본부",동신초등학교,서울 성북구 보문사길 50
190,436,서울특별시,노원구,수락초등학교(B),2017-10-16,DB손해보험,어린이재단,서울남부지역본부,,,수락초등학교,서울 노원구 동일로 1745
191,440,서울특별시,성동구,응봉초등학교,2017-10-17,이마트,어린이재단,서울북부지역본부,,,응봉초등학교,서울 성동구 독서당로62길 28
192,441,서울특별시,성동구,경동초등학교,2017-10-17,이마트,어린이재단,서울북부지역본부,,,경동초등학교,서울 성동구 성수일로 34
193,442,서울특별시,성동구,동명초등학교,2017-10-17,이마트,어린이재단,서울북부지역본부,,,동명초등학교,서울 성동구 마장로29길 29
194,443,서울특별시,성동구,행당초등학교(A),2017-10-17,이마트,어린이재단,서울북부지역본부,,,행당초등학교,서울 성동구 고산자로8길 6
195,446,서울특별시,구로구,신도림초등학교,2017-10-18,정부보조금(서울특별시),국제아동인권센터,국제아동인권센터,,,신도림초등학교,서울 구로구 신도림로19길 44
196,447,서울특별시,성동구,사근초등학교,2017-10-18,이마트,어린이재단,서울북부지역본부,,,사근초등학교,서울 성동구 사근동11길 16
197,448,서울특별시,성동구,옥정초등학교,2017-10-18,이마트,어린이재단,서울북부지역본부,,,옥정초등학교,서울 성동구 한림말길 43
198,449,서울특별시,성동구,행현초등학교,2017-10-18,이마트,어린이재단,서울북부지역본부,,,행현초등학교,서울 성동구 행당로 95
199,450,서울특별시,성동구,숭신초등학교,2017-10-18,이마트,어린이재단,서울북부지역본부,,,숭신초등학교,서울 성동구 마장로 161
200,454,서울특별시,도봉구,신화초등학교,2017-10-19,정부보조금(서울특별시),국제아동인권센터,국제아동인권센터,,,신화초등학교,서울 도봉구 우이천로 120
201,458,서울특별시,강서구,우장초등학교,2017-10-19,이마트,어린이재단,서울북부지역본부,,,우장초등학교,서울 강서구 화곡로 263
202,459,서울특별시,강서구,염경초등학교,2017-10-19,이마트,어린이재단,서울북부지역본부,,,염경초등학교,서울 강서구 양천로69길 49
203,460,서울특별시,은평구,서진초등학교,2017-10-19,이마트,어린이재단,서울북부지역본부,,,서진초등학교,서울 은평구 은평터널로 150
204,464,서울특별시,성북구,숭덕초등학교,2017-10-20,정부보조금(서울특별시),국제아동인권센터,국제아동인권센터,2018-11-16,"DB손해보험, 서울남부지역본부",숭덕초등학교,서울 성북구 정릉로 279
205,472,서울특별시,강동구,선사초등학교,2017-10-20,DB손해보험,어린이재단,서울남부지역본부,,,선사초등학교,서울 강동구 올림픽로 837
206,473,서울특별시,도봉구,누원초등학교,2017-10-20,DB손해보험,어린이재단,서울남부지역본부,,,누원초등학교,서울 도봉구 마들로 859-44
207,474,서울특별시,강서구,개화초등학교,2017-10-20,한국공항공사,어린이재단,서울지역본부,2018-09-30,,개화초등학교,서울 강서구 양천로 11
208,480,서울특별시,은평구,은빛초등학교,2017-10-23,이마트,어린이재단,서울북부지역본부,,,은빛초등학교,서울 은평구 진관3로 73-17
209,487,서울특별시,양천구,서정초등학교,2017-10-24,한국공항공사,어린이재단,서울지역본부,2018-09-30,,서정초등학교,서울 양천구 목동로8길 19
210,523,서울특별시,관악구,봉현초등학교(A),2017-10-31,DB손해보험,어린이재단,서울남부지역본부,2018-07-27,"DB손해보험, 서울남부지역본부",봉현초등학교,서울 관악구 성현로 117
211,524,서울특별시,은평구,신도초등학교(B),2017-10-31,이마트,어린이재단,서울북부지역본부,,,신도초등학교,서울 은평구 진관1로 77-23
212,567,서울특별시,서초구,서일초등학교,2017-11-08,삼성전자,어린이재단,서울북부지역본부,,,서일초등학교,서울 서초구 남부순환로339길 38
213,568,서울특별시,서초구,신동초등학교,2017-11-08,삼성전자,어린이재단,서울북부지역본부,,,신동초등학교,서울 서초구 나루터로 15
214,569,서울특별시,서초구,서울교육대학부설초등학교,2017-11-08,삼성전자,어린이재단,서울북부지역본부,,,서울교육대학부설초등학교,서울 서초구 서초중앙로 96
215,571,서울특별시,중랑구,봉화초등학교,2017-11-09,DB손해보험,어린이재단,서울남부지역본부,,,봉화초등학교,서울 중랑구 신내로15길 110
216,572,서울특별시,종로구,명신초등학교,2017-11-09,DB손해보험,어린이재단,서울남부지역본부,,,명신초등학교,서울 종로구 낙산길 250
217,575,서울특별시,관악구,원신초등학교,2017-11-09,DB손해보험,어린이재단,서울남부지역본부,,,원신초등학교,서울 관악구 광신길 177
218,576,서울특별시,관악구,난향초등학교,2017-11-09,DB손해보험,어린이재단,서울남부지역본부,,,난향초등학교,서울 관악구 난향길 9
219,577,서울특별시,관악구,신봉초등학교,2017-11-10,DB손해보험,어린이재단,서울남부지역본부,,,신봉초등학교,서울 관악구 양녕로6나길 1
220,578,서울특별시,중랑구,신현초등학교,2017-11-10,DB손해보험,어린이재단,서울남부지역본부,2018-11-13,"DB손해보험, 서울남부지역본부",신현초등학교,서울 중랑구 봉화산로 188
221,595,서울특별시,강서구,염동초등학교,2017-11-15,정부보조금(서울특별시),국제아동인권센터,국제아동인권센터,2018-11-02,"DB손해보험, 서울남부지역본부",염동초등학교,서울 강서구 양천로73길 17
222,596,서울특별시,서초구,서일초등학교,2017-11-15,정부보조금(서울특별시),국제아동인권센터,국제아동인권센터,,,서일초등학교,서울 서초구 남부순환로339길 38
223,597,서울특별시,노원구,녹천초등학교,2017-11-15,DB손해보험,어린이재단,서울남부지역본부,,,녹천초등학교,서울 노원구 마들로3길 34
224,601,서울특별시,강서구,월정초등학교(A),2017-11-15,한국공항공사,어린이재단,서울지역본부,,,월정초등학교,서울 강서구 월정로 176
225,602,서울특별시,강서구,월정초등학교(B),2017-11-15,한국공항공사,어린이재단,서울지역본부,,,월정초등학교,서울 강서구 월정로 176
226,607,서울특별시,구로구,고산초등학교(보수),2017-11-16,한국공항공사,어린이재단,서울지역본부,2018-09-30,,고산초등학교,서울 구로구 중앙로 6
227,608,서울특별시,양천구,강서초등학교(B),2017-11-16,한국공항공사,어린이재단,서울지역본부,2018-09-30,,강서초등학교,서울 양천구 오목로 31
228,624,서울특별시,강서구,공항초등학교(A),2017-11-20,한국공항공사,어린이재단,서울지역본부,,,공항초등학교,서울 강서구 마곡서1로 68
229,625,서울특별시,강서구,공항초등학교(B),2017-11-20,한국공항공사,어린이재단,서울지역본부,,,공항초등학교,서울 강서구 마곡서1로 68
230,642,서울특별시,노원구,덕암초등학교,2017-11-29,DB손해보험,어린이재단,서울남부지역본부,,,덕암초등학교,서울 노원구 덕릉로112길 68
231,660,서울특별시,성동구,금북초등학교,2017-12-12,이마트,어린이재단,서울북부지역본부,,,금북초등학교,서울 성동구 행당로1길 13
232,661,서울특별시,성동구,금옥초등학교,2017-12-12,이마트,어린이재단,서울북부지역본부,,,금옥초등학교,서울 성동구 독서당로 251
233,662,서울특별시,성동구,마장초등학교(A),2017-12-12,이마트,어린이재단,서울북부지역본부,,,마장초등학교,서울 성동구 마장로35나길 31
234,663,서울특별시,성동구,옥수초등학교,2017-12-12,이마트,어린이재단,서울북부지역본부,,,옥수초등학교,서울 성동구 금호로1길 25
235,701,서울특별시,성북구,미아초등학교,2018-04-07,삼성카드 열린나눔,국제아동인권센터,국제아동인권센터,,,미아초등학교,서울 성북구 삼양로 77
236,703,서울특별시,은평구,상신초등학교(B),2018-04-19,이마트,어린이재단,서울북부지역본부,,,상신초등학교,서울 은평구 가좌로 361
237,704,서울특별시,성동구,경수초등학교,2018-04-26,이마트,어린이재단,서울북부지역본부,,,경수초등학교,서울 성동구 뚝섬로13길 22
238,705,서울특별시,성동구,성수초등학교,2018-04-26,이마트,어린이재단,서울북부지역본부,,,성수초등학교,서울 성동구 아차산로17길 21
239,706,서울특별시,성동구,무학초등학교,2018-04-26,이마트,어린이재단,서울북부지역본부,,,무학초등학교,서울 성동구 무학봉15길 21
240,707,서울특별시,성동구,동호초등학교,2018-04-26,이마트,어린이재단,서울북부지역본부,,,동호초등학교,서울 성동구 동호로5길 133
241,708,서울특별시,성동구,송원초등학교,2018-04-26,이마트,어린이재단,서울북부지역본부,,,송원초등학교,서울 성동구 동일로43길 9
242,709,서울특별시,성동구,용답초등학교,2018-04-26,이마트,어린이재단,서울북부지역본부,,,용답초등학교,서울 성동구 용답25길 1
243,766,서울특별시,도봉구,오봉초등학교,2018-07-18,DB손해보험,어린이재단,서울남부지역본부,,,오봉초등학교,서울 도봉구 시루봉로 285
244,774,서울특별시,관악구,사당초등학교,2018-07-26,DB손해보험,어린이재단,서울남부지역본부,,,사당초등학교,서울 관악구 남현4길 51
245,775,서울특별시,관악구,봉현초등학교(B),2018-07-27,DB손해보험,어린이재단,서울남부지역본부,,,봉현초등학교,서울 관악구 성현로 117
246,776,서울특별시,관악구,봉현초등학교(C),2018-07-27,DB손해보험,어린이재단,서울남부지역본부,,,봉현초등학교,서울 관악구 성현로 117
247,779,서울특별시,강서구,등명초등학교,2018-08-07,DB손해보험,어린이재단,서울남부지역본부,,,등명초등학교,서울 강서구 강서로56나길 34
248,780,서울특별시,관악구,봉현초등학교(D),2018-08-08,개인후원자(신명원),어린이재단,서울지역본부,,,봉현초등학교,서울 관악구 성현로 117
249,781,서울특별시,양천구,갈산초등학교,2018-08-08,개인후원자(신명원),어린이재단,서울지역본부,,,갈산초등학교,서울 양천구 목동로 31
250,782,서울특별시,양천구,강신초등학교,2018-08-08,개인후원자(신명원),어린이재단,서울지역본부,,,강신초등학교,서울 양천구 월정로 280
251,798,서울특별시,성동구,행당초등학교(B),2018-08-20,이마트,어린이재단,서울북부지역본부,,,행당초등학교,서울 성동구 고산자로8길 6
252,799,서울특별시,성동구,행당초등학교(A),2018-08-20,이마트,어린이재단,서울북부지역본부,,,행당초등학교,서울 성동구 고산자로8길 6
253,817,서울특별시,양천구,양강초등학교,2018-09-30,한국공항공사,어린이재단,서울지역본부,,,양강초등학교,서울 양천구 오목로 101
254,818,서울특별시,양천구,강월초등학교,2018-09-30,한국공항공사,어린이재단,서울지역본부,,,강월초등학교,서울 양천구 신월로 97
255,847,서울특별시,구로구,구로초등학교,2018-10-22,한국공항공사,어린이재단,서울지역본부,,,구로초등학교,서울 구로구 구로중앙로27나길 9
256,848,서울특별시,구로구,세곡초등학교(A),2018-10-22,한국공항공사,어린이재단,서울지역본부,,,세곡초등학교,서울 구로구 고척로33길 34
257,860,서울특별시,광진구,경복초등학교,2018-10-30,DB손해보험,어린이재단,서울남부지역본부,,,경복초등학교,서울 광진구 천호대로130길 58
258,861,서울특별시,광진구,양진초등학교,2018-10-30,DB손해보험,어린이재단,서울남부지역본부,,,양진초등학교,서울 광진구 워커힐로 32
259,864,서울특별시,강동구,강솔초등학교,2018-11-01,DB손해보험,어린이재단,서울남부지역본부,,,강솔초등학교,서울 강동구 고덕로97길 80 서울강솔초등학교
260,865,서울특별시,강동구,명덕초등학교,2018-11-01,DB손해보험,어린이재단,서울남부지역본부,,,명덕초등학교,서울 강동구 양재대로156길 11
261,866,서울특별시,강동구,묘곡초등학교,2018-11-01,DB손해보험,어린이재단,서울남부지역본부,,,묘곡초등학교,서울 강동구 동남로79길 46
262,867,서울특별시,강동구,한산초등학교(C),2018-11-01,DB손해보험,어린이재단,서울남부지역본부,,,한산초등학교,서울 강동구 풍성로 261
263,868,서울특별시,구로구,세곡초등학교(B),2018-11-02,한국공항공사,어린이재단,서울지역본부,,,세곡초등학교,서울 구로구 고척로33길 34
264,873,서울특별시,강남구,대도초등학교,2018-11-05,DB손해보험,어린이재단,서울남부지역본부,,,대도초등학교,서울 강남구 선릉로 209
265,874,서울특별시,강남구,왕북초등학교,2018-11-05,DB손해보험,어린이재단,서울남부지역본부,,,왕북초등학교,서울 강남구 광평로31길 74
266,875,서울특별시,송파구,위례별초등학교,2018-11-05,DB손해보험,어린이재단,서울남부지역본부,,,위례별초등학교,서울 송파구 위례광장로 243
267,876,서울특별시,강남구,율현초등학교(A),2018-11-05,DB손해보험,어린이재단,서울남부지역본부,,,율현초등학교,서울 강남구 밤고개로21길 15
268,877,서울특별시,강남구,포이초등학교,2018-11-05,DB손해보험,어린이재단,서울남부지역본부,,,포이초등학교,서울 강남구 개포로22길 87
269,882,서울특별시,동작구,신상도초등학교,2018-11-12,DB손해보험,어린이재단,서울남부지역본부,,,신상도초등학교,서울 동작구 장승배기로 14
270,883,서울특별시,노원구,노원초등학교,2018-11-13,DB손해보험,어린이재단,서울남부지역본부,,,노원초등학교,서울 노원구 동일로230나길 32
271,884,서울특별시,중랑구,상봉초등학교,2018-11-13,DB손해보험,어린이재단,서울남부지역본부,,,상봉초등학교,서울 중랑구 동일로126가길 11
272,885,서울특별시,중랑구,신내초등학교(A),2018-11-13,DB손해보험,어린이재단,서울남부지역본부,,,신내초등학교,서울 중랑구 용마산로125나길 22
273,886,서울특별시,중랑구,신내초등학교(B),2018-11-13,DB손해보험,어린이재단,서울남부지역본부,,,신내초등학교,서울 중랑구 용마산로125나길 22
274,887,서울특별시,노원구,연촌초등학교,2018-11-13,DB손해보험,어린이재단,서울남부지역본부,,,연촌초등학교,서울 노원구 공릉로58길 36
275,888,서울특별시,도봉구,숭미초등학교(A),2018-11-14,DB손해보험,어린이재단,서울남부지역본부,,,숭미초등학교,서울 도봉구 노해로 179
276,889,서울특별시,도봉구,숭미초등학교(B),2018-11-14,DB손해보험,어린이재단,서울남부지역본부,,,숭미초등학교,서울 도봉구 노해로 179
277,890,서울특별시,도봉구,창원초등학교(A),2018-11-14,DB손해보험,어린이재단,서울남부지역본부,,,창원초등학교,서울 도봉구 해등로 103
278,891,서울특별시,도봉구,창원초등학교(B),2018-11-14,DB손해보험,어린이재단,서울남부지역본부,,,창원초등학교,서울 도봉구 해등로 103
279,892,서울특별시,도봉구,창원초등학교(C),2018-11-14,DB손해보험,어린이재단,서울남부지역본부,,,창원초등학교,서울 도봉구 해등로 103
280,893,서울특별시,강남구,대치초등학교,2018-11-18,DB손해보험,어린이재단,서울남부지역본부,,,대치초등학교,서울 강남구 양재천로 363
281,894,서울특별시,서대문구,연가초등학교(B),2018-11-18,DB손해보험,어린이재단,서울남부지역본부,,,연가초등학교,서울 서대문구 증가로12가길 49-50
282,895,서울특별시,서대문구,연희초등학교,2018-11-18,DB손해보험,어린이재단,서울남부지역본부,,,연희초등학교,서울 서대문구 연희로 136
283,896,서울특별시,강남구,율현초등학교(B),2018-11-18,DB손해보험,어린이재단,서울남부지역본부,,,율현초등학교,서울 강남구 밤고개로21길 15
284,897,서울특별시,용산구,후암초등학교,2018-11-18,DB손해보험,어린이재단,서울남부지역본부,,,후암초등학교,서울 용산구 두텁바위로 140
