지역,시설,명칭,지정,,,,,
종로구,유치원,누상,'13,,,,,
종로구,유치원,동숭,'11,,,,,
종로구,유치원,명륜,'08,,,,,
종로구,유치원,무궁화,'10,,,,,
종로구,유치원,부암,'09,,,,,
종로구,유치원,상록수,'08,,,,,
종로구,유치원,생명숲,'15,,,,,
종로구,유치원,아동회관,'12,,,,,
종로구,유치원,엔젤키즈,'16,,,,,
종로구,유치원,은행나무,'06,,,,,
종로구,유치원,정부청사,'09,,,,,
종로구,유치원,창이,'13,,,,,
종로구,유치원,청운,'11,,,,,
종로구,유치원,한빛,'12,,,,,
종로구,유치원,사직,'05,,,,,
종로구,유치원,연동,'95,,,,,
종로구,초등학교,서울사대,'95,,,,,
종로구,초등학교,명신(4),'95,,,,,
종로구,초등학교,재동(2),'95,,,,,
종로구,초등학교,창신 ,'95,,,,,
종로구,초등학교,혜화(5),'95,,,,,
종로구,초등학교,상명사대,'95,,,,,
종로구,초등학교,청운,'96,,,,,
종로구,초등학교,교동,'97,,,,,
종로구,초등학교,독립문,'97,,,,,
종로구,초등학교,매동,'97,,,,,
종로구,초등학교,효제,'97,,,,,
종로구,초등학교,운현,'97,,,,,
종로구,초등학교,세검정,'98,,,,,
종로구,특수학교,서울맹(1),'97,,,,,
종로구,특수학교,서울농(1),'97,,,,,
종로구,특수학교,수도사랑의,'06,,,,,
종로구,보육시설,봄샘,'09,,,,,
종로구,보육시설,세검정,'10,,,,,
종로구,보육시설,세종,'09,,,,,
종로구,보육시설,연동,'95,,,,,
종로구,보육시설,옥인,'07,,,,,
종로구,보육시설,청룡,'95,,,,,
종로구,보육시설,하나,'08,,,,,
종로구,보육시설,한아름,'13,,,,,
종로구,보육시설,혜화,'97,,,,,
종로구,보육시설,명신병설,'10,,,,,
종로구,보육시설,상명부속,'10,,,,,
종로구,보육시설,운현,'10,,,,,
종로구,보육시설,재동병설,'10,,,,,
종로구,보육시설,배화여대부,'05,,,,,
종로구,보육시설,창신병설,'95,,,,,
종로구,보육시설,재동병설,'05,,,,,
중구,유치원,일신,'07,,,,,
중구,유치원,가명,'08,,,,,
중구,유치원,근화,'08,,,,,
중구,유치원,수암,'08,,,,,
중구,유치원,신일,'08,,,,,
중구,유치원,약수,'08,,,,,
중구,유치원,한일,'08,,,,,
중구,유치원,덕수병,'10,,,,,
중구,유치원,장충,'10,,,,,
중구,유치원,충무병,'10,,,,,
중구,유치원,리라,`10,,,,,
중구,초등학교,덕수,'95,,,,,
중구,초등학교,남산,'96,,,,,
중구,초등학교,봉래,'96,,,,,
중구,초등학교,충무,'96,,,,,
중구,초등학교,광희,'97,,,,,
중구,초등학교,청구,'97,,,,,
중구,초등학교,홍인,'97,,,,,
중구,초등학교,장충,98,,,,,
중구,초등학교,동산,'98,,,,,
중구,초등학교,리라,'98,,,,,
중구,초등학교,숭의,'98,,,,,
중구,초등학교,신당,'07,,,,,
중구,보육시설,충무,'97,,,,,
중구,보육시설,회현,'06,,,,,
중구,보육시설,서울시직장,'06,,,,,
중구,보육시설,신당1동,'07,,,,,
중구,보육시설,신당3동,'07,,,,,
중구,보육시설,신당4동,'07,,,,,
중구,보육시설,신당5동,'07,,,,,
중구,보육시설,신당6동,'07,,,,,
중구,보육시설,성심,'07,,,,,
중구,보육시설,약수교회,'07,,,,,
중구,보육시설,약수,'07,,,,,
중구,보육시설,한솔,'07,,,,,
중구,보육시설,황학동,'07,,,,,
중구,보육시설,단우물,'16,,,,,
중구,보육시설,필동,'17,,,,,
중구,보육시설,중림,'18,,,,,
용산구,유치원,계성,'97,,,,,
용산구,유치원,도원,'97,,,,,
용산구,유치원,대건,'98,,,,,
용산구,유치원,성심,'98,,,,,
용산구,유치원,일민,'01,,,,,
용산구,유치원,충신,'01,,,,,
용산구,유치원,복자,'04,,,,,
용산구,유치원,강변,'07,,,,,
용산구,유치원,유성,'07,,,,,
용산구,유치원,한가람,'07,,,,,
용산구,유치원,한남병(1),'10,,,,,
용산구,유치원,남정병(2),'10,,,,,
용산구,유치원,서빙고병(3),'10,,,,,
용산구,유치원,원,'10,,,,,
용산구,유치원,청파병설,'10,,,,,
용산구,초등학교,금양,'95,,,,,
용산구,초등학교,서빙고(3),'95,,,,,
용산구,초등학교,원효,'95,,,,,
용산구,초등학교,남정(2),'96,,,,,
용산구,초등학교,이태원,'96,,,,,
용산구,초등학교,용산,'97,,,,,
용산구,초등학교,청파,'97,,,,,
용산구,초등학교,한남(1),'97,,,,,
용산구,초등학교,보광,'98,,,,,
용산구,초등학교,삼광,'98,,,,,
용산구,초등학교,신용산,'98,,,,,
용산구,초등학교,용암,'98,,,,,
용산구,초등학교,한강,'98,,,,,
용산구,초등학교,후암,'98,,,,,
용산구,초등학교,신광,'98,,,,,
용산구,보육시설,보광,'06,,,,,
용산구,보육시설,동빙고,'06,,,,,
용산구,보육시설,이촌,'06,,,,,
용산구,보육시설,충신교회,'06,,,,,
용산구,보육시설,이태원삼성,'11,,,,,
용산구,보육시설,한남,'13,,,,,
용산구,보육시설,구립맑은숲,'18,,,,,
성동구,유치원,무학,'97,,,,,
성동구,유치원,세인,'98,,,,,
성동구,유치원,성심,'06,,,,,
성동구,유치원,율화,'06,,,,,
성동구,유치원,경동(성수),'08,,,,,
성동구,유치원,솔,'09,,,,,
성동구,유치원,경동(벽산),'09,,,,,
성동구,유치원,송곡,'09,,,,,
성동구,유치원,세성,'09,,,,,
성동구,유치원,금호,'09,,,,,
성동구,유치원,아이들세상,'10,,,,,
성동구,유치원,한양여대부속,'10,,,,,
성동구,유치원,경수병(1),'10,,,,,
성동구,유치원,마장병(2),'10,,,,,
성동구,유치원,사근병(3),'10,,,,,
성동구,유치원,옥수병(4),'10,,,,,
성동구,유치원,옥정병(5),'10,,,,,
성동구,유치원,송원병(6),'10,,,,,
성동구,유치원,응봉이화,`10,,,,,
성동구,유치원,옥수삼성,`10,,,,,
성동구,유치원,로사,`10,,,,,
성동구,초등학교,경동,'95,,,,,
성동구,초등학교,경수(1),'95,,,,,
성동구,초등학교,경일,'95,,,,,
성동구,초등학교,동명,'95,,,,,
성동구,초등학교,사근(3),'95,,,,,
성동구,초등학교,금북,'96,,,,,
성동구,초등학교,성수,'96,,,,,
성동구,초등학교,옥정(5),'96,,,,,
성동구,초등학교,행당,'96,,,,,
성동구,초등학교,금옥,'97,,,,,
성동구,초등학교,금호,'97,,,,,
성동구,초등학교,마장(2),'97,,,,,
성동구,초등학교,무학,'97,,,,,
성동구,초등학교,옥수(4),'97,,,,,
성동구,초등학교,용답,'98,,,,,
성동구,초등학교,응봉,'02,,,,,
성동구,초등학교,행현,'05,,,,,
성동구,초등학교,송원,'09,,,,,
성동구,초등학교,동호,'10,,,,,
성동구,초등학교,숭신,'16,,,,,
성동구,보육시설,마장,'97,,,,,
성동구,보육시설,행응,'06,,,,,
성동구,보육시설,연꽃,'06,,,,,
성동구,보육시설,신영창의,'06,,,,,
성동구,보육시설,구립금일,'11,,,,,
성동구,보육시설,구립성모,'11,,,,,
성동구,보육시설,구립용답,'11,,,,,
성동구,보육시설,꿈터,'11,,,,,
성동구,보육시설,구립홍익,'11,,,,,
성동구,보육시설,신금호자이,'17,,,,,
성동구,보육시설,왕도,'17,,,,,
광진구,유치원,선경,'97,,,,,
광진구,유치원,광남,'97,,,,,
광진구,유치원,현정,'97,,,,,
광진구,유치원,우성,'98,,,,,
광진구,유치원,성산,'98,,,,,
광진구,유치원,성수아름,'98,,,,,
광진구,유치원,슬기,'98,,,,,
광진구,유치원,정신,'06,,,,,
광진구,유치원,선양,'06,,,,,
광진구,유치원,경하,'06,,,,,
광진구,유치원,동서울,'06,,,,,
광진구,유치원,미파,'06,,,,,
광진구,유치원,선미,'06,,,,,
광진구,유치원,예일,'06,,,,,
광진구,유치원,자양하나,'07,,,,,
광진구,유치원,인애,'08,,,,,
광진구,유치원,프라임,'08,,,,,
광진구,유치원,보성,‘09,,,,,
광진구,유치원,한일,'09,,,,,
광진구,유치원,윤진,'09,,,,,
광진구,유치원,어린이회관,'09,,,,,
광진구,유치원,광장,'09,,,,,
광진구,유치원,샬롬,'09,,,,,
광진구,유치원,자양(3),'10,,,,,
광진구,유치원,아이조아(4),'10,,,,,
광진구,유치원,구의병(5),'10,,,,,
광진구,유치원,신자병(6),'10,,,,,
광진구,유치원,양남병(7),'10,,,,,
광진구,유치원,양진병(8),'10,,,,,
광진구,유치원,자양병(9),'10,,,,,
광진구,유치원,경원,`10,,,,,
광진구,유치원,동심,`10,,,,,
광진구,유치원,선화,`10,,,,,
광진구,유치원,영화,`10,,,,,
광진구,유치원,청구이화,`10,,,,,
광진구,초등학교,광장,'95,,,,,
광진구,초등학교,구남,'95,,,,,
광진구,초등학교,구의(5),'95,,,,,
광진구,초등학교,동의,'95,,,,,
광진구,초등학교,동자,'95,,,,,
광진구,초등학교,신자(6),'95,,,,,
광진구,초등학교,자양(9),'95,,,,,
광진구,초등학교,장안,'95,,,,,
광진구,초등학교,양남(7),'96,,,,,
광진구,초등학교,용마,'96,,,,,
광진구,초등학교,성동(1),'96,,,,,
광진구,초등학교,광남(2),'98,,,,,
광진구,초등학교,성자(3),'98,,,,,
광진구,초등학교,신양,'98,,,,,
광진구,초등학교,용곡,'98,,,,,
광진구,초등학교,중광,'98,,,,,
광진구,초등학교,중마(4),'98,,,,,
광진구,초등학교,화양,'98,,,,,
광진구,초등학교,경복,'98,,,,,
광진구,초등학교,세종,'98,,,,,
광진구,초등학교,광진,'03,,,,,
광진구,초등학교,양진(8),'05,,,,,
광진구,보육시설,사랑의,'07,,,,,
광진구,보육시설,신나는,'07,,,,,
광진구,보육시설,좋은,'07,,,,,
광진구,보육시설,능동,'07,,,,,
광진구,보육시설,으뜸,'07,,,,,
광진구,보육시설,중곡샛별,'07,,,,,
광진구,보육시설,예아랑,'07,,,,,
광진구,보육시설,미예뜰,'07,,,,,
광진구,보육시설,하은,'07,,,,,
광진구,보육시설,자양,'07,,,,,
광진구,보육시설,아이세계,'08,,,,,
광진구,보육시설,구의2동,'09,,,,,
광진구,보육시설,선린,'10,,,,,
광진구,보육시설,구의3동,'10,,,,,
광진구,보육시설,성심,'10,,,,,
광진구,보육시설,상명,'11,,,,,
광진구,보육시설,수정,'12,,,,,
광진구,보육시설,예지,'12,,,,,
광진구,보육시설,명성,'13,,,,,
광진구,보육시설,우리티움아이,'15,,,,,
광진구,보육시설,꿈동산몬테소리,'15,,,,,
광진구,보육시설,자양도담,'18,,,,,
동대문구,유치원,백주,'98,,,,,
동대문구,유치원,빛나,'98,,,,,
동대문구,유치원,아이비,'02,,,,,
동대문구,유치원,세하,'04,,,,,
동대문구,유치원,서울,'06,,,,,
동대문구,유치원,소화,'06,,,,,
동대문구,유치원,예일,'06,,,,,
동대문구,유치원,젬마,'06,,,,,
동대문구,유치원,동안,'09,,,,,
동대문구,유치원,휘경단(2),'10,,,,,
동대문구,유치원,군자병(3),'10,,,,,
동대문구,유치원,이문병(4),'10,,,,,
동대문구,유치원,장평병(5),'10,,,,,
동대문구,유치원,전동병(6),'10,,,,,
동대문구,유치원,홍파병(7),'10,,,,,
동대문구,유치원,휘봉병(8),'10,,,,,
동대문구,유치원,답십리병(9),'10,,,,,
동대문구,유치원,그림,'11,,,,,
동대문구,유치원,새소리,'16,,,,,
동대문구,초등학교,군자(3),'95,,,,,
동대문구,초등학교,답십리(9),'95,,,,,
동대문구,초등학교,동답,'95,,,,,
동대문구,초등학교,신답,'95,,,,,
동대문구,초등학교,안평,'95,,,,,
동대문구,초등학교,장평(5),'95,,,,,
동대문구,초등학교,종암,'95,,,,,
동대문구,초등학교,청량,'95,,,,,
동대문구,초등학교,홍릉(1),'95,,,,,
동대문구,초등학교,배봉,'96,,,,,
동대문구,초등학교,전곡,'96,,,,,
동대문구,초등학교,전농,'96,,,,,
동대문구,초등학교,전동(6),'96,,,,,
동대문구,초등학교,이문(4),'97,,,,,
동대문구,초등학교,휘경(2),'97,,,,,
동대문구,초등학교,삼육(1),'97,,,,,
동대문구,초등학교,은석,'97,,,,,
동대문구,초등학교,용두,'98,,,,,
동대문구,초등학교,홍파(7),'98,,,,,
동대문구,초등학교,경희,'98,,,,,
동대문구,초등학교,휘봉(8),’06,,,,,
동대문구,보육시설,태양,'09,,,,,
동대문구,보육시설,동대문,'09,,,,,
동대문구,보육시설,메꽃,'09,,,,,
동대문구,보육시설,장안,'09,,,,,
동대문구,보육시설,푸른하늘,'09,,,,,
동대문구,보육시설,해오름,'09,,,,,
동대문구,보육시설,휘경,'09,,,,,
동대문구,보육시설,성은,'09,,,,,
동대문구,보육시설,한일,'09,,,,,
동대문구,보육시설,나사렛,'09,,,,,
동대문구,보육시설,조은,'09,,,,,
동대문구,보육시설,꿈마루,'09,,,,,
동대문구,보육시설,배봉,'09,,,,,
동대문구,보육시설,햇살,'11,,,,,
동대문구,보육시설,별밭,'11,,,,,
동대문구,보육시설,이화,'11,,,,,
동대문구,보육시설,중앙삐아제,'12,,,,,
동대문구,보육시설,영유아프라,'12,,,,,
동대문구,보육시설,회기,'13,,,,,
동대문구,보육시설,예다미,'15,,,,,
동대문구,보육시설,사군자,'15,,,,,
동대문구,보육시설,예나,'15,,,,,
동대문구,보육시설,산내들,'15,,,,,
동대문구,보육시설,삼성,'16,,,,,
동대문구,보육시설,더불어숲,'16,,,,,
동대문구,보육시설,오르다,'16,,,,,
동대문구,보육시설,우아세,'16,,,,,
동대문구,보육시설,새서울,'18,,,,,
동대문구,보육시설,구청(직장),'18,,,,,
동대문구,보육시설,청정원,'19,,,,,
동대문구,보육시설,솔향기,'19,,,,,
동대문구,보육시설,연세,'19,,,,,
동대문구,보육시설,새하늘,'19,,,,,
중랑구,유치원,예원,'97,,,,,
중랑구,유치원,동국,'98,,,,,
중랑구,유치원,색동,'98,,,,,
중랑구,유치원,아랑,'98,,,,,
중랑구,유치원,나래,'06,,,,,
중랑구,유치원,동일,'06,,,,,
중랑구,유치원,수산,'09,,,,,
중랑구,유치원,미림,'09,,,,,
중랑구,유치원,동원병(1),'10,,,,,
중랑구,유치원,묵현병(2),'10,,,,,
중랑구,유치원,중곡병(3),'10,,,,,
중랑구,유치원,서안,'10,,,,,
중랑구,유치원,봄내,'13,,,,,
중랑구,유치원,이루니,'15,,,,,
중랑구,유치원,정암,'17,,,,,
중랑구,초등학교,망우,'95,,,,,
중랑구,초등학교,면남,'95,,,,,
중랑구,초등학교,면동,'95,,,,,
중랑구,초등학교,면북,'95,,,,,
중랑구,초등학교,면중,'95,,,,,
중랑구,초등학교,신내,'95,,,,,
중랑구,초등학교,중곡(3),'95,,,,,
중랑구,초등학교,중랑,'95,,,,,
중랑구,초등학교,중화,'95,,,,,
중랑구,초등학교,면일,'96,,,,,
중랑구,초등학교,묵동,'96,,,,,
중랑구,초등학교,상봉,'96,,,,,
중랑구,초등학교,신묵,'96,,,,,
중랑구,초등학교,동원(1),'97,,,,,
중랑구,초등학교,면목,'97,,,,,
중랑구,초등학교,봉화,'97,,,,,
중랑구,초등학교,신현,'97,,,,,
중랑구,초등학교,원묵,'97,,,,,
중랑구,초등학교,금성,'97,,,,,
중랑구,초등학교,중목,'98,,,,,
중랑구,초등학교,중흥,'00,,,,,
중랑구,초등학교,묵현(2),'04,,,,,
중랑구,초등학교,서울새솔(원인자),'13,,,,,
중랑구,보육시설,한내들 ,'97,,,,,
중랑구,보육시설,삼성,'06,,,,,
중랑구,보육시설,상봉1동,'06,,,,,
중랑구,보육시설,이화,'06,,,,,
중랑구,보육시설,나래,'10,,,,,
중랑구,보육시설,세화,'10,,,,,
성북구,유치원,덕수,'98,,,,,
성북구,유치원,성신,'10,,,,,
성북구,유치원,반디,'98,,,,,
성북구,유치원,세아,'98,,,,,
성북구,유치원,은영,'04,,,,,
성북구,유치원,희망찬,'00,,,,,
성북구,유치원,베네딕도,'08,,,,,
성북구,유치원,새싹,'07,,,,,
성북구,유치원,영암,'08,,,,,
성북구,유치원,푸른샘,'08,,,,,
성북구,유치원,한가람,'08,,,,,
성북구,유치원,개동,'10,,,,,
성북구,유치원,나래,'10,,,,,
성북구,유치원,동선,'08,,,,,
성북구,유치원,새삼선,'08,,,,,
성북구,유치원,선한,'98,,,,,
성북구,유치원,신암,'08,,,,,
성북구,유치원,천사,'08,,,,,
성북구,유치원,해뜨는,'10,,,,,
성북구,유치원,길음단설,'10,,,,,
성북구,유치원,길원병설,'10,,,,,
성북구,유치원,돈암병설,'10,,,,,
성북구,유치원,동신병설,'10,,,,,
성북구,유치원,삼선병설,'10,,,,,
성북구,유치원,성북병설,'10,,,,,
성북구,유치원,정덕병설,'10,,,,,
성북구,유치원,청덕병설,'10,,,,,
성북구,유치원,우촌,'10,,,,,
성북구,유치원,동덕,'97,,,,,
성북구,유치원,사랑,'97,,,,,
성북구,유치원,탑주,'00,,,,,
성북구,유치원,한마음,'97,,,,,
성북구,유치원,광운,'10,,,,,
성북구,유치원,까망,'10,,,,,
성북구,유치원,명덕,'97,,,,,
성북구,유치원,석관병설,'95,,,,,
성북구,유치원,숭곡병설,'97,,,,,
성북구,유치원,숭례병설,'96,,,,,
성북구,유치원,영재,'08,,,,,
성북구,유치원,은하,'95,,,,,
성북구,유치원,장월병설,'06,,,,,
성북구,유치원,예린,'10,,,,,
성북구,유치원,빛나라,'10,,,,,
성북구,유치원,영천,'10,,,,,
성북구,유치원,루이,'13,,,,,
성북구,초등학교,대광,'95,,,,,
성북구,초등학교,돈암(4),'95,,,,,
성북구,초등학교,삼선(6),'95,,,,,
성북구,초등학교,석관(10),'95,,,,,
성북구,초등학교,안암,'95,,,,,
성북구,초등학교,숭덕,'95,,,,,
성북구,초등학교,장곡,'95,,,,,
성북구,초등학교,정덕(8),'95,,,,,
성북구,초등학교,우촌,'95,,,,,
성북구,초등학교,동신(5),'96,,,,,
성북구,초등학교,미아,'96,,,,,
성북구,초등학교,성북(7),'96,,,,,
성북구,초등학교,숭례(11),'96,,,,,
성북구,초등학교,월곡,'96,,,,,
성북구,초등학교,청덕(9),'96,,,,,
성북구,초등학교,길음(2),'97,,,,,
성북구,초등학교,매원,'97,,,,,
성북구,초등학교,숭곡(1),'97,,,,,
성북구,초등학교,장위,'97,,,,,
성북구,초등학교,정릉,'97,,,,,
성북구,초등학교,정수,'97,,,,,
성북구,초등학교,광운,'97,,,,,
성북구,초등학교,성신,'97,,,,,
성북구,초등학교,일신,'00,,,,,
성북구,초등학교,개운,'03,,,,,
성북구,초등학교,석계,'05,,,,,
성북구,초등학교,길원(3),'06,,,,,
성북구,초등학교,장월(12),'06,,,,,
성북구,초등학교,숭인,'09,,,,,
성북구,특수학교,서울다원,'97,,,,,
성북구,보육시설,솔샘,'09,,,,,
성북구,보육시설,안암,'09,,,,,
성북구,보육시설,북악,'10,,,,,
성북구,보육시설,웅지,'10,,,,,
성북구,보육시설,짐랜드,'10,,,,,
성북구,보육시설,노벨,'10,,,,,
성북구,보육시설,성북,'10,,,,,
성북구,보육시설,길음성가,'12,,,,,
성북구,보육시설,꿈나래,'12,,,,,
성북구,보육시설,돌곶이,'12,,,,,
성북구,보육시설,아랑,'12,,,,,
성북구,보육시설,연꽃,'12,,,,,
성북구,보육시설,영광,'12,,,,,
성북구,보육시설,피터팬,'97,,,,,
성북구,보육시설,종암,'09,,,,,
성북구,보육시설,다솔,'10,,,,,
성북구,보육시설,목화,'10,,,,,
성북구,보육시설,새싹,'10,,,,,
성북구,보육시설,장위3동,'10,,,,,
성북구,보육시설,성북1동,'13,,,,,
성북구,보육시설,뉴제나,'13,,,,,
성북구,보육시설,돈암감리교,'13,,,,,
성북구,보육시설,가람,'14,,,,,
성북구,보육시설,은행나무,'14,,,,,
성북구,보육시설,종암중앙,'15,,,,,
성북구,보육시설,성북생명숲,'15,,,,,
성북구,보육시설,느티나무,'16,,,,,
성북구,보육시설,이화,'16,,,,,
성북구,보육시설,초원,'16,,,,,
성북구,보육시설,소리,'18,,,,,
강북구,유치원,성체,'97,,,,,
강북구,유치원,화계,'97,,,,,
강북구,유치원,운산,'98,,,,,
강북구,유치원,유안,'98,,,,,
강북구,유치원,동명,'02,,,,,
강북구,유치원,솔샘,'03,,,,,
강북구,유치원,미양병(1),'10,,,,,
강북구,유치원,수유병(2),'10,,,,,
강북구,유치원,인수,'10,,,,,
강북구,유치원,아름,'10,,,,,
강북구,유치원,꿈동산,'10,,,,,
강북구,초등학교,미양(1),'95,,,,,
강북구,초등학교,삼양,'95,,,,,
강북구,초등학교,송중,'95,,,,,
강북구,초등학교,인수,'95,,,,,
강북구,초등학교,화계,'95,,,,,
강북구,초등학교,수유(2),'96,,,,,
강북구,초등학교,우이,'96,,,,,
강북구,초등학교,번동,'97,,,,,
강북구,초등학교,오현,'97,,,,,
강북구,초등학교,송천,'98,,,,,
강북구,초등학교,유현,'98,,,,,
강북구,초등학교,영훈,'98,,,,,
강북구,초등학교,수송,'01,,,,,
강북구,초등학교,삼각산,'03,,,,,
강북구,특수학교,애화,'97,,,,,
강북구,특수학교,정인,'01,,,,,
강북구,특수학교,한빛맹,'97,,,,,
강북구,보육시설,제일,'10,,,,,
강북구,보육시설,효성,'10,,,,,
강북구,보육시설,번2동,'07,,,,,
강북구,보육시설,백운교회,'07,,,,,
강북구,보육시설,삼양,'07,,,,,
강북구,보육시설,신기,'07,,,,,
강북구,보육시설,아람,'07,,,,,
강북구,보육시설,인수동,'07,,,,,
강북구,보육시설,예닮,'07,,,,,
강북구,보육시설,자연,'07,,,,,
강북구,보육시설,별밭,'10,,,,,
강북구,보육시설,솔밭,'10,,,,,
강북구,보육시설,꼬꼬마,'10,,,,,
강북구,보육시설,예원,'09,,,,,
강북구,보육시설,푸른솔,`11,,,,,
도봉구,유치원,다솜,'97,,,,,
도봉구,유치원,솔샘(2),'97,,,,,
도봉구,유치원,윤정(1),'97,,,,,
도봉구,유치원,행복한,'98,,,,,
도봉구,유치원,유화,'06,,,,,
도봉구,유치원,사랑,'08,,,,,
도봉구,유치원,선아,'08,,,,,
도봉구,유치원,신창,'08,,,,,
도봉구,유치원,지현,'08,,,,,
도봉구,유치원,현대,'08,,,,,
도봉구,유치원,선희,'08,,,,,
도봉구,유치원,한별,'09,,,,,
도봉구,유치원,꿈밭,'09,,,,,
도봉구,유치원,삼풍,'10,,,,,
도봉구,유치원,천사,'10,,,,,
도봉구,유치원,자연,'10,,,,,
도봉구,유치원,정의,'10,,,,,
도봉구,유치원,청아,'10,,,,,
도봉구,유치원,햇살,'10,,,,,
도봉구,유치원,한사랑,'10,,,,,
도봉구,유치원,도봉병(3),'10,,,,,
도봉구,유치원,신창병(4),'10,,,,,
도봉구,유치원,창동병(5),'10,,,,,
도봉구,초등학교,방학,'95,,,,,
도봉구,초등학교,백운,'95,,,,,
도봉구,초등학교,신창(4),'95,,,,,
도봉구,초등학교,쌍문,'95,,,,,
도봉구,초등학교,창경,'95,,,,,
도봉구,초등학교,창원(2),'95,,,,,
도봉구,초등학교,초당,'95,,,,,
도봉구,초등학교,동북,'95,,,,,
도봉구,초등학교,누원,'96,,,,,
도봉구,초등학교,신학,'96,,,,,
도봉구,초등학교,신화,'96,,,,,
도봉구,초등학교,한신,'96,,,,,
도봉구,초등학교,숭미,'97,,,,,
도봉구,초등학교,월천(1),'97,,,,,
도봉구,초등학교,창도,'97,,,,,
도봉구,초등학교,창일,'97,,,,,
도봉구,초등학교,도봉(3),'98,,,,,
도봉구,초등학교,신방학,'98,,,,,
도봉구,초등학교,자운,'98,,,,,
도봉구,초등학교,창동(5),'98,,,,,
도봉구,초등학교,오봉,'00,,,,,
도봉구,초등학교,창림,'00,,,,,
도봉구,초등학교,가인,'05,,,,,
도봉구,특수학교,인강,'97,,,,,
도봉구,보육시설,해맑은,'06,,,,,
도봉구,보육시설,쌍문2동,'06,,,,,
도봉구,보육시설,쌍문삼성,'06,,,,,
도봉구,보육시설,예그린,'06,,,,,
도봉구,보육시설,신예원,'06,,,,,
도봉구,보육시설,예원키즈,'06,,,,,
도봉구,보육시설,리라,'06,,,,,
도봉구,보육시설,경일,'06,,,,,
도봉구,보육시설,하늘빛,'06,,,,,
도봉구,보육시설,창4동,'06,,,,,
도봉구,보육시설,푸른신창,'09,,,,,
도봉구,보육시설,신창,'09,,,,,
도봉구,보육시설,행복둥지,'09,,,,,
도봉구,보육시설,세인,'09,,,,,
도봉구,보육시설,창3동,'10,,,,,
도봉구,보육시설,방학3동,'10,,,,,
도봉구,보육시설,쌍문1동,'10,,,,,
도봉구,보육시설,창2동,'11,,,,,
도봉구,보육시설,신세인,'12,,,,,
도봉구,보육시설,이화,'14,,,,,
도봉구,보육시설,햇살마루,'14,,,,,
도봉구,보육시설,한내,'16,,,,,
도봉구,보육시설,방아골,'17,,,,,
노원구,유치원,노일단(1),'97,,,,,
노원구,유치원,성북,'97,,,,,
노원구,유치원,예진(7),'97,,,,,
노원구,유치원,마들(6),'98,,,,,
노원구,유치원,상원(8),'98,,,,,
노원구,유치원,성희,'98,,,,,
노원구,유치원,아이디(2),'98,,,,,
노원구,유치원,연세,'98,,,,,
노원구,유치원,영은(5),'98,,,,,
노원구,유치원,토마토,'98,,,,,
노원구,유치원,보고,'05,,,,,
노원구,유치원,사라,'06,,,,,
노원구,유치원,성실,'06,,,,,
노원구,유치원,양지,'06,,,,,
노원구,유치원,한성,'06,,,,,
노원구,유치원,학여울,'08,,,,,
노원구,유치원,학림,'08,,,,,
노원구,유치원,지혜(9),'08,,,,,
노원구,유치원,아라(3),'08,,,,,
노원구,유치원,무지개(10),'08,,,,,
노원구,유치원,선덕(4),'08,,,,,
노원구,유치원,한울,'08,,,,,
노원구,유치원,공릉,'08,,,,,
노원구,유치원,까치,'08,,,,,
노원구,유치원,동화나라,'08,,,,,
노원구,유치원,고운,'10,,,,,
노원구,유치원,공릉병(11),'10,,,,,
노원구,유치원,동일병(12),'10,,,,,
노원구,유치원,상경병(13),'10,,,,,
노원구,유치원,상곡병(14),'10,,,,,
노원구,유치원,수락병(15),'10,,,,,
노원구,유치원,수암병(16),'10,,,,,
노원구,유치원,신상계병(17),'10,,,,,
노원구,유치원,연촌병(18),'10,,,,,
노원구,유치원,태랑병(19),'10,,,,,
노원구,유치원,희산,'10,,,,,
노원구,유치원,초안,'10,,,,,
노원구,유치원,청원,'10,,,,,
노원구,유치원,청암,'10,,,,,
노원구,유치원,이레,'10,,,,,
노원구,유치원,염광,'10,,,,,
노원구,유치원,꽃동산,'10,,,,,
노원구,유치원,꿈나무,'10,,,,,
노원구,유치원,꿈터,'10,,,,,
노원구,유치원,다연,'10,,,,,
노원구,유치원,대원,'10,,,,,
노원구,유치원,동은,'10,,,,,
노원구,유치원,두솔,'10,,,,,
노원구,유치원,미광,'10,,,,,
노원구,유치원,보배,'10,,,,,
노원구,유치원,아해뜰,'10,,,,,
노원구,유치원,사랑샘,'12,,,,,
노원구,유치원,원암,'12,,,,,
노원구,유치원,우리,'12,,,,,
노원구,유치원,키즈위즈,'12,,,,,
노원구,유치원,풍천,'12,,,,,
노원구,유치원,온누리,'15,,,,,
노원구,초등학교,공연,'95,,,,,
노원구,초등학교,노원,'95,,,,,
노원구,초등학교,노일(1),'95,,,,,
노원구,초등학교,불암,'95,,,,,
노원구,초등학교,상계,'95,,,,,
노원구,초등학교,상월(2),'95,,,,,
노원구,초등학교,선곡,'95,,,,,
노원구,초등학교,신계,'95,,,,,
노원구,초등학교,신상계(17),'95,,,,,
노원구,초등학교,을지,'95,,,,,
노원구,초등학교,중계,'95,,,,,
노원구,초등학교,태릉,'95,,,,,
노원구,초등학교,녹천,'96,,,,,
노원구,초등학교,동일(12),'96,,,,,
노원구,초등학교,상경(13),'96,,,,,
노원구,초등학교,상수(3),'96,,,,,
노원구,초등학교,상원,'96,,,,,
노원구,초등학교,연촌(18),'96,,,,,
노원구,초등학교,용동,'96,,,,,
노원구,초등학교,월계,'96,,,,,
노원구,초등학교,중현(4),'96,,,,,
노원구,초등학교,한천,'96,,,,,
노원구,초등학교,원광,'97,,,,,
노원구,초등학교,중원,'97,,,,,
노원구,초등학교,공릉(11),'98,,,,,
노원구,초등학교,당현(5),'98,,,,,
노원구,초등학교,상곡(14),'98,,,,,
노원구,초등학교,상천(6),'98,,,,,
노원구,초등학교,수락(15),'98,,,,,
노원구,초등학교,연지,'98,,,,,
노원구,초등학교,온곡,'98,,,,,
노원구,초등학교,용원(7),'98,,,,,
노원구,초등학교,중평,'98,,,,,
노원구,초등학교,청계(8),'98,,,,,
노원구,초등학교,상명,'98,,,,,
노원구,초등학교,청원(9),'98,,,,,
노원구,초등학교,태강삼육,'98,,,,,
노원구,초등학교,화랑,'98,,,,,
노원구,초등학교,수암(16),'00,,,,,
노원구,초등학교,태랑(19),'01,,,,,
노원구,초등학교,계상,'02,,,,,
노원구,초등학교,덕암(10),'03,,,,,
노원구,특수학교,동천,'97,,,,,
노원구,특수학교,정민,`12,,,,,
노원구,보육시설,중계,'97,,,,,
노원구,보육시설,북부,'08,,,,,
노원구,보육시설,노원,'08,,,,,
노원구,보육시설,상계삼성,'08,,,,,
노원구,보육시설,성서대부설,'08,,,,,
노원구,보육시설,하계,'08,,,,,
노원구,보육시설,월계1동,'08,,,,,
노원구,보육시설,예뜨랑,'08,,,,,
노원구,보육시설,공릉2동,'08,,,,,
노원구,보육시설,상계4동,'08,,,,,
노원구,보육시설,꿈동산,'10,,,,,
노원구,보육시설,품속,'10,,,,,
노원구,보육시설,청솔창의,'17,,,,,
노원구,보육시설,중계행복,'17,,,,,
은평구,유치원,백합,'97,,,,,
은평구,유치원,엔젤,'97,,,,,
은평구,유치원,바다의별,'13,,,,,
은평구,유치원,성온,'98,,,,,
은평구,유치원,보림,'99,,,,,
은평구,유치원,와우랩,'03,,,,,
은평구,유치원,효림,'04,,,,,
은평구,유치원,보람,'06,,,,,
은평구,유치원,라라,'07,,,,,
은평구,유치원,새보람,'07,,,,,
은평구,유치원,색동,'07,,,,,
은평구,유치원,무지개나라,'07,,,,,
은평구,유치원,동산,'09,,,,,
은평구,유치원,유정,'09,,,,,
은평구,유치원,다우림,'09,,,,,
은평구,유치원,동북,'09,,,,,
은평구,유치원,성균관,'10,,,,,
은평구,유치원,예일,'10,,,,,
은평구,유치원,은혜,'10,,,,,
은평구,유치원,자인,'10,,,,,
은평구,유치원,오색,'10,,,,,
은평구,유치원,진관,'12,,,,,
은평구,유치원,숲,'12,,,,,
은평구,유치원,하나,'13,,,,,
은평구,유치원,은평국제,'18,,,,,
은평구,유치원,서신병(1),'10,,,,,
은평구,유치원,은명병(2),'10,,,,,
은평구,유치원,은평병(3),'10,,,,,
은평구,유치원,구현병(4),'10,,,,,
은평구,유치원,수색병(5),'10,,,,,
은평구,유치원,신도병(6),'10,,,,,
은평구,유치원,연광병(7),'10,,,,,
은평구,초등학교,갈현,’95,,,,,
은평구,초등학교,구산,’95,,,,,
은평구,초등학교,녹번,’95,,,,,
은평구,초등학교,대조,’95,,,,,
은평구,초등학교,북한산,’95,,,,,
은평구,초등학교,불광,’95,,,,,
은평구,초등학교,수색(5),’95,,,,,
은평구,초등학교,신사,’95,,,,,
은평구,초등학교,역촌,’95,,,,,
은평구,초등학교,연신,’95,,,,,
은평구,초등학교,연천,’95,,,,,
은평구,초등학교,은평,’95,,,,,
은평구,초등학교,응암,’95,,,,,
은평구,초등학교,증산,’95,,,,,
은평구,초등학교,선일,’95,,,,,
은평구,초등학교,예일,’95,,,,,
은평구,초등학교,은혜,’95,,,,,
은평구,초등학교,대은,’96,,,,,
은평구,초등학교,신도(6),’96,,,,,
은평구,초등학교,상신,’97,,,,,
은평구,초등학교,연은,’97,,,,,
은평구,초등학교,충암,’97,,,,,
은평구,초등학교,연광(7),’04,,,,,
은평구,초등학교,서신(1),’05,,,,,
은평구,초등학교,진관,’08,,,,,
은평구,초등학교,은명(2),’08,,,,,
은평구,초등학교,구현(4),‘09,,,,,
은평구,초등학교,은진,'09,,,,,
은평구,초등학교,수리(원인자),`11,,,,,
은평구,초등학교,은빛(원인자),`11,,,,,
은평구,특수학교,은평대영,’97,,,,,
은평구,보육시설,성모자애,'06,,,,,
은평구,보육시설,녹원,'06,,,,,
은평구,보육시설,은평감리,'08,,,,,
은평구,보육시설,하나연,'10,,,,,
은평구,보육시설,동산,'10,,,,,
은평구,보육시설,응암,'13,,,,,
은평구,보육시설,수색,'14,,,,,
은평구,보육시설,수성,'14,,,,,
은평구,보육시설,성아,'15,,,,,
은평구,보육시설,보노,'15,,,,,
은평구,보육시설,우정,'15,,,,,
은평구,보육시설,아이젤,'16,,,,,
은평구,보육시설,다원,'18,,,,,
은평구,보육시설,하늘,'17,,,,,
서대문구,유치원,삼성,'98,,,,,
서대문구,유치원,세종,'98,,,,,
서대문구,유치원,신촌,'98,,,,,
서대문구,유치원,신현,'98,,,,,
서대문구,유치원,한양제일,'07,,,,,
서대문구,유치원,연,'09,,,,,
서대문구,유치원,충암,'09,,,,,
서대문구,유치원,인왕,'09,,,,,
서대문구,유치원,현대경복,'09,,,,,
서대문구,유치원,홍제성당,'09,,,,,
서대문구,유치원,북성단(1),'10,,,,,
서대문구,유치원,금화병(2),'10,,,,,
서대문구,유치원,인왕병(3),'10,,,,,
서대문구,유치원,홍제병(4),'10,,,,,
서대문구,유치원,현대홍익,'10,,,,,
서대문구,유치원,이화여대,'10,,,,,
서대문구,초등학교,고은,’95,,,,,
서대문구,초등학교,북가좌,’95,,,,,
서대문구,초등학교,연가,’95,,,,,
서대문구,초등학교,인왕(3),’95,,,,,
서대문구,초등학교,홍제(4),’95,,,,,
서대문구,초등학교,명지,’95,,,,,
서대문구,초등학교,이대부속,’95,,,,,
서대문구,초등학교,금화(2),’96,,,,,
서대문구,초등학교,창서,’96,,,,,
서대문구,초등학교,추계,’96,,,,,
서대문구,초등학교,대신,’97,,,,,
서대문구,초등학교,미동,’97,,,,,
서대문구,초등학교,북성(1),’97,,,,,
서대문구,초등학교,경기,’97,,,,,
서대문구,초등학교,안산,’98,,,,,
서대문구,초등학교,연희,’98,,,,,
서대문구,초등학교,홍은,’98,,,,,
서대문구,초등학교,홍연,’02,,,,,
서대문구,초등학교,가재울,‘15,,,,,
서대문구,보육시설,독립문,'06,,,,,
서대문구,보육시설,환희,'10,,,,,
서대문구,보육시설,세브란스,'10,,,,,
서대문구,보육시설,새솔,'18,,,,,
마포구,유치원,꿈터,’99,,,,,
마포구,유치원,배영,’07,,,,,
마포구,유치원,새현대,’04,,,,,
마포구,유치원,서울,’07,,,,,
마포구,유치원,서일,’97,,,,,
마포구,유치원,홍대,’04,,,,,
마포구,유치원,나사렛,'09,,,,,
마포구,유치원,대진,'09,,,,,
마포구,유치원,정임,’05,,,,,
마포구,유치원,마포대진,'10,,,,,
마포구,유치원,월드,'10,,,,,
마포구,유치원,삼성그린,'10,,,,,
마포구,유치원,성결,'13,,,,,
마포구,유치원,공덕병(1),'10,,,,,
마포구,유치원,마포병(2),'10,,,,,
마포구,유치원,상암병(3),'10,,,,,
마포구,유치원,상지병(4),'10,,,,,
마포구,유치원,용강병(5),'10,,,,,
마포구,유치원,창천병(6),'10,,,,,
마포구,초등학교,공덕(1),’95,,,,,
마포구,초등학교,동교,’95,,,,,
마포구,초등학교,마포(2),’95,,,,,
마포구,초등학교,망원,’95,,,,,
마포구,초등학교,서강,’95,,,,,
마포구,초등학교,성서,’95,,,,,
마포구,초등학교,성원,’95,,,,,
마포구,초등학교,소의,’95,,,,,
마포구,초등학교,신석,’95,,,,,
마포구,초등학교,아현,’95,,,,,
마포구,초등학교,염리,’95,,,,,
마포구,초등학교,용강(5),’95,,,,,
마포구,초등학교,중동,’95,,,,,
마포구,초등학교,홍대부속,’95,,,,,
마포구,초등학교,서교,’96,,,,,
마포구,초등학교,성산,’96,,,,,
마포구,초등학교,신북,’96,,,,,
마포구,초등학교,창천(6),’96,,,,,
마포구,초등학교,한서,’96,,,,,
마포구,초등학교,상암(3),’05,,,,,
마포구,초등학교,상지(4),’07,,,,,
마포구,초등학교,하늘(원인자),'10,,,,,
마포구,보육시설,샘물,’07,,,,,
마포구,보육시설,성산,’07,,,,,
마포구,보육시설,전선미,’07,,,,,
마포구,보육시설,창전,’07,,,,,
마포구,보육시설,연화,’07,,,,,
마포구,보육시설,서강,‘15,,,,,
마포구,보육시설,신석,‘16,,,,,
마포구,보육시설,아이빛,‘16,,,,,
마포구,보육시설,동교,’18,,,,,
마포구,보육시설,노고산,’18,,,,,
양천구,유치원,해림유치원,’97,,,,,
양천구,유치원,다솜유치원,’98,,,,,
양천구,유치원,대한유치원,’97,,,,,
양천구,유치원,동연유치원,’97,,,,,
양천구,유치원,등대유치원,’98,,,,,
양천구,유치원,등촌유치원,’98,,,,,
양천구,유치원,목성유치원,’98,,,,,
양천구,유치원,사슴유치원,’98,,,,,
양천구,유치원,상아유치원,’98,,,,,
양천구,유치원,샘터유치원,’98,,,,,
양천구,유치원,성보유치원,’98,,,,,
양천구,유치원,솔밭유치원,’98,,,,,
양천구,유치원,양서유치원,’98,,,,,
양천구,유치원,어린이의정,’98,,,,,
양천구,유치원,원일유치원,’98,,,,,
양천구,유치원,빛나유치원,’99,,,,,
양천구,유치원,신일유치원,’99,,,,,
양천구,유치원,이화유치원,’99,,,,,
양천구,유치원,튼튼유치원,’99,,,,,
양천구,유치원,레인보우,’07,,,,,
양천구,유치원,세화유치원,’07,,,,,
양천구,유치원,푸른유치원,’07,,,,,
양천구,유치원,신목유치원,’08,,,,,
양천구,유치원,계상유치원,’10,,,,,
양천구,유치원,광영유치원,'10,,,,,
양천구,유치원,세진유치원,'10,,,,,
양천구,유치원,수영유치원,'10,,,,,
양천구,유치원,아란유치원,'10,,,,,
양천구,유치원,목동유치원,'10,,,,,
양천구,유치원,한서유치원,'10,,,,,
양천구,유치원,신예유치원,'10,,,,,
양천구,유치원,신정유치원,'16,,,,,
양천구,유치원,경인단설,'10,,,,,
양천구,유치원,신기병설,'10,,,,,
양천구,유치원,신원병설,'10,,,,,
양천구,유치원,양목병설,'10,,,,,
양천구,유치원,영도병설,'10,,,,,
양천구,유치원,월촌병설,'10,,,,,
양천구,유치원,장수병설,'10,,,,,
양천구,초등학교,남명,’95,,,,,
양천구,초등학교,양동,’95,,,,,
양천구,초등학교,강서,’96,,,,,
양천구,초등학교,강신(8),’96,,,,,
양천구,초등학교,신원(3),’96,,,,,
양천구,초등학교,양강,’96,,,,,
양천구,초등학교,양원,’96,,,,,
양천구,초등학교,갈산,’97,,,,,
양천구,초등학교,강월(9),’97,,,,,
양천구,초등학교,경인(1),’97,,,,,
양천구,초등학교,계남,’97,,,,,
양천구,초등학교,목동,’97,,,,,
양천구,초등학교,서정,’97,,,,,
양천구,초등학교,신목,’97,,,,,
양천구,초등학교,신서,’97,,,,,
양천구,초등학교,양명,’97,,,,,
양천구,초등학교,양목(4),’97,,,,,
양천구,초등학교,양화,’97,,,,,
양천구,초등학교,영도(5),’97,,,,,
양천구,초등학교,월촌(6),’97,,,,,
양천구,초등학교,은정,’97,,,,,
양천구,초등학교,정목,’97,,,,,
양천구,초등학교,목원,’98,,,,,
양천구,초등학교,신강,’98,,,,,
양천구,초등학교,신남,’98,,,,,
양천구,초등학교,신기(2),’00,,,,,
양천구,초등학교,지향,’04,,,,,
양천구,초등학교,장수(7),’06,,,,,
양천구,초등학교,목운,'09,,,,,
양천구,초등학교,신은(원인자),`11,,,,,
양천구,보육시설,꿈나래,’97,,,,,
양천구,보육시설,다솜,’97,,,,,
양천구,보육시설,신나는,’97,,,,,
양천구,보육시설,양천삼성,’97,,,,,
양천구,보육시설,청솔,’97,,,,,
양천구,보육시설,파란들,’97,,,,,
양천구,보육시설,파랑새,’97,,,,,
양천구,보육시설,sos,’97,,,,,
양천구,보육시설,강서중앙,’98,,,,,
양천구,보육시설,곰달래,'08,,,,,
양천구,보육시설,목동,'08,,,,,
양천구,보육시설,무궁화,'08,,,,,
양천구,보육시설,세진,'08,,,,,
양천구,보육시설,아트꿈나무,'08,,,,,
양천구,보육시설,엄마사랑,'08,,,,,
양천구,보육시설,우리또래,'08,,,,,
양천구,보육시설,은행정,'08,,,,,
양천구,보육시설,이화,'08,,,,,
양천구,보육시설,강성,'10,,,,,
양천구,보육시설,둥지,'10,,,,,
양천구,보육시설,신정3,'10,,,,,
양천구,보육시설,양문,'10,,,,,
양천구,보육시설,으뜸,'10,,,,,
양천구,보육시설,은혜,'10,,,,,
양천구,보육시설,해나라,'10,,,,,
양천구,보육시설,해바라기,'10,,,,,
양천구,보육시설,성결,'11,,,,,
양천구,보육시설,어깨동무,'11,,,,,
양천구,보육시설,예뜰,'11,,,,,
양천구,보육시설,지원,'11,,,,,
양천구,보육시설,넓은들,'12,,,,,
양천구,보육시설,그림나라,‘14,,,,,
양천구,보육시설,푸르미,‘15,,,,,
양천구,보육시설,청운,‘19,,,,,
강서구,유치원,문성(1),’97,,,,,
강서구,유치원,미도,’97,,,,,
강서구,유치원,보라,’97,,,,,
강서구,유치원,수미(4),’97,,,,,
강서구,유치원,신영,’97,,,,,
강서구,유치원,예지,’97,,,,,
강서구,유치원,대유,’98,,,,,
강서구,유치원,등촌이화,’98,,,,,
강서구,유치원,방화이화,’98,,,,,
강서구,유치원,새싹,’98,,,,,
강서구,유치원,국제,’99,,,,,
강서구,유치원,선미,’03,,,,,
강서구,유치원,신세기,’03,,,,,
강서구,유치원,우일,’03,,,,,
강서구,유치원,윤서,’04,,,,,
강서구,유치원,등촌제일,’07,,,,,
강서구,유치원,동그라미,’98,,,,,
강서구,유치원,예일,'09,,,,,
강서구,유치원,강서,'09,,,,,
강서구,유치원,예은,'14,,,,,
강서구,유치원,밤비니,‘14,,,,,
강서구,유치원,마곡(원인자),‘15,,,,,
강서구,유치원,우현,'18,,,,,
강서구,유치원,정곡병(1),'10,,,,,
강서구,유치원,공진병(2),'10,,,,,
강서구,유치원,공항병(3),'10,,,,,
강서구,유치원,내발산병(4),'10,,,,,
강서구,유치원,염경병(5),'10,,,,,
강서구,유치원,화일병(6),'10,,,,,
강서구,초등학교,가곡,’95,,,,,
강서구,초등학교,발산,’95,,,,,
강서구,초등학교,방화,’95,,,,,
강서구,초등학교,백석,’95,,,,,
강서구,초등학교,삼정,’95,,,,,
강서구,초등학교,신곡,’95,,,,,
강서구,초등학교,정곡(8),’95,,,,,
강서구,초등학교,치현,’95,,,,,
강서구,초등학교,송정,’96,,,,,
강서구,초등학교,신월,’96,,,,,
강서구,초등학교,신정,’96,,,,,
강서구,초등학교,우장(1),’96,,,,,
강서구,초등학교,화곡,’96,,,,,
강서구,초등학교,가양,’97,,,,,
강서구,초등학교,개화,’97,,,,,
강서구,초등학교,공진(2),’97,,,,,
강서구,초등학교,공항(5),’97,,,,,
강서구,초등학교,내발산(6),’97,,,,,
강서구,초등학교,등명,’97,,,,,
강서구,초등학교,등서,’97,,,,,
강서구,초등학교,등양,’97,,,,,
강서구,초등학교,등원(3),’97,,,,,
강서구,초등학교,등촌,’97,,,,,
강서구,초등학교,등현(3),’97,,,,,
강서구,초등학교,송화,’97,,,,,
강서구,초등학교,양천,’97,,,,,
강서구,초등학교,염강,’97,,,,,
강서구,초등학교,염창,’97,,,,,
강서구,초등학교,월정(4),’97,,,,,
강서구,초등학교,탑산(2),’97,,,,,
강서구,초등학교,유석,’97,,,,,
강서구,초등학교,염동,’98,,,,,
강서구,초등학교,염경(7),’05,,,,,
강서구,초등학교,화일(9),’05,,,,,
강서구,초등학교,수명,’08,,,,,
강서구,초등학교,등마,'09,,,,,
강서구,특수학교,교남,’97,,,,,
강서구,보육시설,발산,'09,,,,,
강서구,보육시설,프란치스코,'09,,,,,
강서구,보육시설,으뜸,'09,,,,,
강서구,보육시설,상아,`11,,,,,
강서구,보육시설,동산,`11,,,,,
강서구,보육시설,이레,‘14,,,,,
강서구,보육시설,신원,‘15,,,,,
강서구,보육시설,어린왕자,‘16,,,,,
강서구,보육시설,까치산,‘16,,,,,
강서구,보육시설,에반,‘16,,,,,
강서구,보육시설,예은,‘16,,,,,
강서구,보육시설,구립아이솔,‘16,,,,,
강서구,보육시설,선화,'17,,,,,
강서구,보육시설,배다리,'17,,,,,
강서구,보육시설,버클리,'18,,,,,
강서구,보육시설,사이언스,'19,,,,,
강서구,보육시설,하늘,'19,,,,,
구로구,유치원,고척초병설,’10,,,,,
구로구,유치원,매봉초병설,’10,,,,,
구로구,유치원,미래초병설,’10,,,,,
구로구,유치원,신미림초병,’10,,,,,
구로구,유치원,영서초병설,’10,,,,,
구로구,유치원,개봉초병설,’10,,,,,
구로구,유치원,꿀벌,’98,,,,,
구로구,유치원,나비,’98,,,,,
구로구,유치원,도현,’98,,,,,
구로구,유치원,버들,’98,,,,,
구로구,유치원,신도,’06,,,,,
구로구,유치원,예쁨,’98,,,,,
구로구,유치원,일신,’98,,,,,
구로구,유치원,아람,’08,,,,,
구로구,유치원,미림,’09,,,,,
구로구,유치원,사랑,’09,,,,,
구로구,유치원,준희,’96,,,,,
구로구,유치원,동정성모,’95,,,,,
구로구,유치원,서울남,’10,,,,,
구로구,유치원,혜원,’10,,,,,
구로구,유치원,숲속나무,’13,,,,,
구로구,유치원,하늘숲,’14,,,,,
구로구,초등학교,개영,’96,,,,,
구로구,초등학교,개봉,’95,,,,,
구로구,초등학교,개웅,’97,,,,,
구로구,초등학교,고산,’95,,,,,
구로구,초등학교,고원,’04,,,,,
구로구,초등학교,고척,’95,,,,,
구로구,초등학교,구로남,’95,,,,,
구로구,초등학교,구로,’95,,,,,
구로구,초등학교,구일,’96,,,,,
구로구,초등학교,덕의,’95,,,,,
구로구,초등학교,동구로,’95,,,,,
구로구,초등학교,매봉,’95,,,,,
구로구,초등학교,미래,’01,,,,,
구로구,초등학교,세곡,’95,,,,,
구로구,초등학교,신구로,’96,,,,,
구로구,초등학교,신도림,’97,,,,,
구로구,초등학교,신미림,’01,,,,,
구로구,초등학교,영서,’96,,,,,
구로구,초등학교,영일,’96,,,,,
구로구,초등학교,오류남,’96,,,,,
구로구,초등학교,오류,’96,,,,,
구로구,초등학교,오정,’95,,,,,
구로구,초등학교,온수,’97,,,,,
구로구,초등학교,천왕,’11,,,,,
구로구,초등학교,하늘숲,’18,,,,,
구로구,초등학교,항동,’18,,,,,
구로구,특수학교,정진,’02,,,,,
구로구,특수학교,성베드로,’97,,,,,
구로구,특수학교,지구촌학교,’18,,,,,
구로구,보육시설,구로삼성,’10,,,,,
구로구,보육시설,구일,’09,,,,,
구로구,보육시설,남산,’10,,,,,
구로구,보육시설,지암,’07,,,,,
구로구,보육시설,궁동,’07,,,,,
구로구,보육시설,무궁,’08,,,,,
구로구,보육시설,광진선교,’10,,,,,
구로구,보육시설,세라핑,‘10,,,,,
구로구,보육시설,LG전자,‘13,,,,,
구로구,보육시설,샛별,‘13,,,,,
구로구,보육시설,샘소술,‘14,,,,,
구로구,보육시설,예쁜별,‘14,,,,,
구로구,보육시설,예뜰,‘16,,,,,
구로구,보육시설,항동,‘16,,,,,
금천구,유치원,독산,’98,,,,,
금천구,유치원,양지,’98,,,,,
금천구,유치원,시내,’99,,,,,
금천구,유치원,미성,’02,,,,,
금천구,유치원,조형,'09,,,,,
금천구,유치원,두산병(2),'10,,,,,
금천구,유치원,백산병(3),'10,,,,,
금천구,유치원,동산,`10,,,,,
금천구,유치원,서울국악,`10,,,,,
금천구,유치원,탑동단설,`10,,,,,
금천구,초등학교,가산,’95,,,,,
금천구,초등학교,독산,’95,,,,,
금천구,초등학교,두산(2),’95,,,,,
금천구,초등학교,문교,’95,,,,,
금천구,초등학교,백산(3),’95,,,,,
금천구,초등학교,신흥,’95,,,,,
금천구,초등학교,영남,’95,,,,,
금천구,초등학교,탑동(1),’95,,,,,
금천구,초등학교,문성,’96,,,,,
금천구,초등학교,안천,’96,,,,,
금천구,초등학교,정심,’96,,,,,
금천구,초등학교,금천,’97,,,,,
금천구,초등학교,문백,’97,,,,,
금천구,초등학교,시흥,’97,,,,,
금천구,초등학교,금산,’98,,,,,
금천구,초등학교,금동,’03,,,,,
금천구,초등학교,동광,’03,,,,,
금천구,초등학교,금나래초,’18,,,,,
금천구,보육시설,정심,’99,,,,,
금천구,보육시설,개미,’99,,,,,
금천구,보육시설,모아래,’06,,,,,
금천구,보육시설,시흥5동,’06,,,,,
금천구,보육시설,새라,’06,,,,,
금천구,보육시설,자연,’06,,,,,
금천구,보육시설,기쁨,'09,,,,,
금천구,보육시설,꿈나래,'09,,,,,
금천구,보육시설,본동,'09,,,,,
금천구,보육시설,가산,`11,,,,,
금천구,보육시설,샛별,`11,,,,,
금천구,보육시설,양문,`11,,,,,
금천구,보육시설,한울아트스쿨,`11,,,,,
금천구,보육시설,독산본동,`12,,,,,
금천구,보육시설,옥계,`12,,,,,
금천구,보육시설,시흥4동,`12,,,,,
금천구,보육시설,금주,`12,,,,,
금천구,보육시설,새길,`12,,,,,
금천구,보육시설,해솔예술,‘13,,,,,
금천구,보육시설,애경,‘13,,,,,
금천구,보육시설,새롬,‘15,,,,,
영등포구,유치원,성락,’95,,,,,
영등포구,유치원,한영교회,’97,,,,,
영등포구,유치원,에덴,’98,,,,,
영등포구,유치원,영중,’98,,,,,
영등포구,유치원,침례,’98,,,,,
영등포구,유치원,성모,’99,,,,,
영등포구,유치원,청은,'08,,,,,
영등포구,유치원,대림,'08,,,,,
영등포구,유치원,동천,'08,,,,,
영등포구,유치원,명신,'08,,,,,
영등포구,유치원,새나,'08,,,,,
영등포구,유치원,신라,'08,,,,,
영등포구,유치원,우성,'08,,,,,
영등포구,유치원,푸른나라,'15,,,,,
영등포구,유치원,큰나무,'08,,,,,
영등포구,유치원,파란나라,'08,,,,,
영등포구,유치원,은하,'09,,,,,
영등포구,유치원,정은,'09,,,,,
영등포구,유치원,파랑새,'09,,,,,
영등포구,유치원,평강,'09,,,,,
영등포구,유치원,평화,'09,,,,,
영등포구,유치원,한신혜원,'09,,,,,
영등포구,유치원,성미,'09,,,,,
영등포구,유치원,당중병설,'10,,,,,
영등포구,유치원,대동병설,'10,,,,,
영등포구,유치원,도신병설,'10,,,,,
영등포구,유치원,영등포병설,'10,,,,,
영등포구,유치원,영림병설,'10,,,,,
영등포구,유치원,영중병설,'10,,,,,
영등포구,유치원,윤중병설,'10,,,,,
영등포구,유치원,영은,`10,,,,,
영등포구,유치원,돈보스꼬,`12,,,,,
영등포구,유치원,연화,`12,,,,,
영등포구,유치원,양평,‘13,,,,,
영등포구,초등학교,당산,’95,,,,,
영등포구,초등학교,당서,’95,,,,,
영등포구,초등학교,당중(1),’95,,,,,
영등포구,초등학교,대길,’95,,,,,
영등포구,초등학교,대동(2),’95,,,,,
영등포구,초등학교,대영,’95,,,,,
영등포구,초등학교,도림,’95,,,,,
영등포구,초등학교,도신(3),’95,,,,,
영등포구,초등학교,문래,’95,,,,,
영등포구,초등학교,신영,’95,,,,,
영등포구,초등학교,여의도,’95,,,,,
영등포구,초등학교,영동,’95,,,,,
영등포구,초등학교,영신,’95,,,,,
영등포구,초등학교,영중(6),’95,,,,,
영등포구,초등학교,영등포(4),’96,,,,,
영등포구,초등학교,영림(5),’96,,,,,
영등포구,초등학교,윤중(7),’96,,,,,
영등포구,초등학교,신대림,’97,,,,,
영등포구,초등학교,대방,’98,,,,,
영등포구,초등학교,우신,’98,,,,,
영등포구,초등학교,영원,’03,,,,,
영등포구,초등학교,영문,’05,,,,,
영등포구,초등학교,선유,’07,,,,,
영등포구,보육시설,신길5동,’07,,,,,
영등포구,보육시설,해태,’07,,,,,
영등포구,보육시설,남서울,’07,,,,,
영등포구,보육시설,은석,’07,,,,,
영등포구,보육시설,양평1동,’07,,,,,
영등포구,보육시설,신이화,’07,,,,,
영등포구,보육시설,무지개영재,’07,,,,,
영등포구,보육시설,국회,’07,,,,,
영등포구,보육시설,구립하정,`11,,,,,
영등포구,보육시설,하나푸르니신길,`11,,,,,
영등포구,보육시설,영신,`11,,,,,
영등포구,보육시설,꿈나무,`11,,,,,
영등포구,보육시설,양평3가,`12,,,,,
영등포구,보육시설,KDB,‘14,,,,,
영등포구,보육시설,선재,’17,,,,,
동작구,유치원,강남,’09,,,,,
동작구,유치원,동그라미,’95,,,,,
동작구,유치원,동아,’03,,,,,
동작구,유치원,명수,’98,,,,,
동작구,유치원,벧엘,’97,,,,,
동작구,유치원,사랑,’03,,,,,
동작구,유치원,사도,’09,,,,,
동작구,유치원,상아,’98,,,,,
동작구,유치원,성모,'09,,,,,
동작구,유치원,행복,'09,,,,,
동작구,유치원,승혜,'98,,,,,
동작구,유치원,애광,’98,,,,,
동작구,유치원,양문,’97,,,,,
동작구,유치원,열림,’97,,,,,
동작구,유치원,요요,’03,,,,,
동작구,유치원,중앙대부속,’99,,,,,
동작구,유치원,샛별,‘14,,,,,
동작구,유치원,하랑숲,’17,,,,,
동작구,유치원,시현,’18,,,,,
동작구,유치원,행복한숲,’19,,,,,
동작구,유치원,신남성병(1),'10,,,,,
동작구,유치원,은로병(2),'10,,,,,
동작구,초등학교,강남,’95,,,,,
동작구,초등학교,남사(1),’95,,,,,
동작구,초등학교,남성,’95,,,,,
동작구,초등학교,문창,’95,,,,,
동작구,초등학교,신남성(3),’95,,,,,
동작구,초등학교,신상도,’95,,,,,
동작구,초등학교,영화,’95,,,,,
동작구,초등학교,신길(2),’96,,,,,
동작구,초등학교,은로(4),’96,,,,,
동작구,초등학교,행림,’96,,,,,
동작구,초등학교,노량진,’97,,,,,
동작구,초등학교,대림(2),’97,,,,,
동작구,초등학교,동작,’97,,,,,
동작구,초등학교,본동,’97,,,,,
동작구,초등학교,상도,’97,,,,,
동작구,초등학교,영본,’97,,,,,
동작구,초등학교,흑석,’98,,,,,
동작구,초등학교,중대부속,’98,,,,,
동작구,초등학교,보라매,’05,,,,,
동작구,초등학교,삼일,’07,,,,,
동작구,초등학교,상현(원인자),`12,,,,,
동작구,특수학교,삼성,’97,,,,,
동작구,보육시설,양지,’06,,,,,
동작구,보육시설,우리,’06,,,,,
동작구,보육시설,예담,’06,,,,,
동작구,보육시설,참사랑,’06,,,,,
동작구,보육시설,연꽃,’06,,,,,
동작구,보육시설,은하,’06,,,,,
동작구,보육시설,아롱다롱,’06,,,,,
동작구,보육시설,꿈나무,'07,,,,,
동작구,보육시설,상도,`10,,,,,
동작구,보육시설,문화,’13,,,,,
동작구,보육시설,성대,`14,,,,,
동작구,보육시설,큰별,`14,,,,,
동작구,보육시설,다문화,`12,,,,,
동작구,보육시설,애광,`12,,,,,
동작구,보육시설,노벨,‘13,,,,,
동작구,보육시설,영재,‘12,,,,,
동작구,보육시설,사당4,‘19,,,,,
관악구,유치원,건영,’97,,,,,
관악구,유치원,동원,’97,,,,,
관악구,유치원,배꽃,’97,,,,,
관악구,유치원,소슬,’97,,,,,
관악구,유치원,예닯,’97,,,,,
관악구,유치원,은아,’97,,,,,
관악구,유치원,현대,’97,,,,,
관악구,유치원,명성,’98,,,,,
관악구,유치원,새소슬,’98,,,,,
관악구,유치원,새싹,’98,,,,,
관악구,유치원,신림,’98,,,,,
관악구,유치원,애동,’98,,,,,
관악구,유치원,종인,’98,,,,,
관악구,유치원,하늘,’98,,,,,
관악구,유치원,한별,’98,,,,,
관악구,유치원,큰솔,’03,,,,,
관악구,유치원,은비,’05,,,,,
관악구,유치원,꿈나라,’09,,,,,
관악구,유치원,신우단설,’10,,,,,
관악구,유치원,관악병설,’10,,,,,
관악구,유치원,난곡병설,’10,,,,,
관악구,유치원,봉천병설,’10,,,,,
관악구,유치원,삼성병설,'10,,,,,
관악구,유치원,신성병설,'10,,,,,
관악구,유치원,원당병설,'10,,,,,
관악구,유치원,은천병설,'10,,,,,
관악구,유치원,청룡병설,'10,,,,,
관악구,유치원,영그린,'15,,,,,
관악구,유치원,예일,'15,,,,,
관악구,초등학교,관악(2),’95,,,,,
관악구,초등학교,구암,’95,,,,,
관악구,초등학교,난곡(3),’95,,,,,
관악구,초등학교,난우,’95,,,,,
관악구,초등학교,난향,’95,,,,,
관악구,초등학교,남부,’95,,,,,
관악구,초등학교,당곡,’95,,,,,
관악구,초등학교,미성,’95,,,,,
관악구,초등학교,사당,’95,,,,,
관악구,초등학교,신우(1),’95,,,,,
관악구,초등학교,원당(7),’95,,,,,
관악구,초등학교,인헌,’95,,,,,
관악구,초등학교,청룡(9),’95,,,,,
관악구,초등학교,삼성(5),’96,,,,,
관악구,초등학교,신림,’96,,,,,
관악구,초등학교,신봉,’96,,,,,
관악구,초등학교,은천(8),’96,,,,,
관악구,초등학교,봉천(4),’98,,,,,
관악구,초등학교,신성(6),’98,,,,,
관악구,초등학교,봉현,’03,,,,,
관악구,초등학교,원신,’03,,,,,
관악구,초등학교,조원,’05,,,,,
관악구,특수학교,정문,’97,,,,,
관악구,특수학교,삼육재활,’97,,,,,
관악구,보육시설,구립선봉,’97,,,,,
관악구,보육시설,구립다원,’10,,,,,
관악구,보육시설,구립도담,'10,,,,,
관악구,보육시설,구립새빛,`10,,,,,
관악구,보육시설,구립노아,`97,,,,,
관악구,보육시설,구립문성,`07,,,,,
관악구,보육시설,구립미림,`13,,,,,
관악구,보육시설,구립합실,‘13,,,,,
관악구,보육시설,구립서원,‘13,,,,,
관악구,보육시설,예대,‘13,,,,,
관악구,보육시설,미래클,’15,,,,,
관악구,보육시설,아뜰,’17,,,,,
관악구,보육시설,초롱별,’18,,,,,
서초구,유치원,여나,’98,,,,,
서초구,유치원,하나,’98,,,,,
서초구,유치원,구룡,’99,,,,,
서초구,유치원,석문,’99,,,,,
서초구,유치원,양재천사,’99,,,,,
서초구,유치원,신반포중앙,’07,,,,,
서초구,유치원,반포병(1),'10,,,,,
서초구,유치원,방배병(2),'10,,,,,
서초구,유치원,서래병(3),'10,,,,,
서초구,유치원,원명병(4),'10,,,,,
서초구,유치원,새순,'10,,,,,
서초구,유치원,한신,`07,,,,,
서초구,유치원,영생,`10,,,,,
서초구,유치원,반포성모,`10,,,,,
서초구,유치원,새성민,`10,,,,,
서초구,유치원,서초(원인자),‘14,,,,,
서초구,유치원,청계숲(원인자),‘15,,,,,
서초구,초등학교,신중,’96,,,,,
서초구,초등학교,서일,’98,,,,,
서초구,초등학교,방배,’98,,,,,
서초구,초등학교,서초,’96,,,,,
서초구,초등학교,방현,’96,,,,,
서초구,초등학교,언남,’14,,,,,
서초구,초등학교,방일,’96,,,,,
서초구,초등학교,이수,’98,,,,,
서초구,초등학교,서래,’95,,,,,
서초구,초등학교,양재,’96,,,,,
서초구,초등학교,서이,’96,,,,,
서초구,초등학교,원명,’98,,,,,
서초구,초등학교,신동,’98,,,,,
서초구,초등학교,반포,’96,,,,,
서초구,초등학교,서원,’96,,,,,
서초구,초등학교,반원,’95,,,,,
서초구,초등학교,우암,’96,,,,,
서초구,초등학교,교대부속,’96,,,,,
서초구,초등학교,잠원,’95,,,,,
서초구,초등학교,계성,’06,,,,,
서초구,초등학교,원촌,’95,,,,,
서초구,초등학교,매헌,‘08,,,,,
서초구,초등학교,우면,’13,,,,,
서초구,초등학교,우슬,’14,,,,,
서초구,특수학교,다니엘,’97,,,,,
서초구,보육시설,서초,'08,,,,,
서초구,보육시설,반포1동,'08,,,,,
서초구,보육시설,서초성모,'08,,,,,
서초구,보육시설,서초연꽃,'08,,,,,
서초구,보육시설,서초장미,'08,,,,,
서초구,보육시설,푸르니서초,'08,,,,,
서초구,보육시설,서초중앙,'08,,,,,
서초구,보육시설,아람마주이야기,'08,,,,,
서초구,보육시설,서초구청직장,'08,,,,,
서초구,보육시설,하나푸르니,`14,,,,,
서초구,보육시설,반포서래,‘14,,,,,
서초구,보육시설,반포,‘13,,,,,
서초구,보육시설,LG전자강남센터,‘16,,,,,
서초구,보육시설,사랑의,‘16,,,,,
서초구,보육시설,샤이닝키즈,‘17,,,,,
서초구,보육시설,남태령,‘18,,,,,
서초구,보육시설,서초남서울,‘18,,,,,
강남구 ,유치원,돌샘,’97,,,,,
강남구 ,유치원,신양,’97,,,,,
강남구 ,유치원,이화,’97,,,,,
강남구 ,유치원,영동제일,’97,,,,,
강남구 ,유치원,소망,’98,,,,,
강남구 ,유치원,청운교회부,’98,,,,,
강남구 ,유치원,묘동,’99,,,,,
강남구 ,유치원,푸른,’99,,,,,
강남구 ,유치원,성요셉,’99,,,,,
강남구 ,유치원,강남,’05,,,,,
강남구 ,유치원,럭키,’07,,,,,
강남구 ,유치원,반디,’07,,,,,
강남구 ,유치원,신우주,’07,,,,,
강남구 ,유치원,초원,’07,,,,,
강남구 ,유치원,성결,’07,,,,,
강남구 ,유치원,하늘빛,’97,,,,,
강남구 ,유치원,도곡렉슬,’09,,,,,
강남구 ,유치원,아란,'10,,,,,
강남구 ,유치원,은곡,`15,,,,,
강남구 ,유치원,역삼병설,'10 ,,,,,
강남구 ,유치원,개포단설,'10,,,,,
강남구 ,유치원,대현병설,'10,,,,,
강남구 ,유치원,수서병설,'10,,,,,
강남구 ,초등학교,대곡,’95,,,,,
강남구 ,초등학교,대왕,’95,,,,,
강남구 ,초등학교,대현(3),’95,,,,,
강남구 ,초등학교,도곡,’95,,,,,
강남구 ,초등학교,도성,’95,,,,,
강남구 ,초등학교,봉은,’95,,,,,
강남구 ,초등학교,삼릉,’95,,,,,
강남구 ,초등학교,청담,’95,,,,,
강남구 ,초등학교,포이,’95,,,,,
강남구 ,초등학교,논현,’96,,,,,
강남구 ,초등학교,신구,’96,,,,,
강남구 ,초등학교,언북,’96,,,,,
강남구 ,초등학교,영희,’96,,,,,
강남구 ,초등학교,일원,’96,,,,,
강남구 ,초등학교,학동,’96,,,,,
강남구 ,초등학교,개원,’97,,,,,
강남구 ,초등학교,개일,’97,,,,,
강남구 ,초등학교,구룡,’97,,,,,
강남구 ,초등학교,대도,’97,,,,,
강남구 ,초등학교,대모,’97,,,,,
강남구 ,초등학교,대진,’97,,,,,
강남구 ,초등학교,수서(4),’97,,,,,
강남구 ,초등학교,압구정,’97,,,,,
강남구 ,초등학교,언주,’97,,,,,
강남구 ,초등학교,역삼(1),’97,,,,,
강남구 ,초등학교,왕북,’97,,,,,
강남구 ,초등학교,개포(2),’98,,,,,
강남구 ,초등학교,대청,’98,,,,,
강남구 ,초등학교,대치,’98,,,,,
강남구 ,초등학교,양전,’98,,,,,
강남구 ,초등학교,세명(원인자),`12,,,,,
강남구 ,초등학교,율현(원인자),‘13,,,,,
강남구 ,초등학교,자곡,‘15,,,,,
강남구 ,특수학교,밀알,’98,,,,,
강남구 ,특수학교,정애,'10,,,,,
강남구 ,보육시설,연화,`11,,,,,
강남구 ,보육시설,한별,`11,,,,,
강남구 ,보육시설,삼성,`11,,,,,
강남구 ,보육시설,오르다,`11,,,,,
강남구 ,보육시설,선릉삼성,`11,,,,,
강남구 ,보육시설,성모,`11,,,,,
강남구 ,보육시설,준현,`11,,,,,
강남구 ,보육시설,푸른,`11,,,,,
강남구 ,보육시설,자람,`11,,,,,
강남구 ,보육시설,목련,`11,,,,,
강남구 ,보육시설,대치,`11,,,,,
강남구 ,보육시설,한티,`11,,,,,
강남구 ,보육시설,킹스키즈,`11,,,,,
강남구 ,보육시설,선재,`11,,,,,
강남구 ,보육시설,성아,`11,,,,,
강남구 ,보육시설,청수,`11,,,,,
강남구 ,보육시설,튼튼영재,`11,,,,,
강남구 ,보육시설,강남구직장,`12,,,,,
강남구 ,보육시설,구민회관,`12,,,,,
강남구 ,보육시설,신사,`12,,,,,
강남구 ,보육시설,보미나,`12,,,,,
강남구 ,보육시설,청담 ,`12,,,,,
강남구 ,보육시설,역삼,`12,,,,,
강남구 ,보육시설,선우,`12,,,,,
강남구 ,보육시설,개포 ,`12,,,,,
강남구 ,보육시설,수서 ,`12,,,,,
강남구 ,보육시설,일원 ,`12,,,,,
강남구 ,보육시설,압구정,`12,,,,,
강남구 ,보육시설,언북몬테소리,`12,,,,,
강남구 ,보육시설,강남동산,`12,,,,,
강남구 ,보육시설,도토리소풍,`12,,,,,
강남구 ,보육시설,압구정아람,`13,,,,,
강남구 ,보육시설,예지,‘13,,,,,
강남구 ,보육시설,강남,‘13,,,,,
강남구 ,보육시설,방죽,‘13,,,,,
강남구 ,보육시설,바롬,‘13,,,,,
강남구 ,보육시설,역삼가애,‘13,,,,,
강남구 ,보육시설,아이뜰,‘13,,,,,
강남구 ,보육시설,해맑은,‘13,,,,,
강남구 ,보육시설,대청,‘13,,,,,
강남구 ,보육시설,충현,‘16,,,,,
강남구 ,보육시설,세곡햇빛,‘17,,,,,
강남구 ,보육시설,한울,‘18,,,,,
송파구,유치원,동삼,’08,,,,,
송파구,유치원,동화나라,’09,,,,,
송파구,유치원,불광,’09,,,,,
송파구,유치원,석촌,’07,,,,,
송파구,유치원,시연,’08,,,,,
송파구,유치원,은선,'08,,,,,
송파구,유치원,제일무궁화,'08,,,,,
송파구,유치원,예은,'09,,,,,
송파구,유치원,아이코리아세새대,'09,,,,,
송파구,유치원,별나라,'09,,,,,
송파구,유치원,수정,'09,,,,,
송파구,유치원,생명나무,'09,,,,,
송파구,유치원,햇빛,'09,,,,,
송파구,유치원,혜림,'09,,,,,
송파구,유치원,아주,'10,,,,,
송파구,유치원,기린,'11,,,,,
송파구,유치원,꿈밭,'11,,,,,
송파구,유치원,솔가람(원인자),‘14,,,,,
송파구,유치원,티움,‘16,,,,,
송파구,유치원,가락병설,’10,,,,,
송파구,유치원,거여병설,’10,,,,,
송파구,유치원,세륜병설,’10,,,,,
송파구,유치원,송전병설,’10,,,,,
송파구,유치원,신천병설,’10,,,,,
송파구,유치원,잠신병설,’10,,,,,
송파구,유치원,잠일병설,’10,,,,,
송파구,초등학교,가동,’07,,,,,
송파구,초등학교,가원,’06,,,,,
송파구,초등학교,가주,’05,,,,,
송파구,초등학교,거여,’03,,,,,
송파구,초등학교,거원,’07,,,,,
송파구,초등학교,남천,’06,,,,,
송파구,초등학교,마천,’05,,,,,
송파구,초등학교,문덕,’06,,,,,
송파구,초등학교,문정,’04,,,,,
송파구,초등학교,방산,’05,,,,,
송파구,초등학교,방이,’04,,,,,
송파구,초등학교,삼전,’05,,,,,
송파구,초등학교,석촌,’05,,,,,
송파구,초등학교,세륜,’06,,,,,
송파구,초등학교,송파,’04,,,,,
송파구,초등학교,신가,’05,,,,,
송파구,초등학교,신천,’07,,,,,
송파구,초등학교,아주,’06,,,,,
송파구,초등학교,영풍,’05,,,,,
송파구,초등학교,오금,’06,,,,,
송파구,초등학교,오륜,’07,,,,,
송파구,초등학교,잠동,’07,,,,,
송파구,초등학교,잠전,’06,,,,,
송파구,초등학교,중대,’05,,,,,
송파구,초등학교,토성,’06,,,,,
송파구,초등학교,평화,’06,,,,,
송파구,초등학교,풍납,’05,,,,,
송파구,초등학교,풍성,’06,,,,,
송파구,초등학교,송전,’07,,,,,
송파구,초등학교,문현,’08,,,,,
송파구,초등학교,개롱,’08,,,,,
송파구,초등학교,잠일,’08,,,,,
송파구,초등학교,잠신,’98,,,,,
송파구,초등학교,잠실,’08,,,,,
송파구,초등학교,잠현,’08,,,,,
송파구,초등학교,버들,’15,,,,,
송파구,초등학교,송례,‘13,,,,,
송파구,초등학교,위례별,‘15,,,,,
송파구,초등학교,가락,‘19,,,,,
송파구,초등학교,해누리,‘19,,,,,
송파구,특수학교,육영(1),’09,,,,,
송파구,보육시설,천마,’06,,,,,
송파구,보육시설,사랑,’06,,,,,
송파구,보육시설,오금,’06,,,,,
송파구,보육시설,열매,’06,,,,,
송파구,보육시설,송파제일,’06,,,,,
송파구,보육시설,아산,’06,,,,,
송파구,보육시설,풍납,’06,,,,,
송파구,보육시설,가락본동,`10,,,,,
송파구,보육시설,풍성,`10,,,,,
송파구,보육시설,뉴한가람,`10,,,,,
송파구,보육시설,금륜,`10,,,,,
송파구,보육시설,천사,`10,,,,,
송파구,보육시설,석촌호수,`10,,,,,
송파구,보육시설,산성,`10,,,,,
송파구,보육시설,거여,`10,,,,,
송파구,보육시설,마천,`10,,,,,
송파구,보육시설,버들,`10,,,,,
송파구,보육시설,잠실,`10,,,,,
송파구,보육시설,행복한,`11,,,,,
송파구,보육시설,예랑,‘13,,,,,
송파구,보육시설,주주,‘13 ,,,,,
송파구,보육시설,가원,‘15,,,,,
송파구,보육시설,예일,’17,,,,,
강동구,유치원,천호,’97,,,,,
강동구,유치원,화랑,’97,,,,,
강동구,유치원,가람,’98,,,,,
강동구,유치원,녹원,’98,,,,,
강동구,유치원,유정,’98,,,,,
강동구,유치원,은새,’98,,,,,
강동구,유치원,한성,’98,,,,,
강동구,유치원,반석,’99,,,,,
강동구,유치원,준현,’03,,,,,
강동구,유치원,오송,’03,,,,,
강동구,유치원,성보나,‘09,,,,,
강동구,유치원,예슬,‘09,,,,,
강동구,유치원,송원,‘09,,,,,
강동구,유치원,예크,‘09,,,,,
강동구,유치원,서울,‘09,,,,,
강동구,유치원,구강사,'10,,,,,
강동구,유치원,둔촌,'10,,,,,
강동구,유치원,명덕,'10,,,,,
강동구,유치원,둘리,`12,,,,,
강동구,유치원,고덕,`12,,,,,
강동구,유치원,색동,`12,,,,,
강동구,유치원,한울,`12,,,,,
강동구,유치원,강일유정(원인자),`12,,,,,
강동구,유치원,강일늘사랑,`14,,,,,
강동구,유치원,명일단(1),'10,,,,,
강동구,유치원,강덕병(2),'10,,,,,
강동구,유치원,고명병(3),'10,,,,,
강동구,유치원,길동병(4),'10,,,,,
강동구,유치원,선린병(5),'10,,,,,
강동구,유치원,위례병(6),'10,,,,,
강동구,초등학교,강덕,’95,,,,,
강동구,초등학교,강동,’95,,,,,
강동구,초등학교,강명,’11,,,,,
강동구,초등학교,강일,’95,,,,,
강동구,초등학교,고덕,’95,,,,,
강동구,초등학교,고명,’95,,,,,
강동구,초등학교,고일,’99,,,,,
강동구,초등학교,길동,’96,,,,,
강동구,초등학교,대명,’95,,,,,
강동구,초등학교,둔촌,’98,,,,,
강동구,초등학교,명덕,’98,,,,,
강동구,초등학교,명원,’96,,,,,
강동구,초등학교,명일,’97,,,,,
강동구,초등학교,묘곡,’98,,,,,
강동구,초등학교,상일,’98,,,,,
강동구,초등학교,선린,’95,,,,,
강동구,초등학교,선사,’01,,,,,
강동구,초등학교,성내,’95,,,,,
강동구,초등학교,성일,’95,,,,,
강동구,초등학교,신명,’98,,,,,
강동구,초등학교,신암,’97,,,,,
강동구,초등학교,위례,’95,,,,,
강동구,초등학교,천동,’95,,,,,
강동구,초등학교,천일,’95,,,,,
강동구,초등학교,천호,’95,,,,,
강동구,초등학교,한산,’97,,,,,
강동구,초등학교,강솔,’17,,,,,
강동구,특수학교,한국구화,’97,,,,,
강동구,특수학교,주몽,’97,,,,,
강동구,보육시설,강일,’09,,,,,
강동구,보육시설,고일,’07,,,,,
강동구,보육시설,상일,’07,,,,,
강동구,보육시설,암사무지개,’07,,,,,
강동구,보육시설,암사,’07,,,,,
강동구,보육시설,한양,`07,,,,,
강동구,보육시설,둔촌,`10,,,,,
강동구,보육시설,개나리,`10,,,,,
강동구,보육시설,곡교,`10,,,,,
강동구,보육시설,성심,`10,,,,,
강동구,보육시설,세정,`10,,,,,
강동구,보육시설,예일,`10,,,,,
강동구,보육시설,강동아이슐,`10,,,,,
강동구,보육시설,예은,`10,,,,,
강동구,보육시설,자연,`10,,,,,
강동구,보육시설,반석,`12,,,,,
강동구,보육시설,라온,‘13,,,,,
강동구,보육시설,그린,‘13,,,,,
강동구,보육시설,애지,‘13,,,,,
강동구,보육시설,강동복지관,‘13,,,,,
강동구,보육시설,올리브나무,‘13,,,,,
강동구,보육시설,자이젠킨더,‘15,,,,,
강동구,보육시설,강동무지개,‘15,,,,,
강동구,보육시설,푸른숲,‘15,,,,,
강동구,보육시설,예꿈,‘15,,,,,
강동구,보육시설,동심,‘16,,,,,
강동구,보육시설,구립은강,‘17,,,,,
강동구,보육시설,구립해나,’18,,,,,
강동구,보육시설,성내참사랑,’18,,,,,
