발생년,발생년월일시,주야,요일,사망자수,사상자수,중상자수,경상자수,부상신고자수,발생지시도,발생지시군구,사고유형_대분류,사고유형_중분류,사고유형,법규위반,도로형태_대분류,도로형태,가해자_당사자종별,피해자_당사자종별,발생위치X_UTMK,발생위치Y_UTMK,경도,위도
2017,20170101,야간,일,1,1,0,0,0,서울,송파구,차대사람,횡단중,횡단중,안전운전 의무 불이행,교차로,교차로부근,승용차,보행자,967570,1944453,127.133107,37.49874052
2017,20170101,야간,일,1,1,0,0,0,서울,금천구,차대사람,기타,기타,안전운전 의무 불이행,단일로,기타단일로,승용차,보행자,946778,1941695,126.8980936,37.47294629
2017,20170102,야간,월,1,1,0,0,0,서울,은평구,차대사람,횡단중,횡단중,보행자 보호의무 위반,교차로,교차로내,승용차,보행자,948413,1957900,126.915444,37.61909675
2017,20170102,주간,월,1,1,0,0,0,서울,영등포구,차량단독,전도전복,전도전복,안전운전 의무 불이행,교차로,교차로내,이륜차,없음,946757,1943309,126.8977393,37.48749238
2017,20170102,주간,월,1,5,0,4,0,서울,금천구,차대차,측면충돌,측면충돌,신호위반,교차로,교차로내,승용차,승합차,947235,1938476,126.9034922,37.44395888
2017,20170102,주간,월,1,1,0,0,0,서울,광진구,차량단독,공작물충돌,공작물충돌,안전운전 의무 불이행,단일로,기타단일로,승용차,없음,964223,1950661,127.0949431,37.55460089
2017,20170103,야간,화,1,1,0,0,0,서울,관악구,차대사람,횡단중,횡단중,안전운전 의무 불이행,단일로,기타단일로,화물차,보행자,951809,1942583,126.9549303,37.48122622
2017,20170104,주간,수,1,1,0,0,0,서울,중랑구,차대차,정면충돌,정면충돌,안전운전 의무 불이행,교차로,교차로내,자전거,승용차,963459,1955106,127.0860718,37.5946351
2017,20170105,주간,목,1,1,0,0,0,서울,광진구,차량단독,전도전복,전도전복,안전운전 의무 불이행,단일로,기타단일로,이륜차,없음,961587,1949242,127.0651741,37.54170482
2017,20170106,야간,금,1,1,0,0,0,서울,성동구,차대사람,횡단중,횡단중,안전운전 의무 불이행,단일로,기타단일로,화물차,보행자,958083,1949880,127.0254745,37.54730259
2017,20170106,주간,금,1,1,0,0,0,서울,성북구,차대사람,횡단중,횡단중,안전운전 의무 불이행,교차로,교차로내,화물차,보행자,959245,1955990,127.0381594,37.60244866
2017,20170108,야간,일,1,1,0,0,0,서울,영등포구,차대차,측면충돌,측면충돌,신호위반,교차로,교차로내,이륜차,승용차,947101,1945442,126.9014769,37.50673726
2017,20170110,야간,화,1,2,0,1,0,서울,양천구,차대차,측면충돌,측면충돌,안전운전 의무 불이행,단일로,기타단일로,이륜차,승합차,945525,1948772,126.8833993,37.53665923
2017,20170112,주간,목,1,1,0,0,0,서울,송파구,차대차,정면충돌,정면충돌,중앙선 침범,단일로,기타단일로,자전거,승합차,968349,1944620,127.141916,37.50030167
2017,20170113,주간,금,1,1,0,0,0,서울,동작구,차대사람,횡단중,횡단중,신호위반,교차로,교차로내,승합차,보행자,949772,1946151,126.9316479,37.51327688
2017,20170113,주간,금,1,1,0,0,0,서울,서초구,차대사람,횡단중,횡단중,안전운전 의무 불이행,교차로,교차로부근,특수차,보행자,954182,1942122,126.9817981,37.47719185
2017,20170115,주간,일,1,1,0,0,0,서울,양천구,차대사람,횡단중,횡단중,신호위반,단일로,기타단일로,승용차,보행자,943719,1949882,126.8628733,37.5465552
2017,20170116,야간,월,1,3,1,1,0,서울,강남구,차대차,기타,기타,안전운전 의무 불이행,교차로,교차로내,승용차,이륜차,958239,1944403,127.0275518,37.49794369
2017,20170116,주간,월,1,1,0,0,0,서울,강서구,차대사람,횡단중,횡단중,안전운전 의무 불이행,단일로,기타단일로,승용차,보행자,942464,1949674,126.8486832,37.54460299
2017,20170116,야간,월,1,1,0,0,0,서울,관악구,차대사람,횡단중,횡단중,안전운전 의무 불이행,단일로,기타단일로,승용차,보행자,949781,1943312,126.9319437,37.48768884
2017,20170117,주간,화,1,1,0,0,0,서울,관악구,차대사람,횡단중,횡단중,안전운전 의무 불이행,단일로,기타단일로,승합차,보행자,948061,1941725,126.9126006,37.47328971
2017,20170118,주간,수,1,1,0,0,0,서울,서대문구,차대사람,횡단중,횡단중,안전운전 의무 불이행,단일로,기타단일로,승용차,보행자,949586,1952686,126.9290944,37.57216769
2017,20170119,주간,목,1,1,0,0,0,서울,마포구,차대사람,차도통행중,차도통행중,안전운전 의무 불이행,단일로,기타단일로,승합차,보행자,948043,1950095,126.9118054,37.54872896
2017,20170120,주간,금,1,1,0,0,0,서울,영등포구,차대사람,횡단중,횡단중,보행자 보호의무 위반,교차로,교차로내,승용차,보행자,946822,1945294,126.898331,37.50538728
2017,20170120,주간,금,1,2,1,0,0,서울,광진구,차대차,측면충돌,측면충돌,중앙선 침범,단일로,기타단일로,승용차,이륜차,962129,1950299,127.0712547,37.55125436
2017,20170121,야간,토,1,1,0,0,0,서울,성동구,차량단독,공작물충돌,공작물충돌,안전운전 의무 불이행,단일로,지하차도(도로)내,승용차,없음,960547,1950283,127.0533459,37.55104375
2017,20170122,야간,일,1,1,0,0,0,서울,종로구,차대사람,차도통행중,차도통행중,안전거리 미확보,단일로,기타단일로,승용차,보행자,956221,1952530,127.004238,37.57110108
2017,20170122,야간,일,1,2,0,1,0,서울,동작구,차대차,측면충돌,측면충돌,신호위반,교차로,교차로내,승용차,승합차,947795,1943863,126.9094408,37.49254496
2017,20170125,야간,수,1,1,0,0,0,서울,강남구,차대사람,횡단중,횡단중,안전운전 의무 불이행,단일로,기타단일로,승용차,보행자,958275,1946800,127.027823,37.51955031
2017,20170125,야간,수,1,5,0,4,0,서울,송파구,차대차,측면충돌,측면충돌,안전운전 의무 불이행,단일로,기타단일로,승용차,승용차,968758,1945442,127.1465082,37.50772469
2017,20170126,야간,목,1,1,0,0,0,서울,동대문구,차대사람,횡단중,횡단중,안전운전 의무 불이행,교차로,교차로내,승용차,보행자,958831,1953318,127.0337489,37.57832394
2017,20170127,야간,금,1,1,0,0,0,서울,종로구,차대사람,차도통행중,차도통행중,안전운전 의무 불이행,단일로,기타단일로,승용차,보행자,956493,1952747,127.0073052,37.57306984
2017,20170130,야간,월,1,1,0,0,0,서울,서초구,차대사람,차도통행중,차도통행중,안전운전 의무 불이행,단일로,기타단일로,승합차,보행자,957658,1942767,127.0210732,37.48317136
2017,20170201,야간,수,1,1,0,0,0,서울,도봉구,차대사람,횡단중,횡단중,안전운전 의무 불이행,단일로,기타단일로,화물차,보행자,959876,1964315,127.0449797,37.6774881
2017,20170202,주간,목,1,1,0,0,0,서울,양천구,차량단독,공작물충돌,공작물충돌,안전운전 의무 불이행,단일로,기타단일로,승용차,없음,944651,1947090,126.8736338,37.52144716
2017,20170203,야간,금,1,1,0,0,0,서울,양천구,차량단독,전도,전도,안전운전 의무 불이행,단일로,기타단일로,이륜차,없음,944521,1948172,126.872081,37.5311915
2017,20170203,야간,금,1,1,0,0,0,서울,동대문구,차대사람,횡단중,횡단중,안전운전 의무 불이행,단일로,기타단일로,승용차,보행자,961948,1954633,127.0689806,37.59031055
2017,20170203,야간,금,1,1,0,0,0,서울,서초구,차량단독,기타,기타,안전운전 의무 불이행,기타,기타,승용차,없음,955706,1945721,126.9988172,37.50970516
2017,20170205,야간,일,1,2,1,0,0,서울,노원구,차량단독,전도,전도,안전운전 의무 불이행,단일로,기타단일로,승용차,없음,960334,1963973,127.050192,37.67442554
2017,20170205,주간,일,1,1,0,0,0,서울,동대문구,차대차,정면충돌,정면충돌,신호위반,교차로,교차로내,화물차,승합차,960956,1953224,127.0578195,37.57756929
2017,20170205,야간,일,1,1,0,0,0,서울,종로구,차량단독,전도,전도,안전운전 의무 불이행,교차로,교차로내,이륜차,없음,955961,1954155,127.0011961,37.58573513
2017,20170211,야간,토,1,1,0,0,0,서울,종로구,차대사람,차도통행중,차도통행중,신호위반,교차로,교차로내,승용차,보행자,953830,1952480,126.977166,37.57053361
2017,20170211,주간,토,1,1,0,0,0,서울,강남구,차대사람,횡단중,횡단중,안전운전 의무 불이행,교차로,교차로내,승용차,보행자,959803,1947177,127.0450933,37.5230162
2017,20170212,야간,일,1,1,0,0,0,서울,광진구,차대사람,횡단중,횡단중,과속,교차로,교차로내,승용차,보행자,963548,1951509,127.087259,37.56221774
2017,20170212,주간,일,1,1,0,0,0,서울,서초구,차대사람,차도통행중,차도통행중,과속,단일로,기타단일로,승용차,보행자,957508,1946406,127.0191664,37.51596404
2017,20170213,야간,월,1,2,0,1,0,서울,동대문구,차대차,정면충돌,정면충돌,중앙선 침범,단일로,기타단일로,화물차,승합차,960665,1954382,127.0544618,37.58799426
2017,20170213,야간,월,1,1,0,0,0,서울,관악구,차대사람,기타,기타,안전운전 의무 불이행,단일로,기타단일로,승용차,보행자,947828,1942610,126.909903,37.48125328
2017,20170216,야간,목,1,1,0,0,0,서울,중랑구,차대차,기타,기타,안전운전 의무 불이행,교차로,교차로내,승용차,승용차,962912,1952584,127.0800518,37.57275074
2017,20170218,야간,토,1,1,0,0,0,서울,성동구,차량단독,전도전복,전도전복,안전운전 의무 불이행,단일로,기타단일로,이륜차,없음,958955,1952565,127.0351954,37.5715425
2017,20170218,주간,토,1,1,0,0,0,서울,동작구,차대사람,기타,기타,안전운전 의무 불이행,단일로,기타단일로,건설기계,보행자,951286,1945010,126.9488544,37.50307397
2017,20170219,야간,일,1,1,0,0,0,서울,성북구,차량단독,전도,전도,과속,단일로,고가도로위,승용차,없음,961449,1957289,127.0631886,37.61422896
2017,20170220,야간,월,1,1,0,0,0,서울,강북구,차대사람,기타,기타,안전운전 의무 불이행,교차로,교차로내,화물차,보행자,958815,1960189,127.0331808,37.64025292
2017,20170223,야간,목,1,1,0,0,0,서울,송파구,차대사람,횡단중,횡단중,신호위반,교차로,교차로내,승용차,보행자,968669,1944100,127.1455584,37.49562557
2017,20170223,주간,목,1,1,0,0,0,서울,은평구,차대사람,횡단중,횡단중,보행자 보호의무 위반,교차로,교차로횡단보도내,승합차,보행자,948723,1959621,126.9188359,37.63462549
2017,20170224,주간,금,1,1,0,0,0,서울,동작구,차대사람,횡단중,횡단중,안전운전 의무 불이행,교차로,교차로내,승용차,보행자,950312,1944217,126.9378887,37.49587455
2017,20170224,야간,금,1,4,1,1,1,서울,송파구,차대차,측면충돌,측면충돌,안전운전 의무 불이행,단일로,기타단일로,승용차,승용차,967459,1942040,127.1287793,37.47504547
2017,20170227,야간,월,1,1,0,0,0,서울,도봉구,차대사람,차도통행중,차도통행중,안전운전 의무 불이행,기타,기타,화물차,보행자,960104,1961467,127.047721,37.65182864
2017,20170227,야간,월,1,1,0,0,0,서울,강서구,차대사람,차도통행중,차도통행중,안전운전 의무 불이행,단일로,기타단일로,승합차,보행자,942646,1950584,126.8506722,37.55281617
2017,20170228,야간,화,1,2,1,0,0,서울,강동구,차대차,기타,기타,중앙선 침범,교차로,교차로부근,원동기장치자전거,승합차,968026,1948333,127.1381002,37.53375751
2017,20170301,야간,수,1,3,2,0,0,서울,강남구,차대사람,횡단중,횡단중,과속,단일로,기타단일로,승용차,보행자,958821,1944637,127.0341228,37.50007897
2017,20170301,야간,수,1,1,0,0,0,서울,서대문구,차대차,측면충돌,측면충돌,안전거리 미확보,단일로,기타단일로,승용차,이륜차,948581,1952405,126.9177337,37.56957943
2017,20170301,야간,수,1,1,0,0,0,서울,강동구,차대사람,보도통행중,보도통행중,과속,교차로,교차로횡단보도내,승용차,보행자,967500,1948568,127.1290844,37.53707988
2017,20170302,주간,목,1,2,0,1,0,서울,강동구,차대사람,횡단중,횡단중,보행자 보호의무 위반,단일로,기타단일로,자전거,보행자,967596,1948573,127.1332227,37.53590572
2017,20170304,주간,토,1,1,0,0,0,서울,강동구,차대차,기타,기타,안전운전 의무 불이행,교차로,교차로내,자전거,건설기계,970958,1950920,127.1711833,37.55717234
2017,20170305,주간,일,1,1,0,0,0,서울,강서구,차량단독,공작물충돌,공작물충돌,안전운전 의무 불이행,단일로,기타단일로,승용차,없음,941903,1947741,126.842486,37.52714563
2017,20170307,야간,화,1,1,0,0,0,서울,관악구,차대사람,횡단중,횡단중,안전운전 의무 불이행,교차로,교차로부근,승용차,보행자,953680,1941775,126.9761425,37.47403919
2017,20170307,주간,화,1,1,0,0,0,서울,동대문구,차대차,측면충돌,측면충돌,안전운전 의무 불이행,교차로,교차로부근,자전거,건설기계,961599,1955099,127.0650031,37.59449623
2017,20170308,야간,수,1,3,1,0,1,서울,강남구,차대차,추돌,추돌,과속,교차로,교차로부근,승용차,승용차,961025,1941975,127.059198,37.47618095
2017,20170309,야간,목,1,1,0,0,0,서울,강북구,차대차,측면충돌,측면충돌,신호위반,교차로,교차로횡단보도내,이륜차,이륜차,957920,1959440,127.0230797,37.6334615
2017,20170310,주간,금,1,1,0,0,0,서울,마포구,차대사람,횡단중,횡단중,안전운전 의무 불이행,교차로,교차로횡단보도내,특수차,보행자,948217,1950126,126.9137729,37.54901817
2017,20170312,야간,일,1,1,0,0,0,서울,성동구,차대차,기타,기타,안전운전 의무 불이행,교차로,교차로내,이륜차,화물차,959708,1952047,127.0437508,37.56690688
2017,20170313,야간,월,2,2,0,0,0,서울,영등포구,차대차,추돌,추돌,안전운전 의무 불이행,단일로,기타단일로,승용차,화물차,947562,1948627,126.9064652,37.53547046
2017,20170313,야간,월,1,2,1,0,0,서울,강북구,차대차,정면충돌,정면충돌,신호위반,교차로,교차로내,승용차,원동기장치자전거,957511,1957937,127.0185318,37.6198959
2017,20170315,주간,수,1,1,0,0,0,서울,도봉구,차대차,추돌,추돌,안전운전 의무 불이행,교차로,교차로부근,이륜차,승합차,957270,1962123,127.0155561,37.6576137
2017,20170317,야간,금,1,3,1,1,0,서울,중구,차대차,추돌,추돌,신호위반,교차로,교차로내,화물차,원동기장치자전거,954306,1951985,126.9825869,37.56609583
2017,20170317,주간,금,1,1,0,0,0,서울,종로구,차대차,기타,기타,앞지르기 방법위반,단일로,기타단일로,승용차,이륜차,953895,1956957,126.9776201,37.61088875
2017,20170317,야간,금,1,2,0,1,0,서울,성동구,차대차,정면충돌,정면충돌,안전운전 의무 불이행,교차로,교차로내,승용차,이륜차,958132,1952121,127.0259012,37.56750355
2017,20170318,주간,토,1,1,0,0,0,서울,관악구,차대사람,차도통행중,차도통행중,안전운전 의무 불이행,단일로,기타단일로,승용차,보행자,949342,1943322,126.9269774,37.48775499
2017,20170318,야간,토,1,1,0,0,0,서울,서대문구,차대사람,횡단중,횡단중,안전운전 의무 불이행,단일로,기타단일로,승용차,보행자,947770,1952721,126.9135816,37.5701096
2017,20170319,주간,일,1,1,0,0,0,서울,마포구,차대차,측면충돌,측면충돌,신호위반,교차로,교차로내,승용차,원동기장치자전거,948036,1950701,126.9116832,37.55419051
2017,20170320,주간,월,1,1,0,0,0,서울,서초구,차대차,추돌,추돌,차로위반(진로변경 위반),교차로,교차로부근,승용차,이륜차,959380,1941031,127.0406458,37.46760141
2017,20170320,야간,월,1,1,0,0,0,서울,강남구,차대차,추돌,추돌,안전운전 의무 불이행,단일로,기타단일로,화물차,자전거,964078,1943702,127.0936418,37.49187097
2017,20170321,야간,화,1,2,0,1,0,서울,강동구,차대차,추돌,추돌,안전운전 의무 불이행,단일로,교량위,승용차,화물차,965757,1949353,127.1123713,37.54286969
2017,20170322,주간,수,1,1,0,0,0,서울,금천구,차량단독,공작물충돌,공작물충돌,안전운전 의무 불이행,단일로,기타단일로,이륜차,없음,946639,1939271,126.8966972,37.45109022
2017,20170323,주간,목,1,2,0,1,0,서울,광진구,차대차,측면충돌,측면충돌,차로위반(진로변경 위반),단일로,기타단일로,자전거,승합차,963633,1950821,127.0882555,37.55601992
2017,20170329,주간,수,1,1,0,0,0,서울,마포구,차대사람,횡단중,횡단중,안전운전 의무 불이행,단일로,기타단일로,승합차,보행자,948705,1950663,126.9192597,37.55388551
2017,20170330,야간,목,1,1,0,0,0,서울,송파구,차량단독,주/정차차량 충돌,주/정차차량 충돌,안전운전 의무 불이행,교차로,교차로부근,승용차,승용차,967010,1944151,127.1267885,37.49602745
2017,20170402,야간,일,1,1,0,0,0,서울,서초구,차대사람,횡단중,횡단중,신호위반,교차로,교차로부근,승용차,보행자,959318,1941142,127.0399386,37.46859918
2017,20170405,야간,수,1,2,0,1,0,서울,노원구,차대차,기타,기타,안전거리 미확보,단일로,터널안,승용차,화물차,963585,1964204,127.0870455,37.67664241
2017,20170406,야간,목,2,2,0,0,0,서울,광진구,차대차,측면충돌,측면충돌,중앙선 침범,단일로,기타단일로,원동기장치자전거,승용차,962907,1952370,127.0799576,37.56995262
2017,20170407,주간,금,1,1,0,0,0,서울,동작구,차량단독,전도,전도,안전운전 의무 불이행,기타,기타,원동기장치자전거,없음,953433,1945203,126.9731322,37.50492437
2017,20170407,야간,금,1,2,1,0,0,서울,도봉구,차대차,측면충돌,측면충돌,중앙선 침범,단일로,기타단일로,원동기장치자전거,승용차,959416,1962701,127.0398531,37.66292069
2017,20170407,야간,금,1,1,0,0,0,서울,마포구,차대사람,횡단중,횡단중,과속,단일로,기타단일로,승용차,보행자,951232,1949215,126.9479643,37.54097168
2017,20170409,야간,일,1,1,0,0,0,서울,강동구,차대사람,횡단중,횡단중,과속,기타,기타,승용차,보행자,967956,1948384,127.1373057,37.53421477
2017,20170411,야간,화,1,4,1,2,0,서울,강동구,차대차,측면충돌,측면충돌,안전거리 미확보,단일로,기타단일로,화물차,승용차,971463,1950646,127.1769115,37.55471844
2017,20170413,주간,목,1,1,0,0,0,서울,광진구,차대사람,차도통행중,차도통행중,안전운전 의무 불이행,단일로,기타단일로,승용차,보행자,963224,1948567,127.083738,37.53568758
2017,20170418,주간,화,1,1,0,0,0,서울,성북구,차대사람,횡단중,횡단중,안전운전 의무 불이행,단일로,기타단일로,화물차,보행자,957382,1954586,127.0172653,37.58968674
2017,20170420,야간,목,1,1,0,0,0,서울,송파구,차대사람,기타,기타,안전운전 의무 불이행,단일로,기타단일로,화물차,보행자,965244,1945208,127.1067604,37.50548987
2017,20170421,주간,금,1,1,0,0,0,서울,영등포구,차대사람,횡단중,횡단중,안전운전 의무 불이행,단일로,기타단일로,이륜차,보행자,948348,1945997,126.9155463,37.51181022
2017,20170421,주간,금,1,1,0,0,0,서울,영등포구,차대사람,차도통행중,차도통행중,안전운전 의무 불이행,단일로,기타단일로,승합차,보행자,949595,1946671,126.9292445,37.51773961
2017,20170424,야간,월,1,1,0,0,0,서울,강동구,차대차,측면충돌,측면충돌,안전운전 의무 불이행,교차로,교차로횡단보도내,자전거,승용차,968066,1948351,127.1385521,37.53392114
2017,20170425,주간,화,1,1,0,0,0,서울,서초구,차량단독,전도,전도,안전운전 의무 불이행,단일로,기타단일로,승용차,없음,956947,1942230,127.0130629,37.4782983
2017,20170426,야간,수,1,1,0,0,0,서울,종로구,차대사람,기타,기타,안전운전 의무 불이행,단일로,기타단일로,승용차,보행자,955841,1952498,126.9999369,37.57079451
2017,20170426,야간,수,1,1,0,0,0,서울,서초구,차대차,기타,기타,안전운전 의무 불이행,단일로,기타단일로,승용차,승합차,954903,1945368,126.9897533,37.50648457
2017,20170428,야간,금,1,1,0,0,0,서울,영등포구,차대사람,횡단중,횡단중,안전운전 의무 불이행,단일로,교량위,승합차,보행자,945947,1948123,126.8882234,37.53083457
2017,20170429,야간,토,1,1,0,0,0,서울,강남구,차량단독,전도,전도,안전운전 의무 불이행,단일로,터널안,이륜차,없음,962545,1942822,127.0763454,37.48387823
2017,20170430,야간,일,1,2,1,0,0,서울,영등포구,차량단독,공작물충돌,공작물충돌,안전운전 의무 불이행,교차로,교차로내,승합차,없음,945389,1947039,126.8819889,37.52103148
2017,20170430,주간,일,1,2,1,0,0,서울,강북구,차대차,기타,기타,신호위반,단일로,기타단일로,승용차,승용차,959625,1959044,127.0424249,37.62996881
2017,20170501,야간,월,1,3,1,1,0,서울,구로구,차대사람,차도통행중,차도통행중,과속,단일로,기타단일로,이륜차,보행자,946545,1942300,126.8954147,37.47838583
2017,20170503,야간,수,1,1,0,0,0,서울,용산구,차량단독,전도,전도,안전운전 의무 불이행,단일로,기타단일로,이륜차,없음,954280,1946856,126.9826121,37.51986567
2017,20170504,주간,목,1,1,0,0,0,서울,양천구,차대사람,기타,기타,안전운전 의무 불이행,단일로,기타단일로,화물차,보행자,942093,1946746,126.8447146,37.5181896
2017,20170504,야간,목,1,1,0,0,0,서울,강북구,차대사람,차도통행중,차도통행중,안전운전 의무 불이행,교차로,교차로내,승용차,보행자,957462,1959194,127.0179034,37.63122317
2017,20170506,야간,토,1,1,0,0,0,서울,성북구,차량단독,전도,전도,안전운전 의무 불이행,단일로,기타단일로,이륜차,없음,956953,1954761,127.0123959,37.59124408
2017,20170506,주간,토,1,2,0,1,0,서울,동작구,차대차,측면충돌,측면충돌,신호위반,교차로,교차로부근,원동기장치자전거,승합차,949566,1946147,126.9293173,37.51322959
2017,20170506,야간,토,1,1,0,0,0,서울,성동구,차대사람,횡단중,횡단중,안전운전 의무 불이행,교차로,교차로횡단보도내,화물차,보행자,959285,1951076,127.039015,37.55813638
2017,20170507,주간,일,1,1,0,0,0,서울,성동구,차대사람,기타,기타,안전운전 의무 불이행,교차로,교차로내,승용차,보행자,957966,1951934,127.0240322,37.56581051
2017,20170513,야간,토,1,1,0,0,0,서울,구로구,차대차,추돌,추돌,안전운전 의무 불이행,단일로,기타단일로,승용차,화물차,941636,1941959,126.8399233,37.47501522
2017,20170515,야간,월,1,2,0,0,1,서울,동작구,차량단독,도로이탈,도로이탈 기타,안전운전 의무 불이행,단일로,기타단일로,승용차,없음,948174,1944294,126.9136976,37.49645101
2017,20170515,주간,월,1,1,0,0,0,서울,마포구,차대사람,횡단중,횡단중,안전운전 의무 불이행,교차로,교차로횡단보도내,승용차,보행자,949789,1949995,126.9315774,37.54792445
2017,20170515,주간,월,1,2,0,1,0,서울,강동구,차대차,기타,기타,안전운전 의무 불이행,단일로,기타단일로,원동기장치자전거,자전거,970431,1950337,127.1652401,37.55190074
2017,20170515,주간,월,1,3,2,0,0,서울,양천구,차대차,기타,기타,신호위반,교차로,교차로내,원동기장치자전거,화물차,945149,1947765,126.8792188,37.52756075
2017,20170515,주간,월,1,2,0,1,0,서울,도봉구,차대사람,횡단중,횡단중,안전운전 의무 불이행,교차로,교차로횡단보도내,승용차,보행자,960613,1961615,127.0534831,37.65318457
2017,20170516,야간,화,1,1,0,0,0,서울,송파구,차대사람,횡단중,횡단중,안전운전 의무 불이행,교차로,교차로횡단보도내,승용차,보행자,968138,1944089,127.1395519,37.49550824
2017,20170518,주간,목,1,1,0,0,0,서울,동작구,차대사람,횡단중,횡단중,안전운전 의무 불이행,단일로,기타단일로,승용차,보행자,951376,1944761,126.9498891,37.50083442
2017,20170518,야간,목,1,1,0,0,0,서울,강남구,차대차,측면충돌,측면충돌,신호위반,교차로,교차로부근,승용차,이륜차,959952,1947309,127.0467723,37.52421245
2017,20170521,야간,일,1,1,0,0,0,서울,성북구,차량단독,전도,전도,안전운전 의무 불이행,단일로,기타단일로,이륜차,없음,958268,1956212,127.027208,37.60438284
2017,20170522,야간,월,1,1,0,0,0,서울,강동구,차대차,정면충돌,정면충돌,신호위반,교차로,교차로내,이륜차,원동기장치자전거,969636,1950039,127.1562522,37.54918888
2017,20170523,주간,화,1,1,0,0,0,서울,광진구,차대사람,횡단중,횡단중,안전운전 의무 불이행,단일로,기타단일로,화물차,보행자,963824,1949567,127.0904798,37.54472469
2017,20170524,야간,수,1,1,0,0,0,서울,은평구,차대차,정면충돌,정면충돌,중앙선 침범,교차로,교차로부근,승용차,이륜차,949076,1955849,126.9230993,37.60064798
2017,20170524,야간,수,1,1,0,0,0,서울,송파구,차대차,추돌,추돌,안전운전 의무 불이행,단일로,기타단일로,이륜차,화물차,968710,1944257,127.1460155,37.49704208
2017,20170526,야간,금,1,2,1,0,0,서울,중랑구,차량단독,전도,전도,안전운전 의무 불이행,단일로,기타단일로,원동기장치자전거,없음,965014,1957735,127.1035604,37.61839149
2017,20170526,야간,금,1,1,0,0,0,서울,양천구,차대사람,차도통행중,차도통행중,안전운전 의무 불이행,단일로,기타단일로,승용차,보행자,943798,1948170,126.8638986,37.53112968
2017,20170528,야간,일,1,1,0,0,0,서울,광진구,차대차,기타,기타,안전운전 의무 불이행,단일로,기타단일로,이륜차,승용차,962607,1951094,127.0747052,37.55926633
2017,20170529,주간,월,1,1,0,0,0,서울,성북구,차대사람,횡단중,횡단중,안전운전 의무 불이행,단일로,기타단일로,화물차,보행자,957945,1956683,127.0235217,37.60861334
2017,20170531,주간,수,1,1,0,0,0,서울,양천구,차대사람,기타,기타,안전운전 의무 불이행,교차로,교차로내,승합차,보행자,943039,1946237,126.8554585,37.51366086
2017,20170601,야간,목,1,1,0,0,0,서울,동작구,차대사람,횡단중,횡단중,안전운전 의무 불이행,단일로,기타단일로,승합차,보행자,947346,1943191,126.9044099,37.4864626
2017,20170602,야간,금,1,2,1,0,0,서울,용산구,차대사람,차도통행중,차도통행중,과속,단일로,기타단일로,승용차,보행자,952405,1947061,126.9616659,37.52153781
2017,20170603,야간,토,1,1,0,0,0,서울,강서구,차대사람,차도통행중,차도통행중,안전운전 의무 불이행,기타,기타,이륜차,보행자,939199,1951918,126.8115392,37.56461836
2017,20170604,주간,일,1,1,0,0,0,서울,강남구,차대사람,차도통행중,차도통행중,안전운전 의무 불이행,단일로,기타단일로,승용차,보행자,960391,1942881,127.0519789,37.48432015
2017,20170605,주간,월,1,1,0,0,0,서울,강동구,차대사람,보도통행중,보도통행중,안전운전 의무 불이행,단일로,기타단일로,화물차,보행자,970400,1950977,127.1648634,37.55766834
2017,20170609,야간,금,1,1,0,0,0,서울,강남구,차대차,측면충돌,측면충돌,신호위반,교차로,교차로내,이륜차,승용차,960084,1941711,127.04857,37.47376123
2017,20170612,주간,월,1,1,0,0,0,서울,영등포구,차대차,정면충돌,정면충돌,안전운전 의무 불이행,기타,기타,화물차,자전거,947477,1945262,126.9057438,37.50513637
2017,20170615,주간,목,1,1,0,0,0,서울,금천구,차대사람,보도통행중,보도통행중,기타(운전자법규위반),단일로,기타단일로,승합차,보행자,947218,1937937,126.9023081,37.43946592
2017,20170616,야간,금,1,1,0,0,0,서울,구로구,차대사람,기타,기타,안전운전 의무 불이행,단일로,기타단일로,승용차,보행자,943326,1945405,126.8587701,37.50617965
2017,20170616,주간,금,1,1,0,0,0,서울,용산구,차대사람,기타,기타,안전운전 의무 불이행,단일로,기타단일로,승용차,보행자,956427,1947971,127.0068415,37.53001942
2017,20170617,야간,토,1,2,1,0,0,서울,도봉구,차대차,기타,기타,안전운전 의무 불이행,단일로,지하차도(도로)내,이륜차,승용차,960377,1960790,127.0508525,37.64573856
2017,20170617,주간,토,1,1,0,0,0,서울,강서구,차대차,측면충돌,측면충돌,부당한 회전,단일로,기타단일로,자전거,승합차,939664,1952626,126.8167459,37.5710301
2017,20170618,야간,일,1,1,0,0,0,서울,마포구,차대사람,차도통행중,차도통행중,안전운전 의무 불이행,단일로,기타단일로,승용차,보행자,946211,1951382,126.8909723,37.56022366
2017,20170618,야간,일,1,3,2,0,0,서울,영등포구,차대차,정면충돌,정면충돌,중앙선 침범,단일로,기타단일로,승용차,승용차,947537,1948280,126.9062071,37.53234148
2017,20170620,주간,화,1,2,1,0,0,서울,송파구,차대차,측면충돌,측면충돌,안전운전 의무 불이행,교차로,교차로횡단보도내,승합차,자전거,965808,1944341,127.1131819,37.49769627
2017,20170620,주간,화,1,1,0,0,0,서울,용산구,차대사람,횡단중,횡단중,안전운전 의무 불이행,단일로,기타단일로,승용차,보행자,952936,1947426,126.9673669,37.52493562
2017,20170621,야간,수,1,1,0,0,0,서울,광진구,차대사람,횡단중,횡단중,안전운전 의무 불이행,단일로,기타단일로,승용차,보행자,962289,1949613,127.0731013,37.54507777
2017,20170621,야간,수,1,1,0,0,0,서울,서초구,차대사람,횡단중,횡단중,안전운전 의무 불이행,단일로,기타단일로,승용차,보행자,957862,1945076,127.0232483,37.50399254
2017,20170621,야간,수,1,1,0,0,0,서울,중구,차대차,추돌,추돌,안전운전 의무 불이행,단일로,기타단일로,이륜차,화물차,957011,1951843,127.0132241,37.56494621
2017,20170622,주간,목,1,1,0,0,0,서울,송파구,차대차,정면충돌,정면충돌,신호위반,교차로,교차로내,승용차,이륜차,967141,1944824,127.1282404,37.5020982
2017,20170622,야간,목,1,4,0,0,3,서울,용산구,차대사람,차도통행중,차도통행중,안전운전 의무 불이행,단일로,기타단일로,승용차,보행자,951811,1947377,126.9546387,37.52443586
2017,20170623,야간,금,1,1,0,0,0,서울,강동구,차대사람,횡단중,횡단중,신호위반,교차로,교차로내,화물차,보행자,967765,1950338,127.135058,37.55182032
2017,20170626,주간,월,1,4,1,2,0,서울,중구,차대차,기타,기타,안전운전 의무 불이행,단일로,기타단일로,승합차,자전거,956705,1950843,127.0098183,37.55591863
2017,20170627,야간,화,1,1,0,0,0,서울,서초구,차대사람,횡단중,횡단중,안전운전 의무 불이행,단일로,기타단일로,승용차,보행자,958918,1941952,127.03537,37.47588234
2017,20170628,야간,수,1,2,0,1,0,서울,동작구,차대차,정면충돌,정면충돌,중앙선 침범,단일로,고가도로위,이륜차,승용차,954153,1942057,126.9797307,37.47669603
2017,20170628,야간,수,1,2,0,1,0,서울,서대문구,차대차,측면충돌,측면충돌,안전운전 의무 불이행,단일로,기타단일로,이륜차,이륜차,949058,1953280,126.9230741,37.5774924
2017,20170629,야간,목,1,1,0,0,0,서울,광진구,차량단독,기타,기타,안전운전 의무 불이행,단일로,기타단일로,원동기장치자전거,없음,964892,1949694,127.1025635,37.5459107
2017,20170629,야간,목,1,1,0,0,0,서울,강서구,차대사람,횡단중,횡단중,안전운전 의무 불이행,단일로,기타단일로,승용차,보행자,941444,1949265,126.837825,37.54102735
2017,20170630,주간,금,1,2,1,0,0,서울,영등포구,차대차,측면충돌,측면충돌,중앙선 침범,단일로,교량위,이륜차,화물차,947576,1946355,126.9067859,37.51499339
2017,20170702,주간,일,1,1,0,0,0,서울,서초구,차대사람,횡단중,횡단중,안전운전 의무 불이행,단일로,기타단일로,승용차,보행자,959337,1942272,127.040091,37.47878517
2017,20170703,야간,월,1,1,0,0,0,서울,송파구,차대사람,횡단중,횡단중,안전운전 의무 불이행,교차로,교차로부근,승합차,보행자,967016,1941876,127.1269584,37.47552196
2017,20170703,주간,월,1,1,0,0,0,서울,종로구,차대사람,횡단중,횡단중,안전운전 의무 불이행,단일로,기타단일로,화물차,보행자,953362,1953332,126.9718123,37.57818924
2017,20170705,야간,수,1,1,0,0,0,서울,노원구,차대사람,차도통행중,차도통행중,안전운전 의무 불이행,단일로,기타단일로,승용차,보행자,960753,1961749,127.0550629,37.65439833
2017,20170705,야간,수,1,1,0,0,0,서울,구로구,차대사람,횡단중,횡단중,안전운전 의무 불이행,단일로,기타단일로,화물차,보행자,942274,1944453,126.8469428,37.49753399
2017,20170706,야간,목,1,1,0,0,0,서울,서대문구,차대차,측면충돌,측면충돌,신호위반,교차로,교차로내,승합차,이륜차,947556,1952942,126.9060887,37.57436163
2017,20170709,주간,일,2,16,4,9,1,서울,서초구,차대차,추돌,추돌,안전운전 의무 불이행,단일로,기타단일로,승합차,승용차,959678,1940101,127.0474904,37.45567212
2017,20170711,야간,화,1,1,0,0,0,서울,영등포구,차대사람,횡단중,횡단중,과속,단일로,기타단일로,이륜차,보행자,946689,1947064,126.8966979,37.52133287
2017,20170712,주간,수,1,1,0,0,0,서울,강동구,차대사람,차도통행중,차도통행중,안전운전 의무 불이행,단일로,기타단일로,승용차,보행자,966582,1949741,127.1216924,37.54639717
2017,20170712,야간,수,1,2,1,0,0,서울,노원구,차대사람,횡단중,횡단중,안전운전 의무 불이행,단일로,기타단일로,승용차,보행자,961281,1963894,127.0609348,37.67375396
2017,20170713,주간,목,1,1,0,0,0,서울,성동구,차대차,측면충돌,측면충돌,안전운전 의무 불이행,교차로,교차로내,자전거,승용차,961297,1949361,127.0618852,37.54276527
2017,20170714,주간,금,1,1,0,0,0,서울,은평구,차대차,측면충돌,측면충돌,안전운전 의무 불이행,교차로,교차로부근,이륜차,건설기계,946064,1954219,126.8890992,37.58578506
2017,20170714,야간,금,1,1,0,0,0,서울,용산구,차대차,기타,기타,과속,단일로,교량위,이륜차,승용차,950984,1947652,126.9452615,37.52687091
2017,20170714,야간,금,1,1,0,0,0,서울,강동구,차대사람,횡단중,횡단중,안전운전 의무 불이행,단일로,기타단일로,승용차,보행자,966461,1949442,127.1203363,37.54369777
2017,20170715,주간,토,1,1,0,0,0,서울,양천구,차대사람,기타,기타,안전운전 의무 불이행,교차로,교차로내,화물차,보행자,943819,1949560,126.8640299,37.54365911
2017,20170718,주간,화,1,2,1,0,0,서울,서초구,차대사람,횡단중,횡단중,보행자 보호의무 위반,단일로,기타단일로,승용차,보행자,955344,1944813,126.9947765,37.50150363
2017,20170720,야간,목,1,1,0,0,0,서울,도봉구,차대차,측면충돌,측면충돌,안전운전 의무 불이행,교차로,교차로부근,승용차,자전거,959420,1963582,127.0398494,37.67086143
2017,20170722,야간,토,1,2,0,1,0,서울,용산구,차대사람,기타,기타,안전운전 의무 불이행,단일로,기타단일로,승용차,보행자,954630,1948816,126.9864516,37.53754894
2017,20170722,야간,토,1,1,0,0,0,서울,서초구,차대사람,횡단중,횡단중,안전운전 의무 불이행,단일로,기타단일로,승용차,보행자,957842,1945085,127.0230215,37.50407275
2017,20170722,주간,토,1,4,1,2,0,서울,도봉구,차대차,추돌,추돌,안전운전 의무 불이행,단일로,기타단일로,승용차,승용차,958084,1961514,127.0248193,37.65216224
2017,20170722,야간,토,1,1,0,0,0,서울,서초구,차대사람,횡단중,횡단중,안전운전 의무 불이행,단일로,기타단일로,승용차,보행자,956336,1944106,127.0060412,37.49517867
2017,20170723,주간,일,1,3,0,2,0,서울,송파구,차대차,정면충돌,정면충돌,신호위반,교차로,교차로내,승용차,승용차,967917,1941806,127.1371513,37.47492275
2017,20170723,주간,일,2,4,1,1,0,서울,은평구,차대차,기타,기타,신호위반,교차로,교차로내,이륜차,승용차,949808,1956754,126.9313294,37.60884505
2017,20170725,주간,화,1,1,0,0,0,서울,양천구,차대사람,차도통행중,차도통행중,안전운전 의무 불이행,단일로,기타단일로,승용차,보행자,942847,1946209,126.8532883,37.51339661
2017,20170725,야간,화,1,1,0,0,0,서울,강서구,차대사람,기타,기타,안전운전 의무 불이행,단일로,기타단일로,자전거,보행자,944374,1951189,126.8701886,37.55837502
2017,20170726,야간,수,1,1,0,0,0,서울,영등포구,차대사람,길가장자리구역통행중,길가장자리구역통행중,안전운전 의무 불이행,단일로,기타단일로,화물차,보행자,947089,1948596,126.9011139,37.53516402
2017,20170726,야간,수,1,1,0,0,0,서울,성북구,차대사람,기타,기타,안전운전 의무 불이행,단일로,기타단일로,승용차,보행자,957811,1955829,127.0220528,37.60090993
2017,20170728,야간,금,1,1,0,0,0,서울,동대문구,차대차,측면충돌,측면충돌,과속,단일로,기타단일로,승용차,자전거,961568,1952419,127.0647926,37.57033935
2017,20170729,야간,토,1,1,0,0,0,서울,종로구,차대사람,기타,기타,안전운전 의무 불이행,단일로,기타단일로,승용차,보행자,956788,1952513,127.0106596,37.57097464
2017,20170801,주간,화,1,1,0,0,0,서울,구로구,차대사람,횡단중,횡단중,안전운전 의무 불이행,교차로,교차로부근,승합차,보행자,942717,1944514,126.8519494,37.49811138
2017,20170802,주간,수,1,1,0,0,0,서울,성동구,차대차,측면충돌,측면충돌,중앙선 침범,단일로,기타단일로,자전거,승용차,961490,1949945,127.0640393,37.54803715
2017,20170803,야간,목,1,1,0,0,0,서울,영등포구,차대사람,차도통행중,차도통행중,안전운전 의무 불이행,단일로,기타단일로,화물차,보행자,945380,1947444,126.8818569,37.52468126
2017,20170806,야간,일,1,1,0,0,0,서울,노원구,차량단독,전도전복,전도전복,안전운전 의무 불이행,단일로,터널안,이륜차,없음,964881,1964326,127.1017362,37.67779256
2017,20170806,야간,일,1,1,0,0,0,서울,강서구,차대차,추돌,추돌,안전운전 의무 불이행,단일로,기타단일로,승용차,자전거,939548,1950147,126.8156368,37.54867943
2017,20170810,야간,목,1,1,0,0,0,서울,동대문구,차대사람,횡단중,횡단중,안전운전 의무 불이행,단일로,기타단일로,승합차,보행자,953936,1952044,126.9783937,37.56660917
2017,20170812,주간,토,1,1,0,0,0,서울,강동구,차대차,측면충돌,측면충돌,부당한 회전,교차로,교차로내,자전거,화물차,967195,1948707,127.1286779,37.53709933
2017,20170813,야간,일,1,2,0,1,0,서울,동대문구,차대차,추돌,추돌,안전운전 의무 불이행,단일로,교량위,승용차,건설기계,959450,1955208,127.0406544,37.59538645
2017,20170814,주간,월,1,1,0,0,0,서울,강서구,차대차,정면충돌,정면충돌,안전운전 의무 불이행,단일로,기타단일로,이륜차,승용차,941878,1950765,126.8419636,37.55439939
2017,20170815,주간,화,1,1,0,0,0,서울,금천구,차대사람,횡단중,횡단중,신호위반,교차로,교차로내,승용차,보행자,947195,1938965,126.903005,37.44836408
2017,20170821,야간,월,1,1,0,0,0,서울,동대문구,차대사람,보도통행중,보도통행중,안전운전 의무 불이행,교차로,교차로횡단보도내,화물차,보행자,960581,1953899,127.0535364,37.58363726
2017,20170821,주간,월,1,1,0,0,0,서울,성북구,차대사람,횡단중,횡단중,보행자 보호의무 위반,단일로,기타단일로,승용차,보행자,959178,1957125,127.0374663,37.61265275
2017,20170823,주간,수,1,1,0,0,0,서울,성동구,차대차,측면충돌,측면충돌,안전운전 의무 불이행,교차로,교차로내,승용차,이륜차,959805,1949652,127.0449804,37.54532428
2017,20170824,야간,목,1,1,0,0,0,서울,동대문구,차대사람,기타,기타,안전운전 의무 불이행,단일로,기타단일로,화물차,보행자,962031,1954751,127.0699146,37.59137755
2017,20170825,주간,금,1,1,0,0,0,서울,동작구,차대차,측면충돌,측면충돌,신호위반,교차로,교차로내,화물차,원동기장치자전거,948771,1944670,126.9204249,37.4998733
2017,20170825,야간,금,1,1,0,0,0,서울,노원구,차대사람,차도통행중,차도통행중,안전운전 의무 불이행,단일로,기타단일로,승용차,보행자,962730,1959930,127.0775682,37.63808573
2017,20170826,야간,토,1,1,0,0,0,서울,강남구,차대차,정면충돌,정면충돌,신호위반,교차로,교차로부근,이륜차,승용차,963995,1942882,127.0927431,37.48447671
2017,20170826,주간,토,1,1,0,0,0,서울,동대문구,차량단독,기타,기타,안전운전 의무 불이행,단일로,기타단일로,이륜차,없음,958673,1952444,127.0320089,37.57043928
2017,20170827,주간,일,1,1,0,0,0,서울,강동구,차대사람,기타,기타,기타(운전자법규위반),교차로,교차로횡단보도내,자전거,보행자,969628,1950337,127.1559185,37.55208937
2017,20170828,야간,월,1,1,0,0,0,서울,광진구,차대차,측면충돌,측면충돌,안전거리 미확보,기타,기타,개인형이동수단(PM),승용차,962376,1951370,127.073996,37.56091775
2017,20170828,주간,월,1,1,0,0,0,서울,동대문구,차대사람,기타,기타,안전운전 의무 불이행,교차로,교차로부근,승합차,보행자,961925,1953382,127.0687851,37.57903399
2017,20170830,야간,수,1,1,0,0,0,서울,양천구,차대사람,기타,기타,안전운전 의무 불이행,단일로,기타단일로,화물차,보행자,943764,1947600,126.8635575,37.52599016
2017,20170830,주간,수,1,1,0,0,0,서울,동대문구,차대사람,횡단중,횡단중,보행자 보호의무 위반,단일로,기타단일로,건설기계,보행자,959804,1953223,127.0447733,37.57751069
2017,20170831,주간,목,1,1,0,0,0,서울,성북구,차대차,측면충돌,측면충돌,안전거리 미확보,단일로,기타단일로,건설기계,원동기장치자전거,958405,1956549,127.0287409,37.60742649
2017,20170902,야간,토,1,1,0,0,0,서울,용산구,차량단독,공작물충돌,공작물충돌,과속,단일로,고가도로위,승용차,없음,954784,1949631,126.9881445,37.5449023
2017,20170903,주간,일,1,1,0,0,0,서울,성북구,차대사람,기타,기타,안전운전 의무 불이행,단일로,기타단일로,승용차,보행자,957807,1954211,127.0221007,37.58632638
2017,20170905,주간,화,1,1,0,0,0,서울,중랑구,차대사람,횡단중,횡단중,안전운전 의무 불이행,단일로,기타단일로,화물차,보행자,965204,1955758,127.1058074,37.60057944
2017,20170906,주간,수,1,4,0,3,0,서울,강남구,차대차,추돌,추돌,안전운전 의무 불이행,단일로,기타단일로,화물차,화물차,965645,1942629,127.1114178,37.48225915
2017,20170907,야간,목,1,1,0,0,0,서울,강동구,차대사람,기타,기타,안전운전 의무 불이행,단일로,기타단일로,승합차,보행자,970242,1950826,127.1630806,37.55630222
2017,20170909,야간,토,1,2,1,0,0,서울,성북구,차대사람,횡단중,횡단중,안전운전 의무 불이행,단일로,기타단일로,승용차,보행자,960550,1956684,127.0530351,37.60873782
2017,20170911,주간,월,1,1,0,0,0,서울,송파구,차대사람,기타,기타,안전운전 의무 불이행,단일로,기타단일로,승용차,보행자,966504,1948897,127.1208479,37.53878703
2017,20170912,주간,화,1,1,0,0,0,서울,강서구,차대차,기타,기타,신호위반,교차로,교차로내,승합차,이륜차,938048,1953819,126.7983464,37.58167512
2017,20170913,야간,수,1,1,0,0,0,서울,구로구,차대사람,차도통행중,차도통행중,안전운전 의무 불이행,단일로,기타단일로,승용차,보행자,945507,1944682,126.8834989,37.49979452
2017,20170916,야간,토,1,1,0,0,0,서울,영등포구,차량단독,기타,기타,안전운전 의무 불이행,단일로,기타단일로,자전거,없음,945497,1950448,126.8829579,37.55176348
2017,20170918,야간,월,1,2,1,0,0,서울,동대문구,차대차,측면충돌,측면충돌,안전운전 의무 불이행,교차로,교차로부근,이륜차,승용차,960259,1953943,127.0498871,37.58402
2017,20170919,야간,화,1,1,0,0,0,서울,구로구,차대사람,기타,기타,안전운전 의무 불이행,단일로,기타단일로,승용차,보행자,942394,1944981,126.8480449,37.50284723
2017,20170922,주간,금,1,1,0,0,0,서울,성동구,차량단독,기타,기타,안전운전 의무 불이행,단일로,기타단일로,화물차,없음,961193,1949572,127.0606968,37.54466271
2017,20170922,야간,금,1,1,0,0,0,서울,관악구,차대사람,기타,기타,안전운전 의무 불이행,주차장,주차장,승용차,보행자,949244,1940653,126.9260529,37.46369324
2017,20170923,주간,토,1,5,2,2,0,서울,금천구,차대사람,기타,기타,안전운전 의무 불이행,교차로,교차로내,승용차,보행자,946981,1940878,126.9004481,37.46559416
2017,20170923,주간,토,1,1,0,0,0,서울,성동구,차대차,기타,기타,안전운전 의무 불이행,교차로,교차로부근,승합차,자전거,959178,1952572,127.0377203,37.5716155
2017,20170924,야간,일,2,3,1,0,0,서울,송파구,차대사람,기타,기타,안전운전 의무 불이행,단일로,기타단일로,승용차,보행자,965851,1947554,127.113519,37.52665805
2017,20170924,주간,일,1,1,0,0,0,서울,노원구,차대사람,기타,기타,안전운전 의무 불이행,교차로,교차로내,승용차,보행자,963856,1958353,127.0904084,37.62391687
2017,20170925,야간,월,1,1,0,0,0,서울,송파구,차대사람,기타,기타,안전운전 의무 불이행,단일로,기타단일로,승용차,보행자,964589,1946952,127.0992657,37.52118438
2017,20170925,주간,월,1,1,0,0,0,서울,종로구,차대사람,횡단중,횡단중,신호위반,교차로,교차로부근,건설기계,보행자,954998,1953236,126.9903456,37.57740542
2017,20170925,주간,월,1,1,0,0,0,서울,성북구,차대차,측면충돌,측면충돌,신호위반,교차로,교차로내,원동기장치자전거,승용차,957949,1954216,127.0237088,37.58637794
2017,20170926,야간,화,1,1,0,0,0,서울,강서구,차대차,추돌,추돌,안전운전 의무 불이행,단일로,기타단일로,승용차,화물차,942775,1952474,126.8519851,37.56985876
2017,20170926,야간,화,1,1,0,0,0,서울,영등포구,차대사람,횡단중,횡단중,안전운전 의무 불이행,단일로,기타단일로,화물차,보행자,947908,1945765,126.9105843,37.50969443
2017,20170926,주간,화,2,3,0,1,0,서울,서초구,차대차,추돌,추돌,안전운전 의무 불이행,단일로,기타단일로,승용차,승용차,960273,1939315,127.0508366,37.45217316
2017,20170926,야간,화,1,2,1,0,0,서울,동작구,차대사람,보도통행중,보도통행중,기타(운전자법규위반),단일로,기타단일로,승용차,보행자,952804,1945452,126.9658658,37.50689635
2017,20170926,야간,화,1,2,1,0,0,서울,영등포구,차대사람,기타,기타,안전운전 의무 불이행,단일로,기타단일로,건설기계,보행자,948651,1948004,126.9188344,37.52991657
2017,20170927,야간,수,1,1,0,0,0,서울,중구,차대사람,보도통행중,보도통행중,안전운전 의무 불이행,단일로,기타단일로,승용차,보행자,955436,1951483,126.9954125,37.56162658
2017,20170929,야간,금,1,1,0,0,0,서울,강남구,차대사람,기타,기타,안전운전 의무 불이행,단일로,기타단일로,승용차,보행자,958007,1945041,127.0248908,37.50368368
2017,20170929,야간,금,1,1,0,0,0,서울,강남구,차대사람,보도통행중,보도통행중,신호위반,교차로,교차로부근,승용차,보행자,958912,1946342,127.0350569,37.5154508
2017,20170929,주간,금,1,1,0,0,0,서울,강남구,차대차,추돌,추돌,과속,단일로,기타단일로,승용차,이륜차,960095,1941705,127.0486947,37.47370762
2017,20170930,야간,토,1,1,0,0,0,서울,강남구,차대차,기타,기타,안전운전 의무 불이행,단일로,교량위,승용차,이륜차,960749,1947669,127.0557725,37.52749152
2017,20171002,야간,월,1,1,0,0,0,서울,동대문구,차량단독,공작물충돌,공작물충돌,안전운전 의무 불이행,교차로,교차로내,이륜차,없음,961892,1952689,127.0684474,37.57278641
2017,20171002,야간,월,1,1,0,0,0,서울,서대문구,차대사람,횡단중,횡단중,보행자 보호의무 위반,단일로,기타단일로,승합차,보행자,950350,1954550,126.9376194,37.58900965
2017,20171004,야간,수,1,1,0,0,0,서울,강북구,차대차,측면충돌,측면충돌,안전운전 의무 불이행,단일로,기타단일로,승용차,승용차,957017,1958336,127.0129107,37.62346918
2017,20171006,야간,금,1,2,0,1,0,서울,용산구,차대사람,횡단중,횡단중,안전운전 의무 불이행,단일로,기타단일로,승용차,보행자,954493,1946851,126.9850227,37.51983114
2017,20171009,야간,월,1,1,0,0,0,서울,도봉구,차량단독,기타,기타,안전운전 의무 불이행,단일로,기타단일로,이륜차,없음,960407,1965213,127.0509524,37.68560495
2017,20171010,야간,화,1,1,0,0,0,서울,성북구,차대차,기타,기타,안전운전 의무 불이행,단일로,기타단일로,승용차,승용차,960502,1958054,127.0524173,37.62108386
2017,20171011,야간,수,1,1,0,0,0,서울,양천구,차대차,측면충돌,측면충돌,안전운전 의무 불이행,교차로,교차로부근,승용차,자전거,941373,1947211,126.8365304,37.52233518
2017,20171013,주간,금,1,1,0,0,0,서울,동대문구,차대사람,횡단중,횡단중,신호위반,기타,기타,화물차,보행자,961620,1954717,127.065261,37.59105404
2017,20171013,주간,금,1,1,0,0,0,서울,양천구,차대사람,횡단중,횡단중,보행자 보호의무 위반,단일로,기타단일로,승용차,보행자,944431,1946407,126.871196,37.51527798
2017,20171013,야간,금,1,1,0,0,0,서울,강북구,차대사람,기타,기타,기타(운전자법규위반),단일로,기타단일로,승합차,보행자,957709,1958044,127.0207692,37.62086944
2017,20171015,주간,일,1,1,0,0,0,서울,광진구,차대차,기타,기타,안전운전 의무 불이행,단일로,교량위,승용차,자전거,965769,1949343,127.1087102,37.54377699
2017,20171015,주간,일,1,2,1,0,0,서울,영등포구,차대사람,기타,기타,안전운전 의무 불이행,단일로,기타단일로,승용차,보행자,946972,1947698,126.8998546,37.52706351
2017,20171015,주간,일,1,1,0,0,0,서울,동대문구,차대사람,기타,기타,안전운전 의무 불이행,단일로,기타단일로,승용차,보행자,959854,1953464,127.0453264,37.57968507
2017,20171015,야간,일,1,1,0,0,0,서울,서초구,차대사람,횡단중,횡단중,안전운전 의무 불이행,단일로,기타단일로,승용차,보행자,960514,1940176,127.0535152,37.45994407
2017,20171016,야간,월,1,1,0,0,0,서울,은평구,차대차,측면충돌,측면충돌,신호위반,교차로,교차로횡단보도내,원동기장치자전거,승용차,949049,1956510,126.9227474,37.60660411
2017,20171017,야간,화,1,1,0,0,0,서울,마포구,차대사람,횡단중,횡단중,과속,단일로,기타단일로,승용차,보행자,947710,1951820,126.9079127,37.56425772
2017,20171017,야간,화,1,2,1,0,0,서울,동작구,차대차,측면충돌,측면충돌,신호위반,교차로,교차로내,승용차,원동기장치자전거,948222,1944303,126.91424,37.49653482
2017,20171020,주간,금,1,1,0,0,0,서울,성북구,차대사람,차도통행중,차도통행중,안전운전 의무 불이행,교차로,교차로횡단보도내,승용차,보행자,960409,1957437,127.0513969,37.61551871
2017,20171020,주간,금,2,2,0,0,0,서울,동대문구,차대사람,기타,기타,중앙선 침범,단일로,기타단일로,승용차,보행자,959661,1953328,127.0431481,37.57845082
2017,20171020,야간,금,1,2,0,1,0,서울,노원구,차대차,추돌,추돌,안전운전 의무 불이행,단일로,기타단일로,이륜차,승용차,960910,1963366,127.0567561,37.66897929
2017,20171023,야간,월,1,1,0,0,0,서울,동작구,차대사람,기타,기타,안전운전 의무 불이행,단일로,기타단일로,승용차,보행자,949391,1945824,126.9273595,37.51030874
2017,20171024,야간,화,1,1,0,0,0,서울,강남구,차대사람,횡단중,횡단중,과속,단일로,기타단일로,승용차,보행자,959865,1944132,127.0459612,37.4955732
2017,20171024,주간,화,1,1,0,0,0,서울,서대문구,차대사람,횡단중,횡단중,안전운전 의무 불이행,단일로,기타단일로,건설기계,보행자,951159,1954923,126.9467576,37.59241484
2017,20171025,야간,수,1,6,3,1,1,서울,서대문구,차대사람,기타,기타,안전운전 의무 불이행,교차로,교차로내,화물차,보행자,952966,1951496,126.967258,37.56171471
2017,20171030,야간,월,1,1,0,0,0,서울,광진구,차대사람,횡단중,횡단중,안전운전 의무 불이행,교차로,교차로내,화물차,보행자,963625,1950866,127.0881627,37.55642521
2017,20171030,주간,월,1,1,0,0,0,서울,강북구,차대사람,횡단중,횡단중,안전운전 의무 불이행,교차로,교차로부근,건설기계,보행자,959345,1958899,127.0392598,37.62864955
2017,20171030,주간,월,1,1,0,0,0,서울,은평구,차대사람,횡단중,횡단중,보행자 보호의무 위반,교차로,교차로내,승용차,보행자,950164,1959937,126.9351456,37.63755292
2017,20171030,주간,월,1,1,0,0,0,서울,강남구,차대차,측면충돌,측면충돌,안전운전 의무 불이행,단일로,기타단일로,승용차,승용차,960990,1946503,127.0585619,37.51699217
2017,20171031,야간,화,1,1,0,0,0,서울,동작구,차대사람,횡단중,횡단중,보행자 보호의무 위반,교차로,교차로부근,화물차,보행자,953984,1952006,126.9427228,37.49539269
2017,20171031,야간,화,1,1,0,0,0,서울,구로구,차대차,기타,기타,신호위반,교차로,교차로횡단보도내,승용차,자전거,942333,1944944,126.8475717,37.5019631
2017,20171102,주간,목,1,1,0,0,0,서울,중랑구,차대사람,차도통행중,차도통행중,안전운전 의무 불이행,단일로,기타단일로,승용차,보행자,963644,1956073,127.0881194,37.60335827
2017,20171103,야간,금,1,1,0,0,0,서울,노원구,차대차,기타,기타,안전운전 의무 불이행,단일로,지하차도(도로)내,승용차,이륜차,962137,1959011,127.0708947,37.62977834
2017,20171103,야간,금,1,1,0,0,0,서울,종로구,차대차,추돌,추돌,안전운전 의무 불이행,교차로,교차로내,승용차,기타,955155,1952469,126.9921705,37.57049996
2017,20171104,주간,토,1,1,0,0,0,서울,동대문구,차대사람,차도통행중,차도통행중,안전운전 의무 불이행,단일로,기타단일로,승용차,보행자,959789,1953228,127.0446032,37.5775551
2017,20171104,야간,토,1,1,0,0,0,서울,영등포구,차대사람,횡단중,횡단중,안전운전 의무 불이행,단일로,기타단일로,승용차,보행자,947584,1946849,126.9069213,37.5196162
2017,20171105,야간,일,1,1,0,0,0,서울,영등포구,차대사람,횡단중,횡단중,안전운전 의무 불이행,교차로,교차로부근,승용차,보행자,948423,1946681,126.9163469,37.51797943
2017,20171106,야간,월,1,1,0,0,0,서울,동대문구,차량단독,기타,기타,안전운전 의무 불이행,단일로,기타단일로,이륜차,없음,959100,1954476,127.0367307,37.58877327
2017,20171106,주간,월,1,1,0,0,0,서울,영등포구,차대사람,횡단중,횡단중,안전운전 의무 불이행,단일로,기타단일로,승합차,보행자,947084,1946315,126.9012217,37.51460477
2017,20171106,주간,월,1,1,0,0,0,서울,구로구,차대차,기타,기타,안전운전 의무 불이행,교차로,교차로내,승용차,자전거,940293,1943530,126.824608,37.48908893
2017,20171107,주간,화,1,1,0,0,0,서울,구로구,차대사람,횡단중,횡단중,안전운전 의무 불이행,단일로,기타단일로,승합차,보행자,945623,1943361,126.8849089,37.48789498
2017,20171108,야간,수,1,1,0,0,0,서울,용산구,차량단독,공작물충돌,공작물충돌,안전운전 의무 불이행,단일로,기타단일로,승용차,없음,951708,1947518,126.9534638,37.52570134
2017,20171108,야간,수,1,1,0,0,0,서울,성북구,차대차,측면충돌,측면충돌,중앙선 침범,교차로,교차로횡단보도내,자전거,화물차,961190,1957126,127.0602626,37.61274891
2017,20171108,주간,수,1,1,0,0,0,서울,송파구,차대사람,횡단중,횡단중,안전운전 의무 불이행,단일로,기타단일로,건설기계,보행자,966981,1942338,127.1265418,37.47968495
2017,20171109,주간,목,1,1,0,0,0,서울,동작구,차대사람,차도통행중,차도통행중,안전운전 의무 불이행,단일로,기타단일로,건설기계,보행자,954193,1942737,126.9818842,37.48273559
2017,20171109,야간,목,1,1,0,0,0,서울,송파구,차대사람,횡단중,횡단중,안전운전 의무 불이행,단일로,기타단일로,승합차,보행자,965141,1945371,127.1055874,37.50695518
2017,20171109,야간,목,1,1,0,0,0,서울,송파구,차대사람,횡단중,횡단중,안전운전 의무 불이행,교차로,교차로횡단보도내,승용차,보행자,965258,1945244,127.1069171,37.50581488
2017,20171113,야간,월,1,1,0,0,0,서울,강남구,차대차,측면충돌,측면충돌,신호위반,교차로,교차로내,승합차,이륜차,960395,1946386,127.0518354,37.51591225
2017,20171114,주간,화,2,2,0,0,0,서울,성동구,차량단독,공작물충돌,공작물충돌,안전운전 의무 불이행,단일로,기타단일로,원동기장치자전거,없음,961129,1949480,127.0599772,37.54383079
2017,20171116,주간,목,1,1,0,0,0,서울,은평구,차대사람,횡단중,횡단중,안전운전 의무 불이행,단일로,기타단일로,승합차,보행자,945652,1954633,126.8844022,37.5894922
2017,20171121,야간,화,1,1,0,0,0,서울,용산구,차대사람,기타,기타,안전운전 의무 불이행,단일로,기타단일로,승용차,보행자,953230,1948206,126.9706443,37.5319809
2017,20171121,야간,화,1,1,0,0,0,서울,성북구,차대사람,횡단중,횡단중,안전운전 의무 불이행,교차로,교차로내,승용차,보행자,956821,1956482,127.0107992,37.60674959
2017,20171123,야간,목,1,1,0,0,0,서울,관악구,차대사람,차도통행중,차도통행중,안전운전 의무 불이행,단일로,기타단일로,승용차,보행자,947462,1942505,126.905771,37.48028615
2017,20171124,주간,금,1,2,0,1,0,서울,구로구,차대사람,기타,기타,신호위반,교차로,교차로내,화물차,보행자,941617,1943339,126.839599,37.4874521
2017,20171127,야간,월,1,2,1,0,0,서울,종로구,차량단독,공작물충돌,공작물충돌,안전운전 의무 불이행,단일로,기타단일로,승용차,없음,954787,1952774,126.9879846,37.57323099
2017,20171130,야간,목,1,1,0,0,0,서울,동작구,차대사람,차도통행중,차도통행중,안전운전 의무 불이행,교차로,교차로내,화물차,보행자,952343,1945450,126.9607842,37.50709499
2017,20171130,야간,목,1,1,0,0,0,서울,노원구,차대사람,보도통행중,보도통행중,안전운전 의무 불이행,교차로,교차로내,승합차,보행자,962856,1957763,127.0791064,37.61855918
2017,20171130,야간,목,1,1,0,0,0,서울,은평구,차대사람,횡단중,횡단중,안전운전 의무 불이행,단일로,기타단일로,승합차,보행자,949754,1956835,126.930712,37.60957215
2017,20171201,야간,금,1,1,0,0,0,서울,강서구,차대사람,횡단중,횡단중,보행자 보호의무 위반,교차로,교차로횡단보도내,화물차,보행자,941162,1949185,126.8339845,37.54011342
2017,20171202,야간,토,1,1,0,0,0,서울,성북구,차대사람,횡단중,횡단중,안전운전 의무 불이행,교차로,교차로부근,화물차,보행자,959060,1954916,127.036253,37.59273731
2017,20171203,야간,일,1,2,1,0,0,서울,용산구,차대사람,횡단중,횡단중,과속,단일로,기타단일로,승용차,보행자,954901,1946818,126.9896417,37.51955374
2017,20171204,야간,월,1,1,0,0,0,서울,종로구,차대사람,기타,기타,안전운전 의무 불이행,단일로,기타단일로,승용차,보행자,957352,1952764,127.0170316,37.57326326
2017,20171204,주간,월,1,1,0,0,0,서울,동대문구,차대사람,기타,기타,안전운전 의무 불이행,단일로,기타단일로,화물차,보행자,961413,1955971,127.0628502,37.60234801
2017,20171204,주간,월,1,1,0,0,0,서울,은평구,차대사람,차도통행중,차도통행중,안전운전 의무 불이행,단일로,기타단일로,승합차,보행자,948408,1956382,126.9154945,37.6054147
2017,20171204,주간,월,1,1,0,0,0,서울,강동구,차대사람,기타,기타,안전운전 의무 불이행,단일로,기타단일로,화물차,보행자,969542,1950703,127.1551605,37.55517069
2017,20171207,주간,목,1,1,0,0,0,서울,송파구,차대사람,횡단중,횡단중,신호위반,교차로,교차로횡단보도내,건설기계,보행자,965739,1946545,127.1122986,37.51755935
2017,20171207,주간,목,1,1,0,0,0,서울,강동구,차대사람,기타,기타,안전운전 의무 불이행,단일로,기타단일로,승용차,보행자,968319,1951020,127.1413004,37.55798669
2017,20171209,야간,토,1,1,0,0,0,서울,동작구,차대사람,횡단중,횡단중,안전운전 의무 불이행,단일로,기타단일로,승용차,보행자,951479,1946103,126.9507302,37.51280562
2017,20171210,야간,일,1,1,0,0,0,서울,구로구,차대사람,횡단중,횡단중,안전운전 의무 불이행,교차로,교차로내,승용차,보행자,942263,1944906,126.8467828,37.50161622
2017,20171212,야간,화,1,1,0,0,0,서울,동대문구,차대차,측면충돌,측면충돌,안전운전 의무 불이행,교차로,교차로부근,이륜차,화물차,957891,1952985,127.0231226,37.57528
2017,20171213,야간,수,1,1,0,0,0,서울,중랑구,차대사람,횡단중,횡단중,안전운전 의무 불이행,단일로,기타단일로,승용차,보행자,963109,1954784,127.0821234,37.59171885
2017,20171214,주간,목,1,1,0,0,0,서울,동작구,차대차,측면충돌,측면충돌,안전운전 의무 불이행,교차로,교차로횡단보도내,자전거,승합차,950412,1945183,126.9389548,37.50458671
2017,20171214,야간,목,1,1,0,0,0,서울,관악구,차대사람,차도통행중,차도통행중,안전운전 의무 불이행,교차로,교차로내,승용차,보행자,950075,1943136,126.9352811,37.48611845
2017,20171215,주간,금,1,1,0,0,0,서울,동작구,차대차,기타,기타,안전운전 의무 불이행,단일로,기타단일로,원동기장치자전거,화물차,950498,1944958,126.9399429,37.50256335
2017,20171216,주간,토,1,1,0,0,0,서울,송파구,차대차,기타,기타,안전운전 의무 불이행,단일로,기타단일로,이륜차,승용차,966573,1948370,127.121653,37.53403947
2017,20171217,야간,일,1,3,0,2,0,서울,서초구,차대사람,차도통행중,차도통행중,과속,단일로,기타단일로,승용차,보행자,959378,1940491,127.040653,37.46273408
2017,20171218,야간,월,1,1,0,0,0,서울,강북구,차대사람,횡단중,횡단중,안전운전 의무 불이행,단일로,기타단일로,승용차,보행자,957448,1959239,127.0177421,37.63162811
2017,20171218,주간,월,1,2,1,0,0,서울,관악구,차대사람,기타,기타,안전운전 의무 불이행,단일로,기타단일로,승용차,보행자,951562,1943316,126.9520885,37.48782003
2017,20171219,야간,화,1,1,0,0,0,서울,관악구,차대차,기타,기타,안전운전 의무 불이행,단일로,기타단일로,이륜차,화물차,952139,1941706,126.9587197,37.47333872
2017,20171222,주간,금,1,1,0,0,0,서울,광진구,차대차,기타,기타,안전운전 의무 불이행,기타,기타,원동기장치자전거,건설기계,963798,1949349,127.0901962,37.54275876
2017,20171222,야간,금,1,1,0,0,0,서울,성동구,차대차,측면충돌,측면충돌,중앙선 침범,단일로,기타단일로,이륜차,승용차,958864,1950827,127.0342625,37.55587337
2017,20171223,주간,토,1,1,0,0,0,서울,노원구,차대차,기타,기타,안전운전 의무 불이행,교차로,교차로내,승용차,원동기장치자전거,962003,1960079,127.0693205,37.63939891
2017,20171227,야간,수,1,1,0,0,0,서울,동대문구,차량단독,공작물충돌,공작물충돌,안전운전 의무 불이행,단일로,기타단일로,승용차,없음,958304,1953651,127.0277617,37.58130162
2017,20171227,주간,수,1,6,1,4,0,서울,종로구,차대차,추돌,추돌,안전운전 의무 불이행,단일로,기타단일로,승용차,자전거,956816,1952587,127.0109723,37.57164293
2017,20171227,야간,수,1,1,0,0,0,서울,은평구,차대사람,횡단중,횡단중,신호위반,단일로,기타단일로,화물차,보행자,948437,1954788,126.9159353,37.59104953
2017,20171227,야간,수,1,1,0,0,0,서울,송파구,차대사람,횡단중,횡단중,과속,단일로,기타단일로,승용차,보행자,962356,1945860,127.0740522,37.51125332
2017,20171228,야간,목,1,1,0,0,0,서울,동대문구,차대사람,기타,기타,안전운전 의무 불이행,단일로,기타단일로,화물차,보행자,957912,1952943,127.0233629,37.57490241
2017,20171229,야간,금,1,1,0,0,0,서울,서초구,차대차,기타,기타,안전거리 미확보,단일로,기타단일로,건설기계,이륜차,954443,1941206,126.9848065,37.46894854
